,Unnamed: 0,time,Med,Bri,Fen,EurArc,AmeArc,GIS,NLau,SLau,GulofMex,Med d18O (-35.0),Med d18O (-40.0),Med d18O (-30.0),Bri d18O (-35.0),Bri d18O (-40.0),Bri d18O (-30.0),Fen d18O (-35.0),Fen d18O (-40.0),Fen d18O (-30.0),EurArc d18O (-35.0),EurArc d18O (-40.0),EurArc d18O (-30.0),AmeArc d18O (-35.0),AmeArc d18O (-40.0),AmeArc d18O (-30.0),GIS d18O (-35.0),GIS d18O (-40.0),GIS d18O (-30.0),NLau d18O (-35.0),NLau d18O (-40.0),NLau d18O (-30.0),SLau d18O (-35.0),SLau d18O (-40.0),SLau d18O (-30.0),GulofMex d18O (-35.0),GulofMex d18O (-40.0),GulofMex d18O (-30.0)
0,0,-26000,1.388262788105959e-06,0.002492272803434,0.0011194368639658,0.0010999335903042,0.0011880890399451,3.1459743953786736e-05,0.0010774019982043,0.0021337715527191,0.0008797371617624,-8.583430475132586e-05,-9.809634828722956e-05,-7.357226121542217e-05,-0.5507753771362836,-0.6294575738700384,-0.4720931804025288,-0.20993752069112484,-0.23992859507557127,-0.17994644630667844,-0.17207591616794285,-0.1966581899062204,-0.1474936424296653,-0.09774854172118012,-0.11171261910992016,-0.08378446433244012,-0.007735110432017364,-0.008840126208019845,-0.0066300946560148835,-0.08946269902781565,-0.10224308460321789,-0.07668231345241343,-0.14821930039754375,-0.16939348616862143,-0.12704511462646606,-0.08162205500710727,-0.09328234857955116,-0.06996176143466337
1,1,-25900,4.119827215817051e-06,0.0014627870616063,0.0008166396079239,0.0009860050087235,0.0013146080405383,4.425549673012095e-05,0.0020341647025851,0.0014145359949353,0.0017059454043356,-0.00025472180154642696,-0.0002911106303387737,-0.00021833297275408029,-0.3253810782765867,-0.3718640894589562,-0.27889806709421716,-0.15340026067026444,-0.17531458362315935,-0.13148593771736952,-0.15433128098236312,-0.17637860683698642,-0.13228395512773983,-0.1081255773181611,-0.12357208836361268,-0.09267906627270951,-0.010880266114391792,-0.012434589845019191,-0.009325942383764392,-0.16852551390572942,-0.19260058732083363,-0.14445044049062522,-0.09839912046981636,-0.11245613767979011,-0.08434210325984258,-0.15793179830361387,-0.1804934837755587,-0.13537011283166903
2,2,-25800,3.704631432028915e-06,0.0008932837207953,0.0011811714773327,0.0007970314964362,0.0008008905635305,8.806970009411004e-05,0.0024430090404301,0.0004208104313189,0.0003338402850593,-0.00022905113130285626,-0.0002617727214889786,-0.00019632954111673394,-0.19942304830459817,-0.22791205520525507,-0.17093404140394128,-0.22144188749691082,-0.25307644285361236,-0.18980733214020923,-0.12485832394304369,-0.14269522736347848,-0.10702142052260886,-0.0659522991322004,-0.07537405615108617,-0.056530542113314625,-0.021645378044856313,-0.024737574908407212,-0.01855318118130541,-0.20220157256545596,-0.23108751150337825,-0.1733156336275337,-0.029330691824189518,-0.03352079065621659,-0.025140592992162446,-0.031018604137291572,-0.03544983329976179,-0.026587374974821346
3,3,-25700,3.75677406758575e-06,0.001843018647844,0.0009665798328948,0.0005825948507767,0.0010865982496547,9.831898997606032e-05,0.0024247519625609,0.0002591843671434,0.0004246957147973,-0.00023227500137508366,-0.00026545714442866703,-0.00019909285832150027,-0.40897117156928703,-0.4673956246506138,-0.3505467184879603,-0.18141953173741612,-0.20733660769990414,-0.1555024557749281,-0.09135360440725704,-0.10440411932257948,-0.07830308949193462,-0.08941984681416774,-0.10219411064476314,-0.07664558298357235,-0.02416266375547886,-0.02761447286340441,-0.020710854647553307,-0.2006991461972945,-0.22937045279690801,-0.172027839597681,-0.018071093030677787,-0.02065267774934604,-0.01548950831200953,-0.039450875916696986,-0.04508671533336798,-0.033815036500025986
4,4,-25600,1.6088215832368986e-06,0.0023011322953809,0.0012055305148972,0.0009758914960791,0.0012722869046915,3.979881026538567e-05,0.0020250412411726,0.0006954673137373,0.0004566458984674,-9.947110118144091e-05,-0.00011368125849307532,-8.526094386980648e-05,-0.5091491031433032,-0.5818846893066323,-0.4364135169799742,-0.22597914904213826,-0.2582618846195866,-0.19369641346468994,-0.15275520459149397,-0.1745773766759931,-0.1309330325069948,-0.10465510231218833,-0.11960583121392952,-0.08970437341044714,-0.009784890803810425,-0.011182732347211915,-0.008387049260408936,-0.16777328090907773,-0.1917408924675174,-0.14380566935063804,-0.048447910940276354,-0.055369041074601555,-0.041526780805951166,-0.042415198794694395,-0.04847451290822216,-0.03635588468116662
5,5,-25500,2.6285240928276946e-07,0.0044068967873389,0.0012727442757977,0.0010131881567737,0.0031307266554516,9.946114883904196e-06,0.0020891857746786,0.0025837018675511,0.0032784885715574,-1.625182123354079e-05,-1.857350998118947e-05,-1.3930132485892103e-05,-0.9622613995488317,-1.0997273137700934,-0.8247954853275701,-0.23849265237721406,-0.27256303128824466,-0.2044222734661835,-0.15856676022665536,-0.18121915454474902,-0.13591436590856176,-0.25640574388870646,-0.2930351358728074,-0.21977635190460554,-0.00244585353636807,-0.0027952611844206513,-0.0020964458883154886,-0.17306133431969628,-0.1977843820796529,-0.14833828655973968,-0.1793129274788111,-0.20492905997578412,-0.15369679498183808,-0.3022563502573175,-0.3454358288655057,-0.2590768716491293
6,6,-25400,1.0536234758065542e-06,0.0165799014951952,0.0018064194510541,0.0011378512623512,0.0029915545126448,1.4419761195908436e-05,0.0011808688972957,0.0021955632011906,0.0039113410559454,-6.514407268731637e-05,-7.445036878550442e-05,-5.583777658912831e-05,-3.364749313073251,-3.84542778636943,-2.8840708397770727,-0.33753075360789836,-0.385749432694741,-0.28931207452105573,-0.17797767198640932,-0.2034030536987535,-0.1525522902740651,-0.24508739519763342,-0.28009988022586674,-0.21007491016940008,-0.0035458584383333703,-0.004052409643809565,-0.0030393072328571747,-0.09803006953308802,-0.11203436518067202,-0.08402577388550402,-0.15249286517209698,-0.17427756019668225,-0.13070817014751168,-0.3600013085197854,-0.4114300668797548,-0.30857255015981605
7,7,-25300,3.742018844065669e-06,0.0122806655213599,0.0015588738564998,0.0011818563276915,0.0024258034726531,1.7823662672242474e-05,0.0015053977238216,0.0007266243394729,0.0035375564440651,-0.00023136271683354298,-0.00026441453352404914,-0.00019831090014303684,-2.5559723571628012,-2.9211112653289155,-2.190833448996687,-0.29166212855413975,-0.33332814691901685,-0.24999611018926265,-0.18482440261749206,-0.21122788870570522,-0.15842091652927892,-0.19900096354506505,-0.22742967262293146,-0.1705722544671986,-0.004382782240770251,-0.005008893989451715,-0.003756670492088787,-0.12487477463658242,-0.1427140281560942,-0.10703552111707064,-0.050615244796848834,-0.057845994053541516,-0.04338449554015614,-0.32591839335922385,-0.37247816383911303,-0.2793586228793347
8,8,-25200,2.556521206264964e-07,0.0084372952780711,0.0017991696643016,0.0013526533159291,0.0044162615927456,1.5610635074669886e-05,0.0023434745843295,0.0032291160912451,0.006124145891818,-1.5806636989106536e-05,-1.806472798755033e-05,-1.3548545990662746e-05,-1.79712554881203,-2.0538577700708913,-1.5403933275531685,-0.3361891375664917,-0.3842161572188476,-0.2881621179141357,-0.21137315257394423,-0.24156931722736483,-0.1811769879205236,-0.360605985135873,-0.4121211258695691,-0.3090908444021769,-0.0038386654417505,-0.0043870462191434294,-0.003290284664357572,-0.19400902708054465,-0.22172460237776534,-0.16629345178332403,-0.22381923601120515,-0.25579341258423444,-0.19184505943817584,-0.5604076511860094,-0.6404658870697251,-0.48034941530229375
9,9,-25100,2.8897747088269807e-06,0.0090889070492717,0.0012315379054755,0.0043601567097142,0.0044703066835209,5.17139400776906e-06,0.0031210588139229,0.0069063997309219,0.0143612394972812,-0.0001786701676543845,-0.0002041944773192966,-0.00015314585798947242,-1.9282709145329904,-2.2037381880377036,-1.6528036410282776,-0.23082213620946454,-0.2637967270965309,-0.19784754532239818,-0.6723147730586875,-0.7683597406385,-0.576269805478875,-0.3649729719169733,-0.4171119679051124,-0.3128339759288343,-0.0012717424647906799,-0.0014534199597607772,-0.0010900649698205827,-0.2579084667263225,-0.2947525334015115,-0.2210644000511336,-0.4752413574705094,-0.5431329799662965,-0.4073497349747223,-1.286461484363402,-1.4702416964153167,-1.1026812723114876
10,10,-25000,8.28590982382986e-07,0.0064665979585718,0.0010636297164528,0.0041882463174084,0.0041754431255517,9.65059511500272e-06,0.0018437565041796,0.0048210165775275,0.0129890668223522,-5.123064726773572e-05,-5.854931116312654e-05,-4.3911983372344905e-05,-1.3940906031903815,-1.5932464036461502,-1.1949348027346127,-0.19953119690736043,-0.22803565360841194,-0.17102674020630895,-0.6462965156803933,-0.7386245893490208,-0.5539684420117656,-0.34113382041133616,-0.38986722332724133,-0.29240041749543105,-0.002373187066022796,-0.0027122137897403384,-0.0020341603423052537,-0.15281954294949673,-0.17465090622799626,-0.13098817967099718,-0.33310825447552367,-0.380695147972027,-0.2855213609790203,-1.1676446933352111,-1.334451078097384,-1.000838308573038
11,11,-24900,6.17182342742397e-07,0.0032206369159666,0.0010336468672179,0.0046059427035957,0.0040255325625188,4.166687812215666e-05,0.0014353685912287,0.0014126399773055,0.0029855953527392,-3.8159554450241516e-05,-4.361091937170459e-05,-3.270818952877845e-05,-0.7084806307797197,-0.8096921494625369,-0.6072691120969026,-0.19393774260199556,-0.22164313440228062,-0.1662323508017105,-0.7094455596442453,-0.8107949253077089,-0.6080961939807816,-0.32900125200079744,-0.37600143085805426,-0.28200107314354067,-0.01024403744402069,-0.011707471364595073,-0.008780603523446305,-0.11908552832794145,-0.1360977466605045,-0.10207330999537839,-0.09826759843340295,-0.11230582678103194,-0.08422937008577396,-0.2754659341310291,-0.3148182104354618,-0.23611365782659635
12,12,-24800,2.6963714827724286e-06,0.0029833149085685,0.0007494582935635,0.0023719118495262,0.0039590176668847,4.110171053416407e-06,0.0010973319227018,0.0003970336519329,0.0018337373857057,-0.00016671241118157356,-0.00019052846992179836,-0.00014289635244134875,-0.6572545423737806,-0.7511480484271779,-0.5633610363203834,-0.14083148040986623,-0.16095026332556145,-0.12071269749417107,-0.36896910347950845,-0.4216789754051525,-0.3162592315538644,-0.3236153445290625,-0.3698461080332142,-0.27738458102491065,-0.0010107754377054786,-0.0011551719288062615,-0.000866378946604696,-0.0911132837755743,-0.10412946717208493,-0.07809710037906369,-0.027674749133309154,-0.03162828472378189,-0.023721213542836416,-0.16970506992151066,-0.19394865133886932,-0.14546148850415197
13,13,-24700,1.2263179018578428e-06,0.0015969672915445,0.0003706071429769,0.0022482431098398,0.0041956488216877,4.0800298132673926e-05,0.0011540951354315,0.0001831575197576,0.0011527107423414,-7.582150549938415e-05,-8.665314914215331e-05,-6.498986185661498e-05,-0.35492534208958954,-0.4056289623881023,-0.30422172179107676,-0.06978310968497009,-0.07975212535425154,-0.05981409401568865,-0.3499238156447348,-0.39991293216541124,-0.2999346991240584,-0.34276845937468975,-0.3917353821425026,-0.29380153660687697,-0.010031044918032682,-0.011464051334894493,-0.00859803850117087,-0.09581352480784493,-0.10950117120896562,-0.08212587840672422,-0.012772212981423487,-0.014596814835912558,-0.010947611126934419,-0.10687122302966641,-0.12213854060533305,-0.09160390545399978
14,14,-24600,1.717439754543006e-06,0.002162149143127,0.0004344453439603,0.0025083188158268,0.0087966533232896,4.571997844552459e-06,0.001128149069968,0.0002544407838022,0.0017748094261261,-0.00010618678453703812,-0.00012135632518518643,-9.101724388888984e-05,-0.4788183522768162,-0.5472209740306471,-0.41041573052298536,-0.08177537650921413,-0.09345757315338757,-0.07009317986504068,-0.38995184186211096,-0.44565924784241256,-0.3342444358818094,-0.711016921016731,-0.8125907668762639,-0.609443075157198,-0.0011243444778362257,-0.001284965117527115,-0.0009637238381453362,-0.09366523473549872,-0.10704598255485569,-0.08028448691614176,-0.017740524150910698,-0.02027488474389794,-0.015206163557923456,-0.16427711960244368,-0.18774527954564993,-0.14080895965923743
15,15,-24500,1.7375073387597206e-06,0.0028320842259261,0.000742131821808,0.0024183597193743,0.006544503238155,7.861300075899428e-06,0.0032018404229086,0.000395298918632,0.0019484202768703,-0.00010742753006841989,-0.00012277432007819417,-9.208074005864562e-05,-0.6245314006637791,-0.7137501721871761,-0.5353126291403821,-0.13946024121892522,-0.15938313282162883,-0.11953734961622163,-0.3761167816151101,-0.4298477504172687,-0.3223858128129515,-0.5317455107473126,-0.6077091551397857,-0.4557818663548393,-0.001933204116795969,-0.0022093761334811076,-0.0016570321001108306,-0.2645333958867459,-0.3023238810134239,-0.22674291076006792,-0.027553926845580393,-0.031490202109234734,-0.02361765158192605,-0.18026384994793224,-0.20601582851192257,-0.1545118713839419
16,16,-24400,4.668939049746168e-06,0.0047121071195195,0.0011774499899608,0.0019597589816712,0.0045711913131199,3.875181498449856e-06,0.0027091186441153,0.0006488279832252,0.0022719161242588,-0.00028867215786943987,-0.0003299110375650741,-0.0002474332781738056,-1.026949725837383,-1.1736568295284378,-0.8802426221463283,-0.22074859650298942,-0.2522841102891308,-0.18921308271684806,-0.30541502370925205,-0.3490457413820024,-0.26178430603650177,-0.37312177239561206,-0.4264248827378424,-0.3198186620533818,-0.0009529882556406245,-0.0010891294350178567,-0.0008168470762633924,-0.22408576448191486,-0.2560980165507598,-0.19207351241306989,-0.04520310014545072,-0.0516606858805151,-0.038745514410386324,-0.21001343608849557,-0.2400153555297092,-0.18001151664728193
17,17,-24300,3.1002839985067302e-06,0.0035481714845321,0.0006036646626936,0.0022223627571713,0.0029218293969278,1.7445333767301147e-05,0.0017215116583745,8.566193521604368e-05,0.0006971185416987,-0.0001916855504714978,-0.00021906920053885466,-0.00016430190040414097,-0.7789286708219526,-0.8902041952250888,-0.6676531464188166,-0.11352410990051365,-0.1297418398863013,-0.09730637991472597,-0.34593552724740584,-0.39535488828274956,-0.29651616621206217,-0.2394141397092022,-0.2736161596676597,-0.20521211975074474,-0.004289763762600506,-0.00490258715725772,-0.00367694036794329,-0.1427286120660872,-0.16311841378981395,-0.12233881034236045,-0.005974666231830031,-0.0068281899792343205,-0.00512114248442574,-0.06471001676575042,-0.07395430487514333,-0.055465728656357495
18,18,-24200,2.2694212555830977e-07,0.0028642583050408,0.0003791548017377,0.0014193405135432,0.003316534723362,4.801629432140381e-05,0.0009280221033878,0.000643819359346,0.0003482217603864,-1.4031536172584909e-05,-1.603604134009704e-05,-1.202703100507278e-05,-0.631498416423776,-0.7217124759128869,-0.5412843569346651,-0.0713892999022494,-0.08158777131685646,-0.06119082848764235,-0.22172804867570275,-0.25340348420080316,-0.19005261315060235,-0.27150533131161614,-0.3102918072132756,-0.23271885540995668,-0.011804550800469197,-0.013490915200536226,-0.01011818640040217,-0.07708617193076668,-0.08809848220659049,-0.06607386165494286,-0.04485460226831985,-0.051262402592365544,-0.03844680194427416,-0.03235361655573658,-0.03697556177798467,-0.027731671333488504
19,19,-24100,1.938857455787449e-06,0.001674146822775,0.00046418593418,0.0009145582545496,0.0016483159149664,8.721474805523758e-05,0.0049236192525615,0.0016122418912548,0.0010127375429972,-0.00011987666981194774,-0.0001370019083565117,-0.00010275143126738378,-0.371896199760391,-0.4250242282975898,-0.31876817122319234,-0.08735945663020141,-0.09983937900594446,-0.07487953425445835,-0.14319405869890436,-0.16365035279874782,-0.12273776459906087,-0.13546657909059,-0.15481894753210287,-0.11611421064907716,-0.021435380435979638,-0.024497577641119584,-0.01837318323083969,-0.40513871057487194,-0.46301566922842513,-0.3472617519213188,-0.11210804922501508,-0.12812348482858865,-0.0960926136214415,-0.09392872060044985,-0.10734710925765698,-0.08051033194324272
20,20,-24000,5.209235500590323e-06,0.0021212446179758,0.0008158238681451,0.0010024683732622,0.0027437312739842,4.561741302402479e-05,0.0218627843264856,0.0007737250964324,0.0002468220606717,-0.0003220774144892052,-0.0003680884737019488,-0.0002760663552764616,-0.46988146005836556,-0.5370073829238464,-0.40275553719288476,-0.15324770036028063,-0.17514022898317788,-0.13135517173738342,-0.15689660495615299,-0.17931040566417483,-0.13448280424813114,-0.22491459234277733,-0.25704524839174553,-0.19278393629380916,-0.0112149875544082,-0.012817128633609372,-0.00961284647520703,-1.7300751840023874,-1.977228781717014,-1.4829215862877605,-0.05389114051435424,-0.061589874873547695,-0.04619240615516078,-0.022938648069161554,-0.026215597793327487,-0.019661698344995617
21,21,-23900,-8.881405780232795e-22,0.0023896855713821,0.0007796869072306,0.0010519358847843,0.0027908904317255,8.212461053576015e-05,0.0105103747218861,0.0007739647920069,0.000657930803778,5.491259770409392e-20,6.275725451896448e-20,4.706794088922336e-20,-0.5284465937505384,-0.6039389642863294,-0.4529542232147471,-0.1464879962380149,-0.16741485284344557,-0.1255611396325842,-0.1646023681318943,-0.18811699215073632,-0.14108774411305225,-0.22875515004474042,-0.26143445719398906,-0.1960758428954918,-0.02018506312500286,-0.023068643571431836,-0.01730148267857388,-0.853631455664133,-0.9755788064732948,-0.731684104854971,-0.05390780996473467,-0.061608925673982476,-0.04620669425548685,-0.06107876366546791,-0.06980430133196333,-0.0523532259989725
22,22,-23800,5.26503050440081e-07,0.0021678574887105,0.000450325203785,0.0012235824468465,0.0077192398877313,3.1266108978795845e-05,0.0082980906888375,0.0011117228498179,0.0064154367693634,-3.255298094007313e-05,-3.720340678865501e-05,-2.7902555091491254e-05,-0.48006515378903303,-0.5486458900446092,-0.4114844175334569,-0.08475719423330647,-0.09686536483806453,-0.0726490236285484,-0.191314066505607,-0.2186446474349794,-0.16398348557623457,-0.6254879308265352,-0.7148433495160403,-0.5361325121370303,-0.00768751122274351,-0.00878572711170687,-0.006589295333780151,-0.6774318930134288,-0.7742078777296328,-0.5806559082972247,-0.07738115389896821,-0.08843560445596368,-0.06632670334197276,-0.5866163068008593,-0.6704186363438392,-0.5028139772578795
23,23,-23700,7.446614273692005e-06,0.0010452012109516,0.0004642077647973,0.0019838819903451,0.0116669483692475,4.69367259296882e-05,0.0075999853063224,0.0037207174153642,0.021779611637652,-0.00046040859400990505,-0.0005261812502970344,-0.00039463593772277574,-0.23311230880329084,-0.266414067203761,-0.19981055040282075,-0.08736355488131746,-0.09984406272150566,-0.07488304704112925,-0.3091412241493038,-0.3533042561706329,-0.2649781921279747,-0.9368077522055437,-1.07063743109205,-0.8029780733190375,-0.011539232150566492,-0.013187693886361705,-0.009890770414771278,-0.6214525331829175,-0.7102314664947629,-0.5326735998710722,-0.257642696025339,-0.2944487954575303,-0.22083659659314772,-1.914637473978419,-2.1881571131181934,-1.6411178348386448
24,24,-23600,1.5351424254952665e-06,0.0031067320765268,0.0006411619943175,0.0020775511810629,0.0173192793840237,1.451006028675492e-05,0.0050328344567992,0.0065376363106834,0.039305807835668,-9.491563825388316e-05,-0.00010847501514729503,-8.135626136047128e-05,-0.68391329264994,-0.7816151915999315,-0.5862113936999487,-0.12055150352446772,-0.13777314688510597,-0.10332986016382949,-0.32360240591692846,-0.3698313210479182,-0.2773734907859387,-1.3728641088633515,-1.5689875529866877,-1.1767406647400156,-0.0035680609663423972,-0.004077783961534168,-0.003058337971150626,-0.4140191495642658,-0.47316474235916095,-0.35487355676937066,-0.4501924990119543,-0.5145057131565193,-0.3858792848673894,-3.3096653119503516,-3.7824746422289737,-2.8368559816717305
25,25,-23500,1.565020104420745e-06,0.0042164001900347,0.0011076545040518,0.0026537457155657,0.024636904792743,4.154484324273183e-06,0.007392160534013,0.0178412151740755,0.0495872294660611,-9.676292686859894e-05,-0.00011058620213554165,-8.293965160165623e-05,-0.9217612613723188,-1.0534414415683642,-0.7900810811762732,-0.20774098973691507,-0.23741827398504578,-0.17806370548878434,-0.4122940811676982,-0.4711932356202265,-0.3533949267151699,-1.9210794591403353,-2.195519381874669,-1.6466395364060018,-0.0010216726625880625,-0.0011676259001006427,-0.000875719425075482,-0.604752285178353,-0.6911454687752606,-0.5183591015814455,-1.201847215154248,-1.3735396744619979,-1.0301547558464985,-4.074605924396398,-4.656692485024454,-3.4925193637683405
26,26,-23400,1.250427379855028e-06,0.0134834666605469,0.0019533587764685,0.0036906484313288,0.0320909938527755,-1.0658162654782694e-20,0.0087382469783393,0.0315564677223181,0.0632102624664454,-7.731215721199518e-05,-8.835675109942306e-05,-6.62675633245673e-05,-2.7863814151127437,-3.1844359029859928,-2.3883269272394942,-0.36470038174295494,-0.4168004362776628,-0.3126003272082471,-0.5707633868533277,-0.6523010135466603,-0.4892257601599952,-2.461440511201862,-2.8130748699449852,-2.109806152458739,2.6211366895532685e-18,2.9955847880608787e-18,2.246688591045659e-18,-0.7126333355958973,-0.8144380978238825,-0.610828573367912,-2.071083868426026,-2.366952992486887,-1.7752147443651651,-5.033044222847696,-5.7520505403973665,-4.314037905298025
27,27,-23300,2.014365865487629e-07,0.0102431014917223,0.0010247572579161,0.0034329975254051,0.0300126077838255,1.5447796775650911e-06,0.0085347012772897,0.0138937598330432,0.0576267697178512,-1.245456246185166e-05,-1.4233785670687613e-05,-1.067533925301571e-05,-2.158042519326413,-2.4663343078016147,-1.8497507308512111,-0.19227899479161845,-0.21974742261899252,-0.1648105669642444,-0.5315224687035233,-0.6074542499468837,-0.45559068746016274,-2.312557447154648,-2.6429227967481688,-1.9821920975611267,-0.0003798998825075909,-0.0004341712942943896,-0.0003256284707207922,-0.696363773391888,-0.795844312447872,-0.5968832343359041,-0.9430979339926937,-1.0778262102773641,-0.8083696577080232,-4.647498801659343,-5.311427201896391,-3.9835704014222935
28,28,-23200,1.7156361406184742e-06,0.0030965964656064,0.0002718743377788,0.0019922419196705,0.0241850571575808,4.0007727714490086e-05,0.0099297699874838,0.0039276535267958,0.0378141900818172,-0.00010607527006775797,-0.0001212288800774377,-9.092166005807826e-05,-0.6817255079874939,-0.7791148662714216,-0.5843361497035661,-0.051219518698299535,-0.05853659279805661,-0.043902444598542464,-0.310432367716644,-0.3547798488190217,-0.26608488661426627,-1.8877466520606856,-2.157424745212212,-1.618068558909159,-0.009836240578101112,-0.011241417803544127,-0.008431063352658096,-0.8075639410732223,-0.9229302183693969,-0.6921976637770477,-0.2718607743225746,-0.31069802779722816,-0.23302352084792108,-3.195533960508484,-3.652038812009696,-2.739029109007272
29,29,-23100,6.075244889786953e-07,0.0026560271159234,0.0003623661801178,0.0024232524912027,0.0225036256486818,4.991787976101678e-06,0.0235259016146626,0.0026462658335437,0.0351913382083997,-3.756242297786346e-05,-4.292848340327252e-05,-3.2196362552454395e-05,-0.5863576986995963,-0.6701230842281102,-0.5025923131710827,-0.06823441081044135,-0.07798218378336154,-0.05848663783752116,-0.3768695390638967,-0.4307080446444534,-0.32303103348334006,-1.7631150891947136,-2.014988673365387,-1.51124150502404,-0.0012275755330482744,-0.0014029434663408852,-0.0010522075997556639,-1.8547090811573765,-2.1196675213227163,-1.589750640992037,-0.18363218293523356,-0.20986535192598121,-0.1573990139444859,-2.992839677488795,-3.4203882028443364,-2.5652911521332524
30,30,-23000,1.2988735790783308e-06,0.006873246573659,0.0011624566343671,0.0015903312838218,0.0215145354161443,4.247614780382136e-08,0.0171982881732285,0.0058966639391296,0.0398246303411192,-8.030751035045932e-05,-9.178001182909637e-05,-6.883500887182228e-05,-1.4780550827424388,-1.6892058088485016,-1.2669043566363762,-0.21795514337650976,-0.24909159243029688,-0.18681869432272263,-0.2482506020310171,-0.2837149737497338,-0.21278623031230037,-1.6893622090926645,-1.9306996675344736,-1.4480247506508552,-1.0446055273925282e-05,-1.1938348884486036e-05,-8.953761663364528e-06,-1.3754639401715125,-1.5719587887674429,-1.1789690915755822,-0.4065667969819661,-0.4646477679793899,-0.3484858259845424,-3.3491713246506585,-3.827624371029324,-2.8707182782719927
31,31,-22900,1.4548223314608292e-06,0.0062285489121169,0.0008348193635441,0.0017458139933739,0.0190757057917322,7.126629427907862e-06,0.0194876603044,0.004583897880648,0.0272338227329179,-8.994957564585729e-05,-0.0001027995150238369,-7.709963626787767e-05,-1.3447429558151713,-1.5368490923601958,-1.1526368192701468,-0.1567999066101851,-0.179199893268783,-0.13439991995158723,-0.27233259236636176,-0.31123724841869915,-0.23342793631402436,-1.5061012636343893,-1.7212585870107304,-1.290943940258048,-0.001752547330934818,-0.002002911235354078,-0.0015021834265155584,-1.5504496642204184,-1.771942473394764,-1.3289568550460729,-0.31687286270173665,-0.3621404145162705,-0.27160531088720286,-2.361760510907506,-2.699154869608578,-2.024366152206434
32,32,-22800,5.445269010594621e-07,0.0053224198959665,0.0011120986652973,0.001874998730822,0.0149052944344356,4.285308360388829e-06,0.0117280757791686,0.0014338100319071,0.0179725574710177,-3.366737049735827e-05,-3.847699485412374e-05,-2.8857746140592804e-05,-1.1555688845360488,-1.3206501537554844,-0.9904876153166132,-0.20856952677513793,-0.23836517345730046,-0.17877388009297535,-0.29231604137748685,-0.334075475859985,-0.2505566068949887,-1.1880074875113822,-1.357722842870151,-1.0182921321526133,-0.0010538439999711485,-0.0012043931428241696,-0.0009032948571181272,-0.9498467073634251,-1.0855390941296286,-0.8141543205972215,-0.09973605631708485,-0.11398406436238268,-0.085488048271787,-1.5952145195881673,-1.8231023081007625,-1.367326731075572
33,33,-22700,6.461947345516226e-07,0.0042720962147096,0.0012087720218313,0.0017456565724934,0.0122209121632175,1.7190664903488e-05,0.0113956070734401,0.0015826392921051,0.0147442456463667,-3.9953349580988663e-05,-4.566097094970133e-05,-3.4245728212276e-05,-0.9336123669134164,-1.0669855621867619,-0.8002391716400713,-0.22658284246206015,-0.2589518199566402,-0.19421386496748014,-0.27230822706086205,-0.31120940235527095,-0.23340705176645318,-0.9800432331118707,-1.1200494092707094,-0.840037056953032,-0.004227148891810548,-0.00483102730492634,-0.003623270478694755,-0.9236309263946048,-1.055578201593834,-0.7916836511953755,-0.11005609028839716,-0.12577838890102533,-0.094333791675769,-1.3194772512244761,-1.5079740013994012,-1.130980501049551
34,34,-22600,1.601815554221682e-06,0.0029875522968144,0.0005720621160971,0.0015773977685831,0.0100532158705754,3.2265905422215503e-06,0.0090441001503512,0.0009056614520786,0.011825131051308,-9.903792981157949e-05,-0.00011318620549894799,-8.4889654124211e-05,-0.6581705269026186,-0.752194887888707,-0.5641461659165302,-0.10759926154421114,-0.12297058462195558,-0.09222793846646668,-0.24624588552075055,-0.2814238691665721,-0.21106790187492905,-0.8102313161220364,-0.9259786469966129,-0.6944839852474597,-0.0007934897776395412,-0.0009068454601594756,-0.0006801340951196067,-0.7370514147718902,-0.8423444740250173,-0.631758355518763,-0.06306415211778876,-0.07207331670604429,-0.05405498752953322,-1.0662007281001509,-1.2185151178287439,-0.9138863383715579
35,35,-22500,6.306383202110894e-07,0.0023673697094873,0.0004336132438672,0.0010587730759021,0.0069537466483364,1.5708538919159766e-05,0.0064608337794117,0.0007487732847095,0.0116494922223602,-3.8991518518727e-05,-4.456173544997372e-05,-3.342130158748029e-05,-0.5235855665096509,-0.5983835045824581,-0.4487876284368436,-0.08161911607408007,-0.09327898979894865,-0.06995924234921148,-0.16566715817464986,-0.1893338950567427,-0.14200042129255702,-0.5644605681239852,-0.6450977921416973,-0.483823344106273,-0.0038627374045936665,-0.004414557033821333,-0.003310917775366,-0.5297136278293832,-0.6053870032335809,-0.4540402524251857,-0.05215579833727235,-0.059606626671168395,-0.044704970003376296,-1.0508399033256277,-1.200959889515003,-0.9007199171362522
36,36,-22400,-8.881405780232795e-22,0.0028504996767814,0.0014301531472444,0.001705209492956,0.0067027876097955,2.8508782486479883e-05,0.0075936859593231,0.0010313060721666,0.0101083589317965,5.491259770409392e-20,6.275725451896448e-20,4.706794088922336e-20,-0.6285194513124418,-0.7183079443570763,-0.5387309582678073,-0.26776299242782725,-0.3060148484889454,-0.22951113636670906,-0.2660467716169608,-0.30405345327652655,-0.22804008995739491,-0.544406186205954,-0.6221784985210903,-0.4666338738908178,-0.007009693170529415,-0.008011077909176476,-0.006008308431882356,-0.6209465726833883,-0.7096532259238724,-0.5322399194429043,-0.0717952487605007,-0.08205171286914366,-0.06153878465185775,-0.9154584491942288,-1.046238227650547,-0.7846786707379103
37,37,-22300,5.574773894002237e-07,0.0053886980307864,0.0011605109162449,0.0022759551153045,0.0072436454602982,1.2051469519956735e-06,0.0091233312152253,0.0013002910229852,0.0108517216500004,-3.4468081093766375e-05,-3.939209267859014e-05,-2.9544069508942605e-05,-1.1694779399984596,-1.3365462171410967,-1.0024096628558226,-0.21759259841087583,-0.24867725532671525,-0.18650794149503644,-0.3541933530151283,-0.40479240344586087,-0.3035943025843957,-0.5875976257618324,-0.6715401437278085,-0.5036551077958564,-0.00029637642487104595,-0.0003387159141383382,-0.00025403693560375367,-0.7433712316030876,-0.8495671218321,-0.637175341374075,-0.09047246037383104,-0.10339709757009262,-0.07754782317756946,-0.9808939772222857,-1.1210216882540407,-0.8407662661905305
38,38,-22200,2.1521263005291222e-06,0.0283217794639935,0.0013717022578106,0.0023167025964363,0.0067518599405381,3.001548093103298e-06,0.0075987165181069,0.0014216382724971,0.0090583124258374,-0.00013306271482495547,-0.00015207167408566342,-0.00011405375556424756,-5.381287547424796,-6.150042911342624,-4.612532183506968,-0.2568997453844754,-0.29359970901082905,-0.2201997817581218,-0.36046933135212905,-0.4119649501167189,-0.30897371258753914,-0.5483294410569608,-0.6266622183508124,-0.4699966637631093,-0.0007381480432093652,-0.0008435977636678459,-0.0006326983227508845,-0.6213506259257788,-0.7101150010580329,-0.5325862507935247,-0.09889177902315545,-0.11301917602646337,-0.08476438201984754,-0.8225965551273787,-0.9401103487170042,-0.7050827615377532
39,39,-22100,1.53831075073347e-06,0.0109895163924316,0.0010373695698604,0.0010713520798021,0.0051161466733577,4.92524084999823e-06,0.0066882548064751,0.0011692212298425,0.0075226933891819,-9.51115306935536e-05,-0.00010869889222120411,-8.152416916590309e-05,-2.304942885395744,-2.634220440452279,-1.9756653303392095,-0.19463232963687713,-0.22243694815643103,-0.16682771111732328,-0.1676259794668475,-0.19157254796211143,-0.14367941097158357,-0.4170734868111221,-0.4766554134984252,-0.35749156012381894,-0.0012112108963353509,-0.0013842410243832582,-0.0010381807682874435,-0.5480675437326494,-0.6263629071230279,-0.469772180342271,-0.08137400744062978,-0.09299886564643405,-0.06974914923482553,-0.6858778531065068,-0.7838604035502935,-0.5878953026627202
40,40,-22000,-8.881405780232795e-22,0.006288246518632,0.0009415959414229,0.0010825087268579,0.0050744757376952,9.99185664316488e-06,0.0071159620324988,0.0013927546706904,0.0093098071409558,5.491259770409392e-20,6.275725451896448e-20,4.706794088922336e-20,-1.3571318997154622,-1.5510078853890996,-1.1632559140418248,-0.1767539306442037,-0.2020044921648042,-0.15150336912360315,-0.16936312489204247,-0.19355785701947711,-0.14516839276460783,-0.4137165845252743,-0.4728189537431706,-0.35461421530737797,-0.0024571011230709594,-0.0028081155692239535,-0.0021060866769179653,-0.5825325789888832,-0.6657515188444378,-0.4993136391333284,-0.09688814435828907,-0.11072930783804466,-0.0830469808785335,-0.8448837893416185,-0.9655814735332782,-0.7241861051499587
41,41,-21900,4.9353453876202776e-06,0.0049583399953451,0.0007590862783297,0.0008233515224325,0.0054262957706631,4.794692151878952e-07,0.0065508897560917,0.0013056440649364,0.0083984421405817,-0.00030514344205743576,-0.00034873536235135517,-0.0002615515217635164,-1.078959047908636,-1.2330960547527268,-0.924822041064545,-0.14263331201267737,-0.16300949944305987,-0.12225712458229489,-0.12896627355998877,-0.14739002692570144,-0.11054252019427609,-0.44203783309602357,-0.5051860949668842,-0.3788895712251631,-0.00011791433084340974,-0.00013475923524961113,-0.00010106942643720836,-0.5369838947767221,-0.6136958797448253,-0.460271909808619,-0.09084395093946555,-0.10382165821653205,-0.07786624366239904,-0.7639809331062303,-0.8731210664071203,-0.6548407998053403
42,42,-21800,8.018517872017648e-07,0.0045037256927783,0.0010254881750586,0.0025151189330802,0.0042312796254493,2.0729613673375267e-05,0.005265268829339,0.0008309376586347,0.0053015055500355,-4.957740173976619e-05,-5.665988770258993e-05,-4.249491577694245e-05,-0.9828106313664866,-1.1232121501331278,-0.8424091125998456,-0.19241538551444157,-0.21990329773079037,-0.1649274732980928,-0.39099720139229976,-0.4468539444483426,-0.33514045833625694,-0.3456506124743752,-0.3950292713992859,-0.2962719535494644,-0.005097242328963559,-0.005825419804529781,-0.004369064853397337,-0.4329035409512811,-0.4947469039443212,-0.3710601779582409,-0.0578694945234606,-0.06613656516966926,-0.049602423877251944,-0.48617523842948274,-0.5556288439194088,-0.4167216329395566
43,43,-21700,6.17984886217105e-06,0.0041513085272612,0.000392880684712,0.0018529227838264,0.0046102870421209,1.6651828458391797e-05,0.0052788488279415,0.0010487830556435,0.0042795168354014,-0.000382087991703761,-0.00043667199051858406,-0.000327503992888938,-0.9079004805259133,-1.0376005491724722,-0.7782004118793543,-0.07396822099866168,-0.0845351097127562,-0.06340133228456715,-0.28890276613202287,-0.330174589865169,-0.24763094239887673,-0.37627863884365303,-0.43003273010703197,-0.322524547580274,-0.004094665627172325,-0.0046796178596255145,-0.0035097133947191357,-0.4340062255696866,-0.4960071149367847,-0.3720053362025885,-0.07300938585677995,-0.08343929812203421,-0.06257947359152566,-0.3935073521164039,-0.44972268813303307,-0.3372920160997748
44,44,-21600,4.692551807284986e-06,0.0049152204362235,0.0003735482163859,0.0017784867721477,0.0047901731734489,2.695867148949006e-06,0.0050679934975495,0.0013091383999944,0.0035917605307422,-0.00029013208036903496,-0.0003315795204217542,-0.00024868464031631564,-1.0698628365975942,-1.222700384682965,-0.9170252885122238,-0.07033578334134608,-0.0803837523901098,-0.06028781429258235,-0.277388883292345,-0.31701586661982284,-0.23776189996486716,-0.39079650674169525,-0.446624579133366,-0.33496843435002444,-0.0006629756622554212,-0.0007576864711490528,-0.0005682648533617895,-0.41687700966948177,-0.4764308681936934,-0.35732315114527,-0.09108644664339186,-0.1040987961638764,-0.0780740971229073,-0.33086505818740974,-0.3781314950713255,-0.28359862130349406
45,45,-21500,2.739221996890276e-07,0.0031178771860946,0.0004643471881165,0.0022026909579258,0.0039635129806536,3.2172516091458926e-05,0.0049970512631602,0.0008069138531257,0.0030783611946184,-1.693625158824735e-05,-1.9355716100854115e-05,-1.4516787075640587e-05,-0.6863186569183055,-0.7843641793352062,-0.5882731345014047,-0.08738972873019309,-0.09987397569164924,-0.07490548176873693,-0.3429033929578022,-0.391889591951774,-0.2939171939638305,-0.3239793960791953,-0.37026216694765174,-0.2776966252107388,-0.00791032244687586,-0.009040368510715269,-0.0067802763830364515,-0.411110070921299,-0.46984008105291303,-0.3523800607896848,-0.05619907657265297,-0.06422751608303197,-0.04817063706227397,-0.28395553425663395,-0.3245206105790102,-0.24339045793425768
46,46,-21400,5.821832994110574e-07,0.0042724181837472,0.0004240895763527,0.0031801822841487,0.0021197517057156,4.100425145203593e-06,0.0048816379901824,0.0007117962373805,0.0022634386123735,-3.5995612882770186e-05,-4.1137843294594504e-05,-3.0853382470945876e-05,-0.9336808521320511,-1.0670638310080585,-0.8002978732560438,-0.07983056283651699,-0.09123492895601942,-0.06842619671701457,-0.4929309901582318,-0.5633497030379792,-0.4225122772784844,-0.17401881573081435,-0.19887864654950213,-0.1491589849121266,-0.001008378787858457,-0.0011524329004096651,-0.0008643246753072489,-0.40172394268279976,-0.4591130773517711,-0.3443348080138283,-0.04958381119588858,-0.056667212795301236,-0.042500409596475934,-0.20923446895388367,-0.23912510737586704,-0.1793438305319003
47,47,-21300,8.730447103518398e-07,0.0088438498687991,0.0007104879349477,0.0026603590981282,0.003579155927159,2.812130850199909e-07,0.004809362209188,0.0012346909717442,0.0031552897073353,-5.397915623463563e-05,-6.1690464268155e-05,-4.626784820111625e-05,-1.879071687769755,-2.1475105003082917,-1.6106328752312187,-0.13353645964668132,-0.15261309673906437,-0.11445982255429828,-0.4133094232916967,-0.47235362661908187,-0.35426521996431143,-0.29282472383238395,-0.33465682723701023,-0.25099262042775766,-6.915793107507624e-05,-7.903763551437284e-05,-5.927822663577964e-05,-0.3958434303715844,-0.4523924918532394,-0.33929436888992953,-0.08591930382849183,-0.09819349008970495,-0.07364511756727872,-0.2909926103536191,-0.332562983261279,-0.24942223744595923
48,48,-21200,9.188227277576036e-07,0.0084755935589008,0.0010052021332424,0.0028755231890315,0.0053267826619535,1.7989320414344658e-06,0.0066827947382014,0.0026289836095706,0.0045049428320365,-5.680954362889932e-05,-6.492519271874208e-05,-4.869389453905656e-05,-1.8048623400622261,-2.0626998172139728,-1.5470248629104795,-0.18862956926455132,-0.21557665058805867,-0.161682487941044,-0.4463107361219033,-0.5100694127107466,-0.38255205953306,-0.4340318078686417,-0.4960363518498762,-0.37202726388740714,-0.0004424015027373664,-0.000505601717414133,-0.0003792012880605998,-0.5476271202754643,-0.6258595660291021,-0.4693946745218266,-0.18243916971788832,-0.2085019082490152,-0.15637643118676142,-0.4139903973237757,-0.4731318826557436,-0.35484891199180774
49,49,-21100,3.1133905381407705e-07,0.0083584280091885,0.0014484730668947,0.0034246474104507,0.0054514822951136,2.106345882705815e-06,0.0071865646441651,0.0021481299059956,0.0043545956479444,-1.9249685502300335e-05,-2.199964057405753e-05,-1.6499730430543147e-05,-1.781181885881963,-2.0356364410079575,-1.5267273307559683,-0.2711663981471403,-0.30990445502530317,-0.23242834126897738,-0.5302492274811335,-0.6059991171212954,-0.4544993378409715,-0.4440635504271886,-0.5075012004882156,-0.3806259003661616,-0.0005180009858747752,-0.0005920011267140288,-0.0004440008450355216,-0.588215171535778,-0.6722459103266033,-0.5041844327449525,-0.14921243022440872,-0.17052849168503853,-0.12789636876377888,-0.40033198656883373,-0.4575222703643814,-0.34314170277328604
50,50,-21000,7.589256849793898e-07,0.0094481300014469,0.0009843686233369,0.0038054706559287,0.0056761215162067,1.895384098634723e-06,0.0067156896604212,0.0021542943259487,0.0027895856654871,-4.692334297752574e-05,-5.362667768860084e-05,-4.022000826645063e-05,-2.000127187563108,-2.2858596429292666,-1.7143947321969497,-0.18474072631718153,-0.21113225864820748,-0.1583491939861556,-0.5882223500811563,-0.6722541143784644,-0.5041905857838482,-0.4621204728208117,-0.5281376832237848,-0.39610326241783855,-0.0004661211129223783,-0.000532709843339861,-0.0003995323825048957,-0.5502803407332139,-0.6288918179808157,-0.4716688634856118,-0.1496387896999795,-0.17101575965711943,-0.1282618197428396,-0.25751416173436326,-0.29430189912498655,-0.2207264243437399
51,51,-20900,-8.881405780232795e-22,0.0129827206863355,0.0009984121271583,0.0049210700005623,0.0091115309248549,2.7001521072344186e-07,0.0079727040439409,0.0030705127545229,0.0048336038664495,5.491259770409392e-20,6.275725451896448e-20,4.706794088922336e-20,-2.6908571163719666,-3.0752652758536763,-2.3064489568902573,-0.1873622226126325,-0.2141282544144371,-0.16059619081082785,-0.7569343559794821,-0.8650678354051224,-0.6488008765538418,-0.7359327360373258,-0.8410659840426581,-0.6307994880319936,-6.64040750464563e-05,-7.589037148166434e-05,-5.691777861124825e-05,-0.6513626359441669,-0.7444144410790479,-0.5583108308092859,-0.21289285500308666,-0.2433061200035276,-0.18247959000264571,-0.44381035383036366,-0.507211832948987,-0.38040887471174023
52,52,-20800,1.1128298660091248e-06,0.0194078162120585,0.0017680827981914,0.0060495517790847,0.0116773726802109,2.429727864609515e-07,0.0095501645536396,0.0061026570013493,0.0068887887944336,-6.880471417196554e-05,-7.86339590536749e-05,-5.8975469290256175e-05,-3.8751095869860985,-4.428696670841256,-3.321522503130942,-0.3304351509654614,-0.37764017253195586,-0.2832301293989669,-0.925919809870934,-1.0581940684239246,-0.7936455513179435,-0.9376223579594077,-1.071568409096466,-0.8036763068223495,-5.975361969023849e-05,-6.828985107455826e-05,-5.1217388305918704e-05,-0.7773772579347752,-0.8884311519254574,-0.6663233639440931,-0.42059905448154106,-0.48068463369318976,-0.3605134752698923,-0.6291207899040954,-0.7189951884618233,-0.5392463913463675
53,53,-20700,2.270657907562656e-07,0.0181238325144788,0.0015482637015007,0.0067573807998404,0.0123041729242329,2.3286370679434234e-07,0.0096835776049784,0.0047420154494799,0.0063965463092801,-1.4039182227710683e-05,-1.604477968881221e-05,-1.2033584766609157e-05,-3.64544212857293,-4.166219575511921,-3.1246646816339405,-0.2896934210309244,-0.3310781954639136,-0.2483086465979352,-1.0310657284617253,-1.178360832527686,-0.8837706243957645,-0.9865320401223987,-1.127465188711313,-0.8455988915334847,-5.7267525991216077e-05,-6.544860113281838e-05,-4.9086450849613784e-05,-0.7879924976994467,-0.9005628545136534,-0.67542214088524,-0.32770077773522377,-0.3745151745545414,-0.28088638091590606,-0.5849178629112897,-0.6684775576129024,-0.5013581682096768
54,54,-20600,1.4412715753774436e-06,0.0126614157553729,0.0008767501371633,0.0057731808942233,0.008482135332669,9.610726789978656e-07,0.0070953913843412,0.0018302762662119,0.0034164631074536,-8.911175398909495e-05,-0.00010184200455896566,-7.638150341922425e-05,-2.629264757969946,-3.0048740091085095,-2.2536555068313824,-0.16463850543840158,-0.18815829192960182,-0.14111871894720135,-0.8846888202073979,-1.0110729373798832,-0.7583047030349125,-0.6860933611696903,-0.7841066984796461,-0.5880800238597345,-0.0002363527308133041,-0.00027011740664377605,-0.00020258805498283208,-0.580876556103204,-0.6638589212608046,-0.49789419094560344,-0.12721407296383339,-0.14538751195866673,-0.10904063396900006,-0.3148623147699699,-0.35984264545139416,-0.26988198408854563
55,55,-20500,1.5755530265867707e-06,0.0058153532231245,0.0006785252342772,0.004636878430977,0.0056010048069596,1.8839043931850437e-05,0.004937887084326,0.0017478474904016,0.0015274130611119,-9.741416038163472e-05,-0.00011133046900758253,-8.34978517556869e-05,-1.258742371497778,-1.4385627102831748,-1.0789220327123812,-0.1275509515554015,-0.145772516063316,-0.10932938704748701,-0.7141133164049662,-0.8161295044628185,-0.6120971283471138,-0.4560845511373514,-0.5212394870141159,-0.39092961526058695,-0.004632428232622776,-0.0052942036944260305,-0.003970652770819523,-0.40629910662508234,-0.4643418361429512,-0.34825637710721347,-0.12150471786182548,-0.13886253469922913,-0.10414690102442185,-0.14147056482628623,-0.1616806455157557,-0.12126048413681678
56,56,-20400,3.187899663726364e-07,0.004823916341011,0.0008263404650832,0.0038064177364851,0.0043628719224506,9.71955801467382e-06,0.0041516738482525,0.0008794370164719,0.0015854151345828,-1.9710365397509582e-05,-2.252613188286809e-05,-1.689459891215107e-05,-1.0505858298463655,-1.2006695198244177,-0.9005021398683132,-0.15521442038862768,-0.1773879090155745,-0.1330409317616809,-0.588366282065306,-0.6724186080746354,-0.5043139560559765,-0.35629087665546233,-0.40718957332052835,-0.3053921799903963,-0.002390144640466781,-0.0027315938748191785,-0.002048695406114384,-0.3422404977415873,-0.39113199741895693,-0.2933489980642177,-0.061241254590671965,-0.06999000524648225,-0.052492503934861684,-0.14682024068358607,-0.16779456078124122,-0.12584592058593091
57,57,-20300,-8.881405780232795e-22,0.0096633453801273,0.0013530812302685,0.0034025598385427,0.0054761407420448,2.713009516550657e-07,0.0047182136620644,0.0017889349172332,0.0018459270106067,5.491259770409392e-20,6.275725451896448e-20,4.706794088922336e-20,-2.043027881257965,-2.3348890071519603,-1.7511667553639703,-0.2534375524653193,-0.28964291710322204,-0.21723218782741652,-0.5268808194618696,-0.6021495079564223,-0.4516121309673167,-0.4460465651568735,-0.5097675030364268,-0.38232562727732017,-6.67202730648151e-05,-7.625174064550298e-05,-5.718880548412722e-05,-0.38842453870544136,-0.4439137585205044,-0.3329353188903783,-0.12435083523003819,-0.1421152402629008,-0.10658643019717559,-0.17082766498789387,-0.1952316171290216,-0.14642371284676617
58,58,-20200,6.095474444124114e-06,0.0140803260509001,0.0012139039487027,0.0039368474332221,0.0093082208685495,1.4008158189857756e-07,0.0067065986594806,0.0029144711702646,0.0036106762426401,-0.0003768713423121566,-0.0004307101054996076,-0.00032303257912470566,-2.8995054038024164,-3.313720461488476,-2.485290346116357,-0.227538562013027,-0.26004407087203085,-0.19503305315402317,-0.6081767606832054,-0.6950591550665204,-0.5212943662998903,-0.7514781650541871,-0.8588321886333568,-0.6441241414750175,-3.4449897635801276e-05,-3.937131158377289e-05,-2.9528483687829663e-05,-0.5495471246671364,-0.6280538567624416,-0.4710403925718312,-0.20213625373420763,-0.23101286141052302,-0.1732596460578923,-0.33259097381848657,-0.3801039700782704,-0.2850779775587028
59,59,-20100,2.026213000206113e-05,0.0122970317744548,0.0010745917629822,0.0042371208262059,0.0094920147003328,8.022324814131099e-07,0.0060672994935892,0.0032090811272854,0.0036486567908886,-0.0012527367813117082,-0.0014316991786419522,-0.0010737743839814642,-2.55912959985178,-2.924719542687748,-2.193539657015811,-0.20157577413960556,-0.23037231330240635,-0.17277923497680475,-0.6536975761088942,-0.7470829441244506,-0.5603122080933379,-0.7659916038918723,-0.8754189758764255,-0.656564231907319,-0.00019729002134106984,-0.00022547431010407981,-0.00016910573257805986,-0.4979073721385981,-0.5690369967298263,-0.4267777475473698,-0.22243938121443918,-0.25421643567364477,-0.19066232675523356,-0.3360558926964689,-0.38406387736739306,-0.2880479080255448
60,60,-20000,9.148225256989115e-06,0.0125328019972439,0.0013738886193765,0.004099926106252,0.007560454327116,2.231864926959256e-06,0.0067682301860298,0.0031848432799997,0.0058854797724969,-0.0005656139438420189,-0.0006464159358194502,-0.0004848119518645877,-2.6045443560473407,-2.976622121196961,-2.2324665908977206,-0.257306208600368,-0.29406423840042056,-0.22054817880031544,-0.6329141047364998,-0.7233304054131426,-0.5424978040598569,-0.6128468682387317,-0.7003964208442648,-0.5252973156331986,-0.0005488686461094535,-0.0006272784526965182,-0.0004704588395223887,-0.5545172778944375,-0.6337340318793572,-0.4753005239095179,-0.2207699176467852,-0.2523084773106117,-0.18923135798295873,-0.5389040924433646,-0.6158903913638453,-0.4619177935228839
61,61,-19900,8.046789340197734e-05,0.013538646997549,0.001394179199688,0.0042015513347015,0.0071484525388458,1.3077916511500206e-06,0.0066595594180251,0.0049695836920071,0.0069711550987182,-0.004974519959580105,-0.005685165668091548,-0.004263874251068661,-2.796873295821021,-3.1964266237954533,-2.39731996784659,-0.2610779464620658,-0.2983747959566466,-0.22378109696748497,-0.6483116086407358,-0.7409275527322694,-0.555695664549202,-0.5800036312676615,-0.6628612928773274,-0.4971459696579956,-0.00032161914682331125,-0.0003675647392266414,-0.000275673554419981,-0.5457527723566084,-0.6237174541218381,-0.4677880905913786,-0.34327282331480374,-0.39231179807406147,-0.29423384855554613,-0.6365061217932865,-0.727435567763756,-0.545576675822817
62,62,-19800,1.3620947431273026e-05,0.0133862475593639,0.0024579952198274,0.0044312706651585,0.0046165690855589,7.81188339029521e-06,0.0068211755422328,0.0035026775985718,0.0064982944357711,-0.0008421455209013655,-0.0009624520238872748,-0.0007218390179154562,-2.7678797237768875,-3.1632911128878716,-2.372468334665904,-0.4576860877356712,-0.5230698145550527,-0.3923023609162896,-0.6830661929563566,-0.7806470776644077,-0.5854853082483057,-0.37678584191079945,-0.43061239075519936,-0.3229592930663995,-0.001921052526650431,-0.002195488601886207,-0.001646616451414655,-0.5587858069887142,-0.6386123508442447,-0.47895926313318354,-0.24264910776759419,-0.27731326602010764,-0.20798494951508073,-0.5940640712385435,-0.6789303671297641,-0.509197775347323
63,63,-19700,5.107169437659849e-05,0.013421655946624,0.001425850328012,0.0051333459680456,0.0053676865253838,4.9679815903731086e-08,0.008841975030942,0.0053316216931295,0.0081520850411524,-0.00315741277860792,-0.0036084717469804795,-0.00270635381023536,-2.77462072648189,-3.1709951159793026,-2.378246336984477,-0.26696353412768314,-0.3051011818602093,-0.228825886395157,-0.7888496710887616,-0.9015424812442989,-0.6761568609332242,-0.43732305306092845,-0.4997977749267754,-0.37484833119508154,-1.2217635155093634e-05,-1.3963011605821296e-05,-1.0472258704365971e-05,-0.7209184627048266,-0.8239068145198019,-0.6179301108898514,-0.36801756244880995,-0.42059149994149714,-0.3154436249561228,-0.7420457002645988,-0.8480522288738274,-0.6360391716553705
64,64,-19600,2.442596598436779e-06,0.0164227443214746,0.0022965085972577,0.0066077812289885,0.0079065383741179,3.454755695558935e-07,0.0142304390945109,0.0068161900229208,0.0117720150023843,-0.00015102197661706564,-0.00017259654470521787,-0.0001294474085289134,-3.3358954382238166,-3.812451929398648,-2.8593389470489856,-0.42798448508070536,-0.48912512580652046,-0.3668438443548903,-1.0088972689218982,-1.153025450196455,-0.8647690876473412,-0.6403869913278167,-0.7318708472317906,-0.548903135423843,-8.496178205014745e-05,-9.709917948588281e-05,-7.28243846144121e-05,-1.145875859209777,-1.3095724105254594,-0.9821793078940946,-0.46911707191108576,-0.5361337964698123,-0.40210034735235917,-1.0615568303739629,-1.2132078061416718,-0.9099058546062538
65,65,-19500,2.0665254324988613e-05,0.0198110130807017,0.0023857849800182,0.0078064992231611,0.0077256154635554,5.111290972292267e-06,0.0131185968344682,0.0085796271994304,0.0154467304847949,-0.0012776596414256988,-0.0014601824473436556,-0.0010951368355077416,-3.9465372529828793,-4.51032828912329,-3.382746216842468,-0.44441105136450837,-0.507898344416581,-0.3809237583124357,-1.1857209401808075,-1.355109645920923,-1.0163322344406922,-0.6259953021290119,-0.7154232024331565,-0.5365674018248674,-0.0012569625355653487,-0.0014365286120746842,-0.001077396459056013,-1.059056151950353,-1.2103498879432606,-0.9077624159574454,-0.5884432735384512,-0.6725065983296585,-0.5043799487472439,-1.37986484366273,-1.5769883927574058,-1.1827412945680542
66,66,-19400,0.0003189010110767,0.0225348229253363,0.0030720615734994,0.0085010886095934,0.007762649896332,2.7066453238819542e-06,0.0115561896125281,0.0089042562160158,0.0183084441756862,-0.019706140799655485,-0.02252130377103484,-0.01689097782827613,-4.420612247481365,-5.052128282835846,-3.7890962121268847,-0.5701644239601095,-0.6516164845258393,-0.48871236339437957,-1.2873409600839272,-1.471246811524488,-1.103435108643366,-0.6289422234245676,-0.7187911124852202,-0.539093334363915,-0.0006656262126623013,-0.0007607156716140587,-0.0005705367537105439,-0.9362981990484954,-1.070055084626852,-0.8025413134701389,-0.6103200642015737,-0.6975086448017986,-0.5231314836013489,-1.6236442602343242,-1.855593440267799,-1.3916950802008492
67,67,-19300,9.93103532519398e-05,0.0201243967050279,0.0020758775772858,0.0083557999340272,0.007442656595931,2.3799221794827926e-06,0.0087606106834607,0.0086089756668269,0.014707334459271,-0.006139155289358272,-0.007016177473552311,-0.005262133105164233,-4.001828178249669,-4.573517917999621,-3.4301384384997164,-0.38732202215545136,-0.4426537396062301,-0.33199030470467256,-1.2661354432399547,-1.4470119351313766,-1.0852589513485325,-0.6034628751199506,-0.6896718572799435,-0.5172538929599577,-0.0005852788355617078,-0.0006688900977848089,-0.0005016675733386068,-0.7144199426020932,-0.8164799344023923,-0.6123599508017942,-0.5904222148364334,-0.6747682455273525,-0.5060761841455144,-1.3162982614519176,-1.504340870230763,-1.1282556526730723
68,68,-19200,0.0001390261098396,0.016962676605031,0.0018714157443395,0.0089266264345949,0.0073902814102351,2.6231855857614784e-08,0.0053851255645165,0.0095998789688317,0.0127298419837853,-0.008593696258215681,-0.009821367152246494,-0.00736602536418487,-3.434806849896114,-3.9254935427384163,-2.944120157053812,-0.3495540657339275,-0.3994903608387742,-0.2996177706290807,-1.3492969516524993,-1.5420536590314278,-1.1565402442735708,-0.5992889223782344,-0.684901625575125,-0.5136762191813437,-6.451136971473701e-06,-7.3727279673985155e-06,-5.529545975548887e-06,-0.44263337936752695,-0.5058667192771736,-0.37940003945788026,-0.6571046340152703,-0.7509767245888804,-0.5632325434416604,-1.1451042315979532,-1.308690550397661,-0.9815179127982455
69,69,-19100,7.68576708978813e-05,0.0183802344653341,0.0017141725023887,0.0095781922681444,0.007568746348051,2.5361653502983134e-06,0.003278090448391,0.0105853790578897,0.0134381981863704,-0.004751366536082591,-0.00543013318409439,-0.004072599888070792,-3.6915754436304558,-4.2189433641490925,-3.164207523111819,-0.3204521586140948,-0.3662310384161084,-0.27467327881208126,-1.443721350652378,-1.649967257888432,-1.237475443416324,-0.613507233630675,-0.701151124149343,-0.5258633431120072,-0.0006237020211170597,-0.0007128023098480682,-0.0005346017323860511,-0.2707843706769897,-0.30946785220227396,-0.2321008891517055,-0.7231676013210493,-0.8264772586526279,-0.6198579439894709,-1.206627188892741,-1.3790025015917038,-1.0342518761937778
70,70,-19000,6.198164774468461e-06,0.0124867054285074,0.0011501061059442,0.0077471495555432,0.0065303828373521,3.211618527073194e-06,0.004142825986765,0.0092800622362205,0.0107347154531774,-0.00038322041640809586,-0.000437966190180681,-0.00032847464263551076,-2.595675101640989,-2.966485830446844,-2.224864372835133,-0.21565374553029293,-0.2464614234631919,-0.18484606759739394,-1.1770095308897057,-1.345153749588235,-1.0088653121911764,-0.5306156116749062,-0.6064178419141787,-0.454813381435634,-0.0007898079119894444,-0.0009026376137022221,-0.0006769782102766666,-0.34151824703499867,-0.3903065680399985,-0.29272992602999887,-0.6356109659862521,-0.7264125325557166,-0.5448093994167874,-0.9706110113933832,-1.1092697273067238,-0.8319522954800428
71,71,-18900,8.092718890995618e-07,0.0089978678487831,0.0011476217049971,0.0066326584754623,0.003398130859455,2.7541343378993563e-05,0.0026800457378903,0.0058420685768525,0.0045666766034856,-5.003617585825127e-05,-5.71842009808586e-05,-4.288815073564395e-05,-1.9100103832022162,-2.1828690093739613,-1.637151757030471,-0.21519076538797138,-0.2459323033005387,-0.18444922747540402,-1.0125857170521544,-1.1572408194881763,-0.8679306146161323,-0.2781320486107269,-0.3178651984122593,-0.23839889880919446,-0.006771866836847262,-0.007739276384968299,-0.005804457288726224,-0.22169622042282108,-0.25336710905465265,-0.19002533179098952,-0.4028458488568062,-0.46039525583634994,-0.34529644187726244,-0.4195955289749511,-0.47953774739994415,-0.3596533105499581
72,72,-18800,5.307020796637972e-05,0.0113504404071419,0.0024237752421829,0.0105037942400149,0.0027865037023327,8.164932263289493e-06,0.002637060240819,0.0038502154392749,0.002487672524465,-0.0032809555923286058,-0.003749663534089835,-0.002812247650567377,-2.375505248549869,-2.7148631411998503,-2.036147355899888,-0.45139640335197495,-0.5158816038308285,-0.38691120287312136,-1.5769513777006419,-1.8022301459435905,-1.3516726094576927,-0.22839793841107398,-0.2610262153269417,-0.1957696614952063,-0.0020078672533205494,-0.002294705432366342,-0.0017210290742747567,-0.21816257871006378,-0.24932866138293003,-0.18699649603719753,-0.26654155396008017,-0.30461891881152015,-0.22846418910864014,-0.22982675748968137,-0.2626591514167787,-0.196994363562584
73,73,-18700,1.6092813467650266e-05,0.0130759264178655,0.0032636088314443,0.0094258393758768,0.0069235885945747,2.6947764253162837e-06,0.0024800189242754,0.0038494858552614,0.0072577991286414,-0.0009949698192235872,-0.0011371083648269568,-0.0008528312736202176,-2.708680300478587,-3.0956346291183854,-2.321725971838789,-0.6051003404895128,-0.6915432462737289,-0.5186574347052967,-1.4216899899020354,-1.6247885598880405,-1.2185914199160304,-0.562051842794641,-0.6423449631938755,-0.48175872239540657,-0.0006627074333365561,-0.0007573799238132069,-0.0005680349428599052,-0.2052468221498944,-0.23456779674273645,-0.17592584755705235,-0.26649143110347073,-0.30456163554682375,-0.2284212266601178,-0.6621831865079937,-0.7567807845805642,-0.5675855884354232
74,74,-18600,1.323670441692342e-06,0.0137698224839125,0.0048218355653721,0.0123440623553803,0.0088883126301127,6.5390597942809255e-06,0.0028223172346929,0.0063461777956982,0.0118284096303668,-8.184066159525326e-05,-9.353218468028945e-05,-7.014913851021709e-05,-2.840754356462542,-3.246576407385762,-2.4349323055393217,-0.8866893971698264,-1.0133593110512302,-0.7600194832884226,-1.8387193139041518,-2.1013935016047447,-1.5760451262035584,-0.7182735291166639,-0.8208840332761873,-0.6156630249571404,-0.001608061597195964,-0.001837784682509673,-0.0013783385118822547,-0.23338659234038664,-0.266727534103299,-0.20004565057747425,-0.4371730262762715,-0.4996263157443103,-0.3747197368082327,-1.066487330252143,-1.2188426631453062,-0.9141319973589797
75,75,-18500,6.285717384826255e-06,0.0003843117237684,0.0155008590531659,0.0106797314646123,0.0106833364319105,1.80586118610436e-06,0.0021332880304728,0.0062185919648803,0.0132059144433751,-0.00038863356311605015,-0.00044415264356120017,-0.0003331144826709001,-0.08607594175475856,-0.09837250486258123,-0.07377937864693593,-2.6990235231045094,-3.084598312119439,-2.3134487340895795,-1.6021560015992986,-1.8310354303991985,-1.3732765727993987,-0.8597679044864196,-0.9825918908416222,-0.7369439181312167,-0.0004441055277072914,-0.0005075491745226187,-0.00038066188089196405,-0.17669617783972857,-0.20193848895968983,-0.15145386671976738,-0.4284915445799386,-0.48970462237707263,-0.36727846678280446,-1.1864772722031491,-1.3559740253750276,-1.0169805190312706
76,76,-18400,2.284196662901472e-06,0.0004712921076405,0.015399993072259,0.0235003667241321,0.012363807024139,1.1580167353054016e-05,0.0017357027361458,0.0054312773989682,0.0100603281088222,-0.0001412283926708677,-0.0001614038773381345,-0.00012105290800360089,-0.10549858900910473,-0.12056981601040542,-0.09042736200780406,-2.6828068707007033,-3.066064995086518,-2.2995487463148883,-3.341844820838828,-3.819251223815803,-2.864438417861852,-0.9911780163318044,-1.1327748758077765,-0.8495811568558324,-0.0028476514125607734,-0.0032544587572123124,-0.0024408440679092344,-0.14390034112036665,-0.16445753270899047,-0.12334314953174286,-0.37482267557992816,-0.4283687720913465,-0.32127657906850987,-0.9112218107585737,-1.0413963551526555,-0.7810472663644917
77,77,-18300,2.4582247650329542e-06,0.0004563167098732,0.0112463254639357,0.0154973258311618,0.0073603635875614,1.803500350013537e-05,0.0019164807262158,0.0089120825924357,0.0043536001984405,-0.00015198823783374059,-0.00017370084323856065,-0.0001302756324289205,-0.10215613529630559,-0.11674986891006353,-0.08756240168254764,-2.000563853880095,-2.2863586901486803,-1.7147690176115102,-2.2778475973668613,-2.6032543969906987,-1.9524407977430238,-0.5969042169624201,-0.6821762479570516,-0.5116321859677886,-0.0044347436967612725,-0.005068278510584312,-0.0038012088829382337,-0.1588199294728662,-0.18150849082613282,-0.13613136811959958,-0.6108471413220955,-0.6981110186538234,-0.5235832639903676,-0.40024151820938636,-0.4574188779535844,-0.34306415846518834
78,78,-18200,0.0001752172181506,0.0004618745185958,0.0080488091430337,0.1120051116254467,0.0060880704328067,9.64983517379185e-07,0.0028361662346944,0.0027636842234494,0.0024843603238507,-0.010830104616714221,-0.012377262419101967,-0.009282946814326475,-0.10339669248691623,-0.11816764855647569,-0.08862573641735677,-1.4554228911833986,-1.6633404470667412,-1.247505335300056,-11.714961038836972,-13.388526901527968,-10.041395176145976,-0.4951847133919011,-0.5659253867336013,-0.4244440400502009,-0.000237314501014459,-0.00027121657258795314,-0.00020341242944096487,-0.23452413744127779,-0.26802758564717466,-0.201020689235381,-0.19173555488177318,-0.2191263484363122,-0.16434476132723416,-0.2295227623634279,-0.26231172841534617,-0.19673379631150964
79,79,-18100,0.0001444218837287,0.0007638758948182,0.0079928693366197,0.0408604851431679,0.0041755169204063,3.011455622041964e-05,0.0011145840812367,0.0015217727404858,0.0041208096228824,-0.008927143082243813,-0.010202449236850073,-0.007651836927637555,-0.1706739983087245,-0.19505599806711374,-0.1462919985503353,-1.4457254235042067,-1.6522576268619504,-1.2391932201464628,-5.427687573369581,-6.203071512422379,-4.652303634316785,-0.3411397906888538,-0.38987404650154717,-0.2924055348761604,-0.0074044346828805035,-0.008462211066149146,-0.00634665829961186,-0.0925419714767133,-0.10576225311624377,-0.07932168983718282,-0.10583625417219507,-0.12095571905393722,-0.0907167892904529,-0.3790720647048452,-0.4332252168055374,-0.32491891260415307
80,80,-18000,0.0002082638271809,0.0003719492102866,0.0110770164767779,0.0256479246652821,0.0080396125973286,1.6552987455609727e-07,0.0013562091045359,0.0019022136918294,0.0082122373975789,-0.012871950803753451,-0.014710800918575372,-0.011033100688931527,-0.08331364772068721,-0.0952155973950711,-0.07141169804630333,-1.9721431957606452,-2.2538779380121663,-1.6904084535091244,-3.615687481220868,-4.13221426425242,-3.0991606981893156,-0.6509648206757497,-0.7439597950579997,-0.5579698462934998,-4.0708322515792024e-05,-4.652379716090517e-05,-3.4892847870678876e-05,-0.11253916906023573,-0.12861619321169798,-0.09646214490877349,-0.13219522689270574,-0.15108025930594943,-0.11331019447946207,-0.7474041608729447,-0.8541761838547939,-0.6406321378910954
81,81,-17900,0.0003897944956824,0.0002173341410919,0.0174930307741809,0.0211108121808779,0.0104823332228591,1.007600086174704e-06,0.001719064025804,0.0041987192619234,0.0121825709715864,-0.024083912030627208,-0.027524470892145377,-0.020643353169109032,-0.04872932677694198,-0.055690659173647974,-0.041767994380235984,-3.016011109348879,-3.4468698392558617,-2.5851523794418965,-3.031472360944158,-3.464539841079038,-2.5984048808092783,-0.8439817442306539,-0.9645505648350329,-0.7234129236262746,-0.000247794947544565,-0.0002831942257652172,-0.0002123956693239129,-0.1425265079495175,-0.16288743765659142,-0.12216557824244358,-0.290467447217149,-0.33196279681959895,-0.24897209761469918,-1.0974184201524695,-1.2541924801742508,-0.9406443601306881
82,82,-17800,0.0002174438924071,0.0009041316101343,0.0173675131041476,0.0254122760458317,0.009652795115514,4.215648469933998e-06,0.0012736254076224,0.0018331252887276,0.0069414021035521,-0.013439115908980778,-0.015358989610263746,-0.011519242207697811,-0.20183084341268756,-0.23066382104307154,-0.1729978657823036,-2.996222925442836,-3.4242547719346694,-2.5681910789510023,-3.5858707151284133,-4.098137960146758,-3.0736034701100685,-0.7786776853390749,-0.8899173546732285,-0.6674380160049213,-0.0010367137313957197,-0.0011848156930236795,-0.0008886117697677596,-0.10570701378621607,-0.1208080157556755,-0.09060601181675662,-0.1274113745302186,-0.145612999463107,-0.10920974959733024,-0.6338387011298425,-0.7243870870055342,-0.5432903152541507
83,83,-17700,0.0001564632103097,0.0001198869674473,0.0092894425953918,0.0173205117217177,0.0075123640548227,7.601525959292293e-06,0.0008348915995492,0.0012438631894156,0.004129591421527,-0.009671247365114344,-0.011052854131559249,-0.008289640598669436,-0.026897110505050083,-0.030739554862914385,-0.023054666147185786,-1.6690618988191657,-1.9074993129361895,-1.4306244847021419,-2.5264813900014627,-2.8874073028588145,-2.165555477144111,-0.6090165234902732,-0.6960188839888837,-0.5220141629916628,-0.0018693254243587211,-0.002136371913552824,-0.0016022789351646182,-0.06936561659148621,-0.07927499039026996,-0.05945624279270247,-0.08655599888328862,-0.09892114158090126,-0.07419085618567595,-0.37987113197181843,-0.43413843653922113,-0.32560382740441585
84,84,-17600,0.0001867651537207,0.0001694326163551,0.0076248087239865,0.0174384642644189,0.0055951795797803,1.7077671407755462e-05,0.0007768500184923,0.0021671029460986,0.0032987289425584,-0.011543642377460176,-0.013192734145668773,-0.00989455060925158,-0.03800080201457606,-0.043429488016658364,-0.03257211601249377,-1.3817800513211302,-1.5791772015098633,-1.1843829011323974,-2.5424368951336365,-2.905642165867013,-2.1792316244002596,-0.4556163831790264,-0.5207044379188874,-0.3905283284391655,-0.004199367358941239,-0.004799276981647131,-0.0035994577362353473,-0.06455221980512324,-0.07377396549156941,-0.05533047411867706,-0.15052465909024765,-0.17202818181742588,-0.12902113636306942,-0.3041061736380701,-0.347549912729223,-0.26066243454691723
85,85,-17500,0.0007712812982849,4.387892417179193e-05,0.0030154206610458,0.0118348948308034,0.0052909697321643,7.436623971583078e-05,0.0005320071905411,0.0030455508920506,0.0011418690781993,-0.047622452307233346,-0.05442565977969525,-0.04081924483477144,-0.009849207155507625,-0.01125623674915157,-0.00844217756186368,-0.5598202025864167,-0.6397945172416191,-0.47984588793121435,-1.766704242572846,-2.0190905629403955,-1.5143179222052967,-0.4311496794786519,-0.4927424908327451,-0.36955686812455885,-0.01827916164357335,-0.020890470449798113,-0.015667852837348586,-0.044232758860732024,-0.050551724412265166,-0.037913793309198876,-0.21117257590317517,-0.2413400867464859,-0.18100506505986444,-0.10586910072166843,-0.12099325796762107,-0.0907449434757158
86,86,-17400,0.0002035690776609,0.0002517754268973,0.0080753423806562,0.0159580393244956,0.0039265602313919,6.707866028751933e-05,0.0012350666744081,0.0008194416946904,0.0018003447362917,-0.01258189149806188,-0.014379304569213576,-0.010784478426910183,-0.05643908800558532,-0.06450181486352609,-0.04837636114764456,-1.4600206116717422,-1.6685949847677055,-1.2514462385757792,-2.3410353921827483,-2.6754690196374264,-2.0066017647280696,-0.3209865626134686,-0.3668417858439641,-0.275131339382973,-0.016488724391570345,-0.018844256447508964,-0.014133192335631723,-0.102516130507048,-0.11716129200805486,-0.08787096900604115,-0.05707017961808337,-0.06522306242066671,-0.04891729681550003,-0.16662942630421107,-0.19043363006195552,-0.14282522254646662
87,87,-17300,0.0004875691995668,8.684535892376281e-05,0.0059470343599449,0.0085013243357352,0.0035596589903063,4.709800768759632e-05,0.0017346508624338,0.0008073535520654,0.0021261996998751,-0.030119838481015678,-0.034422672549732206,-0.02581700441229915,-0.019488223888427848,-0.022272255872488964,-0.016704191904366724,-1.0871755100001632,-1.2424862971430437,-0.9318647228572828,-1.2873753436813815,-1.4712861070644356,-1.103464580298327,-0.29124287664544135,-0.3328490018805044,-0.2496367514103783,-0.011578869596977294,-0.013232993825116906,-0.00992474536883768,-0.1438134927040887,-0.16435827737610137,-0.12326870803207603,-0.05622965105723825,-0.06426245835112943,-0.04819684376334707,-0.19661923911932166,-0.2247077018506533,-0.16853077638799
88,88,-17200,0.0001477361345225,0.0001148771147654,0.0175735075661222,0.0126700551577272,0.0070652605436716,2.7068435739686936e-05,0.0041153445787212,0.001531317090871,0.0024776471981882,-0.009131953258555583,-0.010436518009777808,-0.007827388507333357,-0.025773958139834317,-0.029455952159810648,-0.022091964119857987,-3.028685613536003,-3.4613549868982894,-2.596016240173717,-1.8846630677179503,-2.1539006488205144,-1.615425486615386,-0.573364263060062,-0.6552734434972138,-0.4914550826229103,-0.006655610395276146,-0.007606411880315596,-0.005704808910236696,-0.33927474843507427,-0.38774256964008486,-0.2908069272300636,-0.10649802489325412,-0.12171202844943328,-0.09128402133707496,-0.22890661264098702,-0.26160755730398516,-0.19620566797798888
89,89,-17100,2.133455166583219e-05,4.402236110036537e-05,0.0042028321343872,0.0073416174778313,0.0118804349984955,1.0912833858913611e-05,0.0267381320611881,0.0014405004208057,0.0021320532835017,-0.0013190383711418258,-0.0015074724241620865,-0.001130604318121565,-0.009881394388839289,-0.011293022158673473,-0.008469766619005104,-0.7753823308265501,-0.886151235230343,-0.6646134264227573,-1.1173647581011201,-1.2769882949727087,-0.9577412212295316,-0.9534828552875155,-1.0896946917571606,-0.8172710188178705,-0.0026835616023963716,-0.0030669275455958538,-0.0023001956591968903,-2.0928088564701497,-2.3917815502515998,-1.7938361626886996,-0.10020010851354946,-0.11451440972977081,-0.0858858072973281,-0.19715749707507826,-0.22532285380008946,-0.16899214035006707
90,90,-17000,1.2967103875542777e-05,4.95192249069367e-05,0.003002484843527,0.0053504730045889,0.0130596059063453,5.7903499512290286e-05,0.0200396170224962,0.0012601242837581,0.0016019130456679,-0.0008017211075726597,-0.0009162526943687539,-0.0006871895207765654,-0.01111484549485899,-0.012702680565553131,-0.009527010424164848,-0.557456887062571,-0.6370935852143669,-0.47782018891077516,-0.8214328479992714,-0.9387803977134531,-0.7040852982850898,-1.0452926990724873,-1.1946202275114142,-0.8959651706335605,-0.014234279098865302,-0.016267747541560348,-0.012200810656170258,-1.5923657453557534,-1.819846566120861,-1.3648849245906458,-0.08768471553746689,-0.10021110347139074,-0.07515832760354305,-0.1483415842249576,-0.1695332391142373,-0.12714992933567798
91,91,-16900,4.451607731878949e-05,0.0001081619219608,0.002372420976628,0.0060891826331943,0.0137207512684092,9.9187373471789e-06,0.0153731207981719,0.0012333336773648,0.0073188583373727,-0.0027521557822564094,-0.0031453208940073257,-0.002358990670505494,-0.02426837462972914,-0.027735285291119016,-0.020801463968339262,-0.4419531113918183,-0.5050892701620782,-0.37881695262155857,-0.9318240559096046,-1.0649417781824053,-0.7987063336368039,-1.0965529364756272,-1.2532033559721454,-0.939902516979109,-0.0024391215833080636,-0.0027875675237806433,-0.002090675642835483,-1.2346421056530392,-1.411019549317759,-1.0582646619883194,-0.08582508444317764,-0.09808581079220302,-0.07356435809415227,-0.6676478055584626,-0.7630260634953858,-0.5722695476215395
92,92,-16800,0.0008992051780064,0.0002596811062984,0.0030546709359677,0.0074121472568887,0.0169738800153073,2.190891005781866e-05,0.0171055885298704,0.0019631948983755,0.005749484723702,-0.05550853374112802,-0.06343832427557489,-0.04757874320668116,-0.0582083126112471,-0.06652378584142525,-0.049892839381068935,-0.566989066232127,-0.647987504265288,-0.48599062819896593,-1.1277532307472222,-1.2888608351396826,-0.9666456263547619,-1.3465383456010331,-1.5389009664011808,-1.1541757248008855,-0.005387177023847992,-0.006156773741540563,-0.004617580306155422,-1.3683399664177895,-1.5638171044774738,-1.1728628283581053,-0.13641662647460884,-0.15590471597098154,-0.11692853697823614,-0.5266390716333578,-0.6018732247238373,-0.451404918542878
93,93,-16700,0.0005049261719053,0.0002203577939856,0.0031021288929509,0.0058387487141451,0.0166101813151088,2.351159198207861e-06,0.0148638996239898,0.0031180978370599,0.0066170411164126,-0.031191118839255856,-0.035646992959149554,-0.026735244719362165,-0.049406314671732794,-0.05646435962483748,-0.04234826971862811,-0.5756530365478159,-0.6578891846260753,-0.4934168884695564,-0.894479723300347,-1.0222625409146822,-0.7666969056860117,-1.3187732480765015,-1.5071694263731445,-1.1303770697798583,-0.0005782054588661675,-0.0006608062387041914,-0.0004956046790281436,-1.1951421536670013,-1.3658767470480015,-1.024407560286001,-0.21617177137892032,-0.24705345300448034,-0.18529008975336028,-0.6047321455456544,-0.6911224520521764,-0.5183418390391323
94,94,-16600,-8.881405780232795e-22,0.0002672314943634,0.0029019894227664,0.0067997701055384,0.0161636901082722,-1.0658162654782694e-20,0.0134717782527485,0.0037013384547668,0.0090871558855359,5.491259770409392e-20,6.275725451896448e-20,4.706794088922336e-20,-0.059897858751389775,-0.06845469571587402,-0.051341021786905514,-0.5390857733708231,-0.6160980267095122,-0.46207352003213414,-1.037341944575376,-1.185533650943287,-0.8891502382074652,-1.284624985185975,-1.4681428402125427,-1.1011071301594069,2.6211366895532685e-18,2.9955847880608787e-18,2.246688591045659e-18,-1.0866830212438316,-1.2419234528500933,-0.93144258963757,-0.2563106184509564,-0.2929264210868073,-0.21969481581510544,-0.8251541129596298,-0.9430332719538626,-0.7072749539653969
95,95,-16500,-8.881405780232795e-22,0.0002503562952077,0.0026549503295516,0.0088586204569331,0.0135922303579366,3.0712233172965325e-05,0.0122194954725694,0.0024522949897743,0.009957172350809,5.491259770409392e-20,6.275725451896448e-20,4.706794088922336e-20,-0.056121479293273574,-0.06413883347802694,-0.04810412510852021,-0.4938422634880325,-0.5643911582720371,-0.42329336870402784,-1.3394109441774327,-1.5307553647742087,-1.1480665235806564,-1.0866005144044086,-1.2418291593193242,-0.9313718694894932,-0.00755135715843246,-0.008630122466779954,-0.006472591850084966,-0.9885222817090319,-1.129739750524608,-0.8473048128934559,-0.17023744405637448,-0.19455707892157084,-0.14591780919117814,-0.9021192249945704,-1.0309933999937948,-0.7732450499953462
96,96,-16400,9.67149914082031e-08,0.001363581455815,0.0107610657388662,0.0294359815968295,0.0141373422598638,5.664578534201675e-07,0.0108029771537794,0.0016887585732591,0.0114495112695589,-5.9797633834155685e-06,-6.834015295332079e-06,-5.125511471499058e-06,-0.303505227359808,-0.3468631169826377,-0.2601473377369783,-1.918975734742133,-2.1931151254195806,-1.6448363440646852,-4.087341421095538,-4.671247338394901,-3.503435503796176,-1.1287728575345874,-1.2900261228966714,-0.9675195921725035,-0.0001393070833235836,-0.0001592080952269527,-0.00011940607142021451,-0.8768006984150188,-1.0020579410457358,-0.7515434557843018,-0.11741082657293356,-0.13418380179763836,-0.10063785134822877,-1.033333252116299,-1.1809522881329133,-0.8857142160996849
97,97,-16300,1.3061552934347429e-06,0.0004448150122596,0.0082810093797477,0.0175928623711421,0.0114919438710046,5.493376443092337e-08,0.010994987580354,0.0010525889067678,0.0085308236852766,-8.075772737787005e-05,-9.229454557470863e-05,-6.922090918103148e-05,-0.09958856389224867,-0.11381550159114134,-0.08536162619335601,-1.4956162056232347,-1.709275663569411,-1.2819567476770584,-2.5632987324265177,-2.929484265630306,-2.1971131992227297,-0.9231262396676548,-1.055001416763034,-0.7912510625722756,-1.3509725318553778e-05,-1.5439686078347175e-05,-1.1579764558760382e-05,-0.8919876500230574,-1.0194144571692083,-0.7645608428769063,-0.07327376954966407,-0.08374145091390178,-0.06280608818542634,-0.7757563704010618,-0.886578709029785,-0.6649340317723387
98,98,-16200,1.6424657321530827e-06,5.3650329908746266e-05,0.0401229368767839,0.0584121393133052,0.0078888419085182,6.282050549899794e-05,0.0088854313135416,0.0006373852196205,0.0049720436830579,-0.00010155126399487769,-0.00011605858742271737,-8.704394056703802e-05,-0.012041774304193703,-0.013762027776221373,-0.01032152083216603,-6.223868106942543,-7.1129921222200485,-5.334744091665037,-7.274571485389255,-8.313795983302006,-6.235346987476504,-0.6389798404717351,-0.7302626748248401,-0.54769700611863,-0.015442481635292707,-0.01764855044033452,-0.013236412830250892,-0.7243882799917043,-0.8278723199905192,-0.6209042399928895,-0.044406907419627384,-0.05075075133671701,-0.03806306350253776,-0.45635584002177465,-0.5215495314534567,-0.3911621485900925
99,99,-16100,5.149580260193286e-07,8.776886901874911e-05,0.0140713808229988,0.0235310378825414,0.0062545834211563,0.0001067578462422,0.0075214738051829,0.0011239468179626,0.003964088215885,-3.1839168137425753e-05,-3.638762072848658e-05,-2.7290715546364932e-05,-0.01969534426940859,-0.022508964879324102,-0.016881723659493076,-2.467670292218752,-2.820194619678574,-2.1151459647589306,-3.345789441648896,-3.8237593618844525,-2.867819521413339,-0.5085315798761502,-0.5811789484298859,-0.43588421132241445,-0.026235024393034056,-0.029982885020610348,-0.02248716376545776,-0.6151454633698198,-0.7030233867083654,-0.5272675400312741,-0.0782300979730236,-0.08940582625488412,-0.06705436969116309,-0.364805574674461,-0.4169206567708126,-0.31269049257810944
100,100,-16000,1.0972593210106794e-06,0.0001362185383502,0.0072014159786932,0.0145211746296988,0.0053770683008603,3.0428431287341768e-05,0.0071587865586435,0.0011156576764542,0.0032677807221853,-6.784201101828166e-05,-7.753372687803619e-05,-5.815029515852714e-05,-0.030557963347813463,-0.03492338668321539,-0.026192540012411537,-1.3079193947370653,-1.494765022556646,-1.1210737669174846,-2.1431552866656545,-2.4493203276178903,-1.8369902457134177,-0.4380778499558943,-0.5006603999495935,-0.3754952999621951,-0.007481592407618419,-0.00855039132299248,-0.006412793492244359,-0.5859796206320883,-0.6696909950081008,-0.5022682462560756,-0.07765442872932751,-0.08874791854780288,-0.06656093891085214,-0.30127765056312267,-0.3443173149292831,-0.2582379861969623
101,101,-15900,2.917471451574534e-07,8.766288831228595e-05,0.0058663856131109,0.0097027035455646,0.0071688463388472,8.408803154772845e-06,0.0081198656787877,0.0026498331036604,0.0062671824668065,-1.8038344101214444e-05,-2.0615250401387933e-05,-1.546143780104095e-05,-0.01967157555332993,-0.022481800632377067,-0.016861350474282798,-1.0728840784064904,-1.2261532324645603,-0.9196149243484203,-1.461705150128773,-1.6705201715757405,-1.2528901286818055,-0.5816308242952484,-0.6647209420517125,-0.4985407065387843,-0.002067834860109668,-0.0023632398401253352,-0.0017724298800940012,-0.6631578034217561,-0.7578946324820071,-0.5684209743615053,-0.1838784258078726,-0.2101467723518544,-0.1576100792638908,-0.5732822351859214,-0.6551796973553387,-0.491384773016504
102,102,-15800,-8.881405780232795e-22,0.0009602766064415,0.0073078369625591,0.0150292128867344,0.0085170432889083,1.8241553460911165e-05,0.0088081307727329,0.0033888118207547,0.0092130240368157,5.491259770409392e-20,6.275725451896448e-20,4.706794088922336e-20,-0.21428745144552513,-0.24489994450917157,-0.1836749583818787,-1.3265150023136332,-1.5160171455012952,-1.1370128591259714,-2.213394028900616,-2.5295931758864185,-1.8971948819148141,-0.6888613831122851,-0.7872701521283259,-0.5904526140962443,-0.004485527093861974,-0.005126316678699399,-0.0038447375090245495,-0.7182156419950508,-0.8208178765657723,-0.6156134074243292,-0.23481394063766725,-0.26835878930019114,-0.20126909197514337,-0.836310399672652,-0.9557833139116023,-0.7168374854337016
103,103,-15700,3.533686938792152e-07,0.0003635846884158,0.004896941485088,0.0084998829868149,0.0098447088885381,3.526031915345236e-07,0.0088160421773658,0.0035116530274572,0.0114626208797389,-2.1848321420516344e-05,-2.496951019487582e-05,-1.8727132646156864e-05,-0.08144442153670403,-0.09307933889909031,-0.06980950417431774,-0.9001454526845376,-1.0287376602109002,-0.7715532451581751,-1.2871651038700338,-1.4710458329943243,-1.1032843747457433,-0.7938079829195219,-0.9072091233365964,-0.6804068425024473,-8.671465263810889e-05,-9.910246015783873e-05,-7.432684511837905e-05,-0.7188474892057455,-0.8215399876637091,-0.6161549907477818,-0.24326656183088222,-0.27801892780672255,-0.2085141958550419,-1.0344814412676142,-1.1822645043058446,-0.8866983782293836
104,104,-15600,-8.881405780232795e-22,0.0001811380347217,0.0033714050019003,0.0077852369657298,0.0115748569269828,4.899831861886269e-05,0.011567872703926,0.0023337063247259,0.0117238798690521,5.491259770409392e-20,6.275725451896448e-20,4.706794088922336e-20,-0.0406230775621086,-0.04642637435669555,-0.03481978076752166,-0.6247299068182192,-0.713977036363679,-0.5354827772727593,-1.182600558612948,-1.3515434955576549,-1.0136576216682411,-0.9296095914684319,-1.062410961678208,-0.796808221258656,-0.012045893164518387,-0.013766735045163871,-0.010325051283872903,-0.9372194317705869,-1.0711079220235278,-0.8033309415176458,-0.1620431755277161,-0.1851922006031041,-0.13889415045232809,-1.0573473125065018,-1.2083969285788592,-0.9062976964341444
105,105,-15500,2.450979653028478e-06,0.0002715778700127,0.0047029690756486,0.0091240239708402,0.0163850354685346,1.4452090903734643e-06,0.0082642808388175,0.0032549043606878,0.01447945275473,-0.00015154028569593623,-0.00017318889793821286,-0.00012989167345365963,-0.060870370717377976,-0.06956613796271768,-0.05217460347203827,-0.8653714346611374,-0.9889959253270143,-0.7417469439952606,-1.3779597063164357,-1.5748110929330692,-1.181108319699802,-1.3015624338843903,-1.4874999244393032,-1.1156249433294774,-0.000355413238356537,-0.00040618655812175655,-0.00030463991859131737,-0.6747249651164863,-0.7711142458474128,-0.5783356843855597,-0.2255951732370553,-0.2578230551280632,-0.1933672913460474,-1.2966585675898967,-1.4818955058170247,-1.1114216293627686
106,106,-15400,7.395902667013573e-07,0.0007334357815541,0.0190586645656539,0.0188766771744339,0.0236980292336943,1.44260126804602e-06,0.0084729130263007,0.0057206468126824,0.0174125538136807,-4.572786192311294e-05,-5.226041362641479e-05,-3.919531021981109e-05,-0.16390456602068695,-0.18731950402364225,-0.14048962801773168,-3.2607968064764097,-3.7266249216873257,-2.7949686912654945,-2.735731135361839,-3.1265498689849585,-2.344912401738719,-1.8517432863329555,-2.1162780415233775,-1.5872085311425332,-0.0003547719158034783,-0.0004054536180611181,-0.00030409021354583853,-0.6914219363371195,-0.7901964986709936,-0.5926473740032452,-0.3945674753313661,-0.45093425752156124,-0.33820069314117096,-1.5477074855255784,-1.7688085548863752,-1.3266064161647813
107,107,-15300,1.6271484794230072e-06,0.0004237556762544,0.0152754073919588,0.0119333774135022,0.0194794812852246,3.8878968404151264e-10,0.0086954470388173,0.0044843271559985,0.0183366464727667,-0.00010060422329008983,-0.00011497625518867408,-8.623219139150556e-05,-0.09488642212526492,-0.10844162528601706,-0.08133121896451279,-2.662754210447519,-3.0431476690828787,-2.2823607518121594,-1.7806577010312856,-2.0350373726071838,-1.526278029455388,-1.536581320764875,-1.756092938017,-1.31706970351275,-9.561412558475153e-08,-1.0927328638257317e-07,-8.195496478692988e-08,-0.709213585466459,-0.8105298119616673,-0.6078973589712505,-0.3100507733832822,-0.35434374100946536,-0.265757805757099,-1.6260291250300458,-1.8583190000343384,-1.3937392500257537
108,108,-15200,-8.881405780232795e-22,0.0006504734598518,0.0671696867528471,0.0405458738043261,0.0146227954299696,5.918472525347179e-06,0.0076965403937946,0.0038687821339294,0.0145542884060095,5.491259770409392e-20,6.275725451896448e-20,4.706794088922336e-20,-0.14544160315962176,-0.16621897503956776,-0.12466423127967582,-9.30406913656028,-10.633221870354603,-7.974916402765954,-5.392334936859871,-6.162668499268425,-4.622001374451319,-1.1662415318349155,-1.332847464954189,-0.9996355987156418,-0.001455455398844393,-0.0016633775986793062,-0.0012475331990094796,-0.6292059278838321,-0.7190924890100938,-0.5393193667575704,-0.26781704826829444,-0.3060766265923365,-0.22955746994425238,-1.3031107077811157,-1.4892693803212753,-1.1169520352409563
109,109,-15100,-8.881405780232795e-22,0.0002279060680182,0.016157521762346,0.011396428616908,0.0129728513922445,9.411091912260472e-06,0.0087542883781081,0.0029705202108996,0.0104125499747908,5.491259770409392e-20,6.275725451896448e-20,4.706794088922336e-20,-0.051096238836050745,-0.058395701526915145,-0.04379677614518635,-2.8042014034069256,-3.2048016038936296,-2.403601202920222,-1.7044378233846378,-1.9479289410110148,-1.4609467057582612,-1.0385549001751033,-1.186919885914404,-0.890189914435803,-0.0023142944989804942,-0.0026449079988348505,-0.001983680999126138,-0.7139148808160211,-0.8159027209325956,-0.6119270406994467,-0.20600071481696222,-0.23542938836224253,-0.1765720412716819,-0.9422656898709033,-1.0768750741381752,-0.8076563056036313
110,110,-15000,4.384971429679863e-08,0.0001255104004659,0.0080467689125621,0.0075636207906705,0.0121857422994261,4.7062923439822594e-08,0.0098339732743104,0.0043973971175473,5.125515745635601e-07,-2.711171624944547e-06,-3.0984818570794824e-06,-2.323861392809612e-06,-0.028157734721341195,-0.032180268252961365,-0.024135201189721026,-1.455069304698871,-1.6629363482272812,-1.2472022611704607,-1.1500425539217376,-1.3143343473391285,-0.9857507605043464,-0.9773015768148297,-1.1169160877883768,-0.8376870658412826,-1.157406942905959e-05,-1.3227507918925246e-05,-9.920630939193935e-06,-0.7999510954791139,-0.9142298234047016,-0.6856723675535262,-0.3040925661059769,-0.34753436126397363,-0.26065077094798017,-4.7665653395226784e-05,-5.447503245168776e-05,-4.085627433876581e-05
111,111,-14900,-8.881405780232795e-22,6.683300131881894e-05,0.0066392199031371,0.007105541149647,0.0118954306367937,3.1922138878671155e-06,0.0085530789839351,0.0033753409165305,8.912847659722649e-07,5.491259770409392e-20,6.275725451896448e-20,4.706794088922336e-20,-0.01499934650312482,-0.017142110289285507,-0.01285658271696413,-1.2093415083290417,-1.3821045809474763,-1.0365784357106071,-1.082546194047954,-1.2371956503405186,-0.9278967377553892,-0.9546535272475613,-1.0910326025686414,-0.8182744519264812,-0.0007850359897669186,-0.0008971839883050497,-0.0006728879912287874,-0.6978333514801303,-0.797523830263006,-0.5981428726972544,-0.23388676658769322,-0.2672991618145065,-0.2004743713608799,-8.288654271642058e-05,-9.472747739019496e-05,-7.104560804264622e-05
112,112,-14800,7.881503628434171e-07,0.0003646738377186,0.0109526618258717,0.0181297039758816,0.0190816552578647,3.043566699355343e-07,0.009924997334499,0.0043110470626891,2.4642061559942008e-05,-4.873026254907739e-05,-5.569172862751702e-05,-4.1768796470637765e-05,-0.08168782590844587,-0.09335751532393813,-0.0700181364929536,-1.9512374899616407,-2.2299857028133037,-1.6724892771099777,-2.635626995676247,-3.0121451379157107,-2.259108853436783,-1.506550777801715,-1.7217723174876745,-1.2913292381157557,-7.484955466154194e-05,-8.554234818461936e-05,-6.415676113846453e-05,-0.8071847445000264,-0.922496850857173,-0.6918726381428797,-0.2981720844297783,-0.3407680964911752,-0.25557607236838137,-0.002291485817475608,-0.0026188409342578376,-0.0019641307006933784
113,113,-14700,1.90624247928392e-06,0.0003375156596929,0.0265330275337342,0.0055545523000632,0.0427012620563697,1.799285129975773e-05,0.0135722384634569,0.0070878184788182,4.361470853152161e-07,-0.00011786014116428238,-0.0001346973041877513,-0.00010102297814081347,-0.07561747142091797,-0.08641996733819196,-0.06481497550364397,-4.379586511142673,-5.0052417270201985,-3.7539312952651485,-0.8520014828616951,-0.9737159804133659,-0.7302869853100245,-3.200841657769262,-3.6581047517362997,-2.7435785638022248,-0.004424379929744801,-0.00505643420542263,-0.0037923256540669725,-1.094533094789375,-1.2508949654735713,-0.9381712241051785,-0.48755119760909826,-0.5572013686961124,-0.4179010265220842,-4.056028905210691e-05,-4.635461605955075e-05,-3.4765962044663066e-05
114,114,-14600,1.1306128243084682e-06,0.0001081648993116,0.0454389504566913,0.0069026062498638,0.0832174163550951,0.0004141626606112,0.0240925727364408,0.0045814768330394,-8.437683406748658e-21,-6.990420741575517e-05,-7.989052276086305e-05,-5.9917892070647294e-05,-0.024269042197032707,-0.027736048225180235,-0.020802036168885176,-6.886244084515061,-7.869993239445784,-5.902494929584337,-1.0525583650309511,-1.2029238457496585,-0.902192884312244,-5.739828869514667,-6.559804422302476,-4.919853316726857,-0.1015584949098007,-0.11606685132548651,-0.08705013849411489,-1.8969623591013898,-2.1679569818301596,-1.62596773637262,-0.3167070164260054,-0.36195087591543473,-0.2714631569365761,7.8467857756097845e-19,8.967755172125468e-19,6.725816379094101e-19
115,115,-14500,1.630823651268016e-06,0.0002007202775792,0.0541257289852314,0.0042217672062229,0.1039349489319984,0.0004973898787405,0.0253291593245749,0.0018629462930395,1.1079117139417994e-08,-0.00010083145316396012,-0.00011523594647309727,-8.642695985482296e-05,-0.04500905862714953,-0.05143892414531375,-0.03857919310898531,-7.905370463409059,-9.034709101038924,-6.776031825779193,-0.6513729230196342,-0.7444261977367247,-0.5583196483025435,-6.887593217672471,-7.871535105911396,-5.903651329433547,-0.12189589900359422,-0.13930959886125055,-0.1044821991459379,-1.9887942252517954,-2.2729076860020516,-1.704680764501539,-0.1294764158303034,-0.14797304666320388,-0.11097978499740291,-1.0303237515071512e-06,-1.1775128588653157e-06,-8.831346441489867e-07
116,116,-14400,4.376735430529785e-06,5.7177629671996495e-05,0.0540838779626106,0.0170215709301944,0.0822312562766412,0.0002149068908285,0.0719330966401466,0.0345138981524339,-8.437683406748658e-21,-0.000270605869954891,-0.0003092638513770183,-0.00023194788853276373,-0.012833183672200682,-0.01466649562537221,-0.010999871719029155,-7.900637691556,-9.029300218921142,-6.771975164190857,-2.4859731587620244,-2.8411121814423135,-2.1308341360817353,-5.682853679286253,-6.494689919184289,-4.871017439388217,-0.052771854661293,-0.06031069104147772,-0.04523301828110829,-5.11343204447856,-5.843922336546926,-4.382941752410194,-2.252690381706171,-2.5745032933784806,-1.9308774700338607,7.8467857756097845e-19,8.967755172125468e-19,6.725816379094101e-19
117,117,-14300,2.5760308759514766e-06,4.635374406310516e-05,0.0328764803581313,0.0116982089368563,0.0576272373437689,0.0001444992958049,0.028319811713298,0.0090302037056014,0.038600594053519,-0.00015927197444708856,-0.00018202511365381552,-0.00013651883524036163,-0.010404548203933803,-0.011890912233067204,-0.008918184174800402,-5.269019441616813,-6.021736504704928,-4.516302378528696,-1.7473185297749252,-1.9969354625999143,-1.4977015969499359,-4.185868543471352,-4.783849763967259,-3.587887322975444,-0.035500325096512964,-0.04057180011030053,-0.030428850082725396,-2.208795066906779,-2.5243372193220335,-1.8932529144915249,-0.6188001939825319,-0.7072002216943222,-0.5304001662707417,-3.255808037014506,-3.7209234708737213,-2.790692603155291
118,118,-14200,2.398808019153962e-07,2.0712875679987097e-05,0.0264516347798631,0.0739845525161572,0.0297028365586689,6.441508441859878e-05,0.0188985094523694,0.0056983024008233,0.0256811131624579,-1.4831517348182873e-05,-1.6950305540780426e-05,-1.271272915558532e-05,-0.004649970815443774,-0.00531425236050717,-0.0039856892703803775,-4.367828285554434,-4.991803754919352,-3.7438528161895146,-8.730194887216411,-9.977365585390185,-7.483024189042639,-2.290250556224701,-2.617429207113944,-1.963071905335458,-0.015834282294561113,-0.018096322622355557,-0.013572241966766669,-1.5055928184262841,-1.720677506772896,-1.290508130079672,-0.39304363158821476,-0.44919272181510256,-0.3368945413613269,-2.235708372128303,-2.5550952824323465,-1.9163214618242599
119,119,-14100,1.2968982202997327e-06,2.5717702954039617e-05,0.0140279459961739,0.0072923405139527,0.0334719752721775,0.0001058845464077,0.0161266497286817,0.0039627725099847,0.007235392567113,-8.01853769999345e-05,-9.164043085706802e-05,-6.873032314280101e-05,-0.005773352343248845,-0.0065981169637129656,-0.004948587722784724,-2.4605887123573744,-2.8121013855512853,-2.109076039163464,-1.1101028731410076,-1.2686889978754372,-0.951516748406578,-2.559618001776948,-2.9252777163165113,-2.193958287237384,-0.026020576367286666,-0.029737801562613332,-0.022303351171959997,-1.2929237791826202,-1.477627176208709,-1.1082203821565317,-0.2742725594931641,-0.31345435370647323,-0.23509076527985495,-0.6601774290150446,-0.754488490302908,-0.565866367727181
120,120,-14000,1.4088536562818846e-05,6.824360434488578e-06,0.0099576805214277,0.0009111364372695,0.0255295792986225,5.978665473014143e-05,0.0132460833439883,0.0031816650725127,0.0067787150222309,-0.0008710545446442088,-0.00099549090816481,-0.0007466181811236074,-0.0015321824208442932,-0.0017510656238220491,-0.001313299217866537,-1.7830097508800882,-2.0377254295772436,-1.5282940721829326,-0.14266048227455985,-0.16304055117092553,-0.12228041337819415,-1.9867352059997874,-2.270554521142614,-1.7029158908569604,-0.01469701626014719,-0.01679659001159679,-0.012597442508697593,-1.0690337043217857,-1.2217528049391837,-0.9163146037043879,-0.22055099598875338,-0.25205828113000384,-0.18904371084750288,-0.6192461249681025,-0.7077098571064029,-0.5307823928298022
121,121,-13900,1.7490743399849734e-06,1.2028345918903169e-05,0.0104708757882073,0.0008319729026791,0.0359400072131907,6.406539258365862e-06,0.0168337650585337,0.0038768857736267,0.0167746617551268,-0.00010814269857723037,-0.00012359165551683473,-9.269374163762603e-05,-0.0027004735671128112,-0.0030862555052717845,-0.0023146916289538385,-1.869992206812272,-2.1371339506425966,-1.6028504629819476,-0.13031166196292066,-0.14892761367190932,-0.11169571025393198,-2.73360906295845,-3.1241246433810854,-2.343093482535814,-0.0015754741000772964,-0.001800541828659767,-0.0013504063714948253,-1.3474328999531866,-1.5399233142322133,-1.15494248567416,-0.2683737225324376,-0.3067128257513572,-0.23003461931351796,-1.493428020273383,-1.7067748803124378,-1.2800811602343283
122,122,-13800,7.774337604826433e-07,5.329393499900252e-05,0.0152000953751503,0.0012252258444804,0.048472713118305,2.028348843033183e-05,0.0145580679389567,0.0032263511610656,0.010209195383286,-4.80676705436769e-05,-5.493448062134502e-05,-4.120086046600877e-05,-0.011961809086058211,-0.0136706389554951,-0.010252979216621324,-2.6506203088290397,-3.029280352947474,-2.2719602647106054,-0.19156961464192068,-0.21893670244790933,-0.16420252683593198,-3.5891000327049922,-4.101828608805706,-3.076371456604279,-0.004987559415494085,-0.005700067903421812,-0.004275050927566359,-1.1713745396680928,-1.3387137596206773,-1.004035319715508,-0.2236288153199521,-0.2555757889370881,-0.19168184170281607,-0.9243494704409446,-1.0563993947896508,-0.7922995460922382
123,123,-13700,1.3063716313918164e-05,9.205744780544284e-06,0.0114863629036592,0.0008425612777886,0.0392172114120806,4.583101667873054e-05,0.013256380359869,0.0026172449257974,0.0084535572438777,-0.0008076942565801183,-0.0009230791503772781,-0.0006923093627829586,-0.0020668112412745476,-0.002362069990028055,-0.0017715524925210411,-2.040773451135964,-2.332312515583959,-1.7492343866879692,-0.1319638628981327,-0.15081584331215164,-0.11311188248411372,-2.961780916733338,-3.384892476266672,-2.538669357200004,-0.011267484856894818,-0.012877125550736935,-0.009657844163052702,-1.0698393297561712,-1.2226735197213388,-0.917005139791004,-0.1816287872835559,-0.20757575689549243,-0.15568181767161934,-0.7688844471018402,-0.8787250824021031,-0.6590438118015773
124,124,-13600,5.254108308684294e-07,1.8384465683611848e-06,0.0106612707295778,0.0005893665484607,0.0339000447529441,1.4912955649539792e-05,0.0156205945158043,0.0031313231470483,0.0097890340314039,-3.248545052430812e-05,-3.712622917063785e-05,-2.7844671877978387e-05,-0.0004127750337533326,-0.0004717428957180944,-0.0003538071717885708,-1.9021468707053208,-2.1738821379489384,-1.6304116034617036,-0.09241263473186964,-0.10561443969356532,-0.07921082977017398,-2.589930379174008,-2.9599204333417233,-2.2199403250062923,-0.0036671235869846614,-0.004190998385125328,-0.0031432487888439953,-1.2538051670831212,-1.4329201909521385,-1.074690143214104,-0.21708297001299734,-0.24809482287199697,-0.1860711171539977,-0.8872720775350924,-1.014025231468677,-0.7605189236015077
125,125,-13500,3.7721360079793083e-07,6.455433990928295e-06,0.0130866063421023,0.0011159743430266,0.0401091893021123,9.40401629272293e-06,0.0142741751030407,0.0020303002716944,0.0077380447607051,-2.3322619660489493e-05,-2.665442246913085e-05,-1.999081685184814e-05,-0.0014493557282602026,-0.0016564065465830887,-0.0012423049099373165,-2.3063524015878047,-2.6358313161003477,-1.9768734870752611,-0.17457284852418192,-0.19951182688477936,-0.1496338701635845,-3.0233263100354915,-3.45523006861199,-2.591422551458993,-0.002312554638656569,-0.002642919587036079,-0.0019821896902770596,-1.1492819659650313,-1.3134651039600356,-0.9850988279700268,-0.14106078791226964,-0.16121232904259386,-0.1209092467819454,-0.7051168464250936,-0.8058478244858214,-0.6043858683643659
126,126,-13400,7.733579411286039e-06,0.0005679558878586,0.0152706438435288,0.002759685400381,0.0638097888259219,4.8740966443664345e-05,0.0187634602200135,0.0030001496808746,0.0075060039544587,-0.0004781508062027264,-0.0005464580642316873,-0.0004098435481737655,-0.12705819401755464,-0.14520936459149103,-0.10890702344361827,-2.6619870006322017,-3.042270857865373,-2.28170314339903,-0.4285516649419207,-0.4897733313621951,-0.36732999852164633,-4.5762331786971275,-5.22998077565386,-3.922485581740395,-0.011982646596825474,-0.013694453253514826,-0.01027083994013612,-1.4952934670199085,-1.708906819451324,-1.2816801145884928,-0.20804325640921614,-0.23776372161053275,-0.17832279120789957,-0.684385956328354,-0.782155378660976,-0.586616533995732
127,127,-13300,3.319317121855896e-06,0.0002110226812168,0.0087872214711578,0.0003574319712046,0.0227138899922205,0.000150514867664,0.0144468808535062,0.0037553681532164,-8.437683406748658e-21,-0.000205227935186088,-0.00023454621164124346,-0.0001759096587309326,-0.04731612307455146,-0.054075569228058805,-0.0405566769210441,-1.5829073162345044,-1.8090369328394338,-1.3567776996295753,-0.056103604158787235,-0.06411840475289969,-0.04808880356467477,-1.7787516667230203,-2.032859047683452,-1.5246442857625888,-0.03697665852765594,-0.04225903831732108,-0.03169427873799081,-1.162725383946797,-1.3288290102249107,-0.9966217576686831,-0.2600242756230659,-0.2971706007120753,-0.2228779505340565,7.8467857756097845e-19,8.967755172125468e-19,6.725816379094101e-19
128,128,-13200,2.5920789264451003e-06,4.826541930826328e-05,0.0102115942079257,0.0007777446992875,0.0117937048857555,0.0002082137096675,0.0113406141149959,0.0032165931355141,8.31339684741708e-08,-0.0001602641958556597,-0.0001831590809778968,-0.00013736931073342261,-0.010833509468561958,-0.012381153678356524,-0.009285865258767394,-1.8261030840630597,-2.0869749532149253,-1.565231214911194,-0.12184748477031764,-0.13925426830893445,-0.10444070123170084,-0.9467104727178408,-1.0819548259632468,-0.811466119472435,-0.05113069935274066,-0.05843508497456076,-0.043826313730920566,-0.9192907371732054,-1.0506179853408064,-0.7879634890056048,-0.2229567636105032,-0.2548077298405751,-0.19110579738043132,-7.731201394404664e-06,-8.835658736462472e-06,-6.626744052346855e-06
129,129,-13100,3.29349346233547e-06,2.664550798318956e-21,0.0064308031980682,0.0003610942978753,0.018650567966157,9.08770683168113e-05,0.0099691862190452,0.0025522908171462,-8.437683406748658e-21,-0.00020363130994851557,-0.00023272149708401782,-0.00017454112281301338,-5.982621611494906e-19,-6.837281841708464e-19,-5.127961381281348e-19,-1.172650101580585,-1.340171544663526,-1.0051286584976444,-0.056677523151365594,-0.06477431217298925,-0.04858073412974193,-1.4739485474411302,-1.6845126256470062,-1.2633844692352547,-0.022334920178275423,-0.0255256230608862,-0.019144217295664647,-0.8106953158932626,-0.9265089324494431,-0.6948816993370822,-0.17714398515080682,-0.2024502687437792,-0.1518377015578344,7.8467857756097845e-19,8.967755172125468e-19,6.725816379094101e-19
130,130,-13000,1.887225928159466e-06,2.664550798318956e-21,0.0049023176465485,0.0007108215857117,0.0366324319455998,1.2039721946137434e-05,0.0205912150712566,0.0087771755202796,-8.437683406748658e-21,-0.00011668437997323205,-0.00013335357711226518,-0.0001000151828341989,-5.982621611494906e-19,-6.837281841708464e-19,-5.127961381281348e-19,-0.9011082443021686,-1.0298379934881927,-0.7723784951161445,-0.11139616362135046,-0.1273099012815434,-0.09548242596115755,-2.782088788615474,-3.1795300441319707,-2.384647533098978,-0.0029606498302383673,-0.0033835998059867055,-0.002537699854490029,-1.6341497712517137,-1.8675997385733871,-1.4006998039300402,-0.6017593939488963,-0.6877250216558816,-0.5157937662419111,7.8467857756097845e-19,8.967755172125468e-19,6.725816379094101e-19
131,131,-12900,2.124710387043816e-06,2.664550798318956e-21,0.0026633131337601,0.0007961459021463,0.0362289019951442,8.615037872787718e-05,0.0091592874648862,0.0014602676231712,1.4714288193635174e-06,-0.00013136763671338356,-0.00015013444195815262,-0.00011260083146861446,-5.982621611494906e-19,-6.837281841708464e-19,-5.127961381281348e-19,-0.49537579618668437,-0.5661437670704965,-0.42460782530287233,-0.12472008624849121,-0.1425372414268471,-0.10690293107013532,-2.7538535939788957,-3.147261250261595,-2.3604459376961966,-0.02117394117848799,-0.024198789918271988,-0.018149092438703995,-0.746238490576792,-0.8528439892306195,-0.6396329919229646,-0.10157110973609092,-0.1160812682698182,-0.08706095120236365,-0.00013683781474404285,-0.0001563860739931918,-0.00011728955549489388
132,132,-12800,1.3614772173764935e-06,2.664550798318956e-21,0.0043011827357033,0.0007882843390116,0.0188058012457815,0.0002763368647371,0.0051362843238116,0.0001870207815329,-8.437683406748658e-21,-8.417819516527814e-05,-9.620365161746071e-05,-7.215273871309555e-05,-5.982621611494906e-19,-6.837281841708464e-19,-5.127961381281348e-19,-0.7931159079207141,-0.9064181804808161,-0.6798136353606121,-0.12349287992489431,-0.14113471991416493,-0.10585103993562368,-1.485695825728514,-1.6979380865468734,-1.273453564910155,-0.06782717162718867,-0.0775167675739299,-0.05813757568044743,-0.42242659752166295,-0.48277325431047197,-0.36207994073285393,-0.013041511323978504,-0.014904584370261147,-0.01117843827769586,7.8467857756097845e-19,8.967755172125468e-19,6.725816379094101e-19
133,133,-12700,7.545154171269203e-06,2.664550798318956e-21,0.0028726540307049,0.0004276820241395,0.0121038216128864,0.0002695878776034,0.0048199669645866,0.000173746039901,1.2908998603611703e-06,-0.00046650102868286904,-0.0005331440327804218,-0.0003998580245853163,-5.982621611494906e-19,-6.837281841708464e-19,-5.127961381281348e-19,-0.5337194070234493,-0.6099650365982278,-0.45747377744867085,-0.06710912255837294,-0.07669614006671192,-0.05752210505003394,-0.9709137602497951,-1.1096157259997659,-0.8322117944998244,-0.06617375769330817,-0.07562715164949504,-0.05672036373712128,-0.3967063811095186,-0.45337872126802126,-0.3400340409510159,-0.012116144843043554,-0.013847022677764062,-0.010385267008323047,-0.00012004930061996744,-0.00013719920070853422,-0.00010289940053140067
134,134,-12600,1.6436501611694724e-06,2.664550798318956e-21,0.002244754156252,0.0002581858964921,0.0119860245591295,0.0002076768360461,0.0078141076894592,0.0001807367045333,1.9449806693936896e-06,-0.00010162449530322792,-0.00011614228034654618,-8.710671025990963e-05,-5.982621611494906e-19,-6.837281841708464e-19,-5.127961381281348e-19,-0.41845468205405795,-0.47823392234749484,-0.3586754417606211,-0.04054368522448346,-0.04633564025655253,-0.03475173019241439,-0.9617242561053782,-1.0991134355490038,-0.8243350766617527,-0.05099905228258714,-0.05828463118009959,-0.0437134733850747,-0.6386418871492423,-0.7298764424562769,-0.5474073318422077,-0.012603461877369718,-0.014403956431279676,-0.010802967323459757,-0.0001808762789870351,-0.0002067157474137544,-0.0001550368105603158
135,135,-12500,2.958447782663977e-06,3.24821194304612e-07,0.0026800744744674,0.0007872274281144,0.013944048579865,0.0001248854989247,0.0095652982592399,0.0003087463983723,-8.437683406748658e-21,-0.00018291609224291874,-0.0002090469625633357,-0.00015678522192250178,-7.293080127632713e-05,-8.33494871729453e-05,-6.251211537970897e-05,-0.49844900366462397,-0.5696560041881418,-0.4272420031411063,-0.12332788735387311,-0.14094615697585497,-0.10570961773189123,-1.1138307839482122,-1.2729494673693853,-0.9547121005270389,-0.030685867754764982,-0.03506956314830283,-0.026302172361227127,-0.7785817285740663,-0.8898076897989329,-0.6673557673491997,-0.021524577818931388,-0.024599517507350156,-0.01844963813051262,7.8467857756097845e-19,8.967755172125468e-19,6.725816379094101e-19
136,136,-12400,6.891193716828872e-06,2.664550798318956e-21,0.0090267737882515,0.0024796226544102,0.0155776825434713,0.0001271067595839,0.0060987592241323,0.0002730374625884,1.948423289809092e-06,-0.0004260685200799595,-0.0004869354515199537,-0.0003652015886399653,-5.982621611494906e-19,-6.837281841708464e-19,-5.127961381281348e-19,-1.6240573112215329,-1.8560654985388945,-1.392049123904171,-0.38553978027702523,-0.4406168917451717,-0.33046266880887876,-1.2397010998494984,-1.4168012569708555,-1.0626009427281415,-0.031231171170923736,-0.03569276705248427,-0.0267695752893632,-0.5004521711106167,-0.5719453384121334,-0.4289590038091,-0.019036446070497398,-0.02175593836628274,-0.016316953774712054,-0.0001811964287740321,-0.00020708163288460813,-0.00015531122466345612
137,137,-12300,3.158041091659437e-07,2.664550798318956e-21,0.0058878545414617,0.0005721689661386,0.0124334605463538,0.0001161011328367,0.0052776869369647,0.000146947280351,0.0001947978356456,-1.9525753866582522e-05,-2.2315147276094314e-05,-1.6736360457070734e-05,-5.982621611494906e-19,-6.837281841708464e-19,-5.127961381281348e-19,-1.076689674924065,-1.2305024856275029,-0.9228768642206272,-0.08972296771109929,-0.10254053452697061,-0.07690540089522797,-0.9966029794213755,-1.1389748336244292,-0.8542311252183219,-0.028529202825841354,-0.03260480322953298,-0.024453602422149733,-0.4339118837385469,-0.4958992957011964,-0.3719244717758973,-0.010247885963059969,-0.011711869672068534,-0.008783902254051401,-0.018106227365021137,-0.020692831274309872,-0.015519623455732405
138,138,-12200,8.161679213763592e-06,2.664550798318956e-21,0.0092625067203694,0.0006311143383064,0.0116168355933347,0.0001211200256044,0.0052135216147467,8.094996723642739e-05,3.7025215013501775e-06,-0.0005046189270505127,-0.0005767073452005861,-0.0004325305089004395,-5.982621611494906e-19,-6.837281841708464e-19,-5.127961381281348e-19,-1.6644524029992456,-1.9022313177134234,-1.4266734882850676,-0.09894018055785199,-0.11307449206611656,-0.08480586904958742,-0.9328911551404907,-1.0661613201605609,-0.7996209901204205,-0.02976143245364044,-0.03401306566130336,-0.02550979924597752,-0.4287010651705094,-0.48994407448058214,-0.3674580558604366,-0.005646073439090569,-0.00645265535896065,-0.004839491519220487,-0.00034431971237063416,-0.0003935082427092962,-0.0002951311820319722
139,139,-12100,1.1342091878637564e-06,2.924818187116362e-07,0.0021619464866138,0.0005579715584304,0.0146144880050813,7.788897769642253e-05,0.0049629382441182,0.0001135208313292,-8.437683406748658e-21,-7.012656509187131e-05,-8.01446458192815e-05,-6.0108484364461125e-05,-6.566978447430752e-05,-7.505118225635146e-05,-5.6288386692263585e-05,-0.4031959605176805,-0.46079538344877763,-0.34559653758658326,-0.08750220957096799,-0.10000252522396344,-0.07500189391797257,-1.1656010380145139,-1.3321154720165875,-0.9990866040124404,-0.019144574164084258,-0.02187951333038201,-0.016409634997786506,-0.408336317357612,-0.46667007698012797,-0.350002557735096,-0.007917302171097299,-0.009048345338396914,-0.006786259003797685,7.8467857756097845e-19,8.967755172125468e-19,6.725816379094101e-19
140,140,-12000,3.305395350230437e-06,3.249549695231871e-07,0.0014274049206235,0.0007813775678755,0.0134531164658439,8.937050261349491e-05,0.0038583194519603,9.810900681007168e-05,0.0003398064593045,-0.00020436717989909993,-0.00023356249131325704,-0.00017517186848494277,-7.296083722753553e-05,-8.338381397432632e-05,-6.253786048074474e-05,-0.26725237968936183,-0.3054312910735564,-0.22907346830516725,-0.12241464734202637,-0.13990245410517296,-0.10492684057887973,-1.0758212039415138,-1.22950994736173,-0.9221324605212974,-0.021964882848772467,-0.025102723255739964,-0.018827042441804973,-0.31827792850209097,-0.36374620400238966,-0.2728096530017922,-0.006842642878390484,-0.007820163289589125,-0.005865122467191843,-0.03157244819438639,-0.03608279793644159,-0.027062098452331193
141,141,-11900,5.53841380349318e-06,2.8941892175777744e-07,0.0014064690441377,0.000628137532442,0.0109250379443424,0.0001066328097042,0.0031417106086309,1.233971547025381e-05,0.0031972461160783,-0.0003424297021551445,-0.0003913482310344508,-0.0002935111732758381,-6.49820856276901e-05,-7.426524071736012e-05,-5.569893053802008e-05,-0.263362060131181,-0.30098521157849256,-0.22573890868386942,-0.09847481790596223,-0.11254264903538541,-0.08440698677653904,-0.878731069356774,-1.0042640792648847,-0.7531980594486635,-0.026204320507852572,-0.029947794866117226,-0.02246084614958792,-0.2596023683595486,-0.2966884209823412,-0.2225163157367559,-0.0008607843741811553,-0.000983753570492749,-0.0007378151778695616,-0.2948293927308055,-0.33694787740663484,-0.25271090805497615
142,142,-11800,9.02290062285209e-07,2.664550798318956e-21,0.0042761886051419,0.0005969131951146,0.0192582481332697,5.70056213932052e-05,0.0051111298259132,0.0005549208960376,0.0003371560454297,-5.578735332488566e-05,-6.375697522844076e-05,-4.7817731421330566e-05,-5.982621611494906e-19,-6.837281841708464e-19,-5.127961381281348e-19,-0.7886109632204841,-0.901269672251982,-0.6759522541889864,-0.09359278413924396,-0.10696318187342169,-0.08022238640506625,-1.5198878274177534,-1.737014659906004,-1.3027609949295031,-0.01401364423896943,-0.016015593415965063,-0.012011695061973797,-0.42038264882669,-0.4804373129447886,-0.36032798470859145,-0.038667929301071026,-0.04419191920122403,-0.03314393940091802,-0.03132641061786318,-0.03580161213470078,-0.026851209101025585
143,143,-11700,-8.881405780232795e-22,2.664550798318956e-21,0.0114577351914434,0.0004453403555332,0.0650048608143014,9.311821179003082e-06,0.0154137637416439,0.0049152628018278,0.0003886824347468,5.491259770409392e-20,6.275725451896448e-20,4.706794088922336e-20,-5.982621611494906e-19,-6.837281841708464e-19,-5.127961381281348e-19,-2.0359830598409916,-2.326837782675419,-1.745128337006564,-0.06987442303974688,-0.07985648347399643,-0.059892362605497323,-4.650551802683836,-5.314916345924384,-3.9861872594432883,-0.00228988429417997,-0.0026170106219199664,-0.001962757966439975,-1.237790774663592,-1.4146180281869625,-1.0609635211402217,-0.3395570230962332,-0.38806516925283796,-0.2910488769396285,-0.036108978127365236,-0.041267403574131695,-0.030950552680598774
144,144,-11600,2.8337230988381817e-06,2.664550798318956e-21,0.0164969321550366,0.0008097327461398,0.0978481431621811,1.597902864155857e-05,0.0274083055624743,0.0115614554698047,1.295956546511821e-06,-0.00017520460323127937,-0.00020023383226431928,-0.00015017537419823946,-5.982621611494906e-19,-6.837281841708464e-19,-5.127961381281348e-19,-2.8582968151684365,-3.2666249316210703,-2.4499686987158027,-0.12684081720102577,-0.14496093394402945,-0.1087207004580221,-6.559830568383974,-7.496949221010256,-5.622711915757692,-0.003929243492566505,-0.004490563991504577,-0.0033679229936284328,-2.1420534012849206,-2.4480610300399093,-1.836045772529932,-0.7883488018785579,-0.9009700592897806,-0.6757275444673354,-0.00012051955363040564,-0.00013773663272046357,-0.0001033024745403477
145,145,-11500,3.5627089991269088e-06,2.664550798318956e-21,0.0174238208006075,0.0010173481272962,0.0881851120331893,1.972211063288806e-06,0.0286249291861401,0.0116227879073826,1.2989173603229976e-06,-0.0002202763611751417,-0.0002517444127715905,-0.0001888083095786929,-5.982621611494906e-19,-6.837281841708464e-19,-5.127961381281348e-19,-3.0051030062987674,-3.4344034357700197,-2.575802576827515,-0.15921484555629023,-0.18195982349290313,-0.13646986761967736,-6.023501579807729,-6.884001805494548,-5.163001354120911,-0.0004850144728721754,-0.0005543022547110576,-0.0004157266910332932,-2.2310756361483928,-2.5498007270267347,-1.912350545270051,-0.7924362309315065,-0.9056414067788646,-0.6792310550841485,-0.00012079489830019754,-0.0001380513123430829,-0.00010353848425731217
146,146,-11400,7.031676921942103e-07,9.269021063996998e-07,0.0233582422053931,0.0030467312231172,0.0547413282632588,6.526493715645127e-07,0.0408520427549452,0.019394182458772,4.041345833586506e-06,-4.3475906395749674e-05,-4.9686750166571065e-05,-3.72650626249283e-05,-0.0002081128122668519,-0.00023784321401925933,-0.00017838241051444447,-3.9141555262966894,-4.473320601481931,-3.3549904511114477,-0.4725252236842756,-0.5400288270677436,-0.4050216203008076,-4.000203033384427,-4.571660609582202,-3.428745457186652,-0.00016050377759668565,-0.00018343288868192647,-0.00013757466651144484,-3.0996776773391255,-3.542488774101858,-2.656866580576393,-1.3025672594392412,-1.4886482965019903,-1.1164862223764924,-0.00037582868371481353,-0.00042951849567407263,-0.0003221388717555545
147,147,-11300,2.1138766015589608e-06,2.942834216511984e-07,0.0200386509175935,0.0015286846386302,0.0607257081879059,2.7177860495710782e-05,0.0454494516011834,0.0205592350262368,3.278413106652646e-06,-0.00013069780260803687,-0.00014936891726632785,-0.00011202668794974589,-6.607429048401043e-05,-7.551347483886905e-05,-5.6635106129151795e-05,-3.412119387939256,-3.8995650147877203,-2.9246737610907902,-0.23869319227440436,-0.27279221974217643,-0.2045941648066323,-4.382749334078591,-5.008856381804104,-3.756642286353078,-0.006682510711917316,-0.007637155099334075,-0.0057278663245005565,-3.4144785243477194,-3.9022611706831083,-2.9266958780123313,-1.3777352811975034,-1.574554607082861,-1.1809159553121455,-0.00030487966904134124,-0.0003484339074758186,-0.00026132543060686394
148,148,-11200,8.463540287652812e-07,2.664550798318956e-21,0.0331313075456189,0.0090891817741565,0.0476837287779763,8.236681385994422e-06,0.0483831956859802,0.0241825075850678,-8.437683406748658e-21,-5.232891049095411e-05,-5.9804469132518984e-05,-4.4853351849389236e-05,-5.982621611494906e-19,-6.837281841708464e-19,-5.127961381281348e-19,-5.303671174970713,-6.061338485680815,-4.546003864260611,-1.3729040569330193,-1.5690332079234506,-1.1767749059425878,-3.5365836928873207,-4.0418099347283665,-3.031357451046275,-0.0020255103117233597,-0.0023148689276838393,-0.0017361516957628794,-3.612135293747927,-4.128154621426202,-3.096115966069652,-1.6093767524293114,-1.8392877170620703,-1.3794657877965528,7.8467857756097845e-19,8.967755172125468e-19,6.725816379094101e-19
149,149,-11100,2.830779566893736e-07,2.664550798318956e-21,0.0177639422903583,0.0007800495943498,0.0368881191757387,3.484584732378705e-05,0.048643563673511,0.0215839625276076,-8.437683406748658e-21,-1.750233979384838e-05,-2.0002674050112434e-05,-1.5002005537584324e-05,-5.982621611494906e-19,-6.837281841708464e-19,-5.127961381281348e-19,-3.058637713301704,-3.49558595805909,-2.621689468544318,-0.12220732657301346,-0.13966551608344394,-0.10474913706258297,-2.799953776413138,-3.199947173043586,-2.3999603797826894,-0.008567458977874294,-0.009791381688999191,-0.007343536266749394,-3.6295577603938476,-4.148066011878683,-3.111049508909012,-1.4435730171926064,-1.6497977339344074,-1.2373483004508057,7.8467857756097845e-19,8.967755172125468e-19,6.725816379094101e-19
150,150,-11000,3.1504624896313046e-06,2.664550798318956e-21,0.0111511721911596,0.0003844561186846,0.0316563330756925,0.0001650488856355,0.0465983562995065,0.0211254371545374,-8.437683406748658e-21,-0.00019478798823758644,-0.0002226148437000988,-0.0001669611327750741,-5.982621611494906e-19,-6.837281841708464e-19,-5.127961381281348e-19,-1.9845971946535093,-2.2681110796040107,-1.701083309703008,-0.06033808353311604,-0.06895780975213261,-0.05171835731409946,-2.4304162968727803,-2.7776186249974635,-2.0832139687480975,-0.0405430629342834,-0.04633492906775245,-0.034751196800814343,-3.492180140695956,-3.991063017938236,-2.9932972634536767,-1.4141451143747084,-1.6161658449996665,-1.21212438374975,7.8467857756097845e-19,8.967755172125468e-19,6.725816379094101e-19
151,151,-10900,8.910017425630896e-06,2.664550798318956e-21,0.0093058672835634,0.0002780655519905,0.0291391502055264,0.0002774351819494,0.040984953755771,0.0156313646256434,-8.437683406748658e-21,-0.000550886327664193,-0.0006295843744733633,-0.0004721882808550225,-5.982621611494906e-19,-6.837281841708464e-19,-5.127961381281348e-19,-1.671872005433047,-1.9107108633520538,-1.4330331475140403,-0.043661551264228306,-0.04989891573054664,-0.03742418679790998,-2.249580814803514,-2.5709495026325873,-1.9282121269744403,-0.06809623022966345,-0.07782426311961538,-0.05836819733971153,-3.1088666211474973,-3.5529904241685686,-2.6647428181264265,-1.0574816047146742,-1.2085504053881988,-0.9064128040411492,7.8467857756097845e-19,8.967755172125468e-19,6.725816379094101e-19
152,152,-10800,3.2967365007540283e-06,9.420176531004604e-07,0.0094426148400736,0.0009699470466795,0.0338620398302842,0.0007885895954526,0.0393837078935873,0.0133547227218602,1.1196092304995155e-06,-0.00020383182053795913,-0.00023295065204338185,-0.0001747129890325364,-0.00021150661178600467,-0.0002417218420411482,-0.00018129138153086114,-1.6952498185289089,-1.9374283640330385,-1.4530712730247792,-0.15182876295510106,-0.1735185862344012,-0.13013893967580092,-2.5872414731706317,-2.9568473979092933,-2.21763554843197,-0.19286728783104579,-0.2204197575211952,-0.1653148181408964,-2.9978092661024607,-3.4260677326885265,-2.569550799516395,-0.9074571685480729,-1.0370939069120833,-0.7778204301840624,-0.00010411990146501696,-0.00011899417310287651,-8.924562982715738e-05
153,153,-10700,3.076597348124956e-07,2.664550798318956e-21,0.004952357150116,0.0010624974973882,0.0401972076083637,0.0009902901288418,0.0416874494249978,0.01223372441347,6.55903762550606e-07,-1.902219815600616e-05,-2.173965503543561e-05,-1.6304741276576707e-05,-5.982621611494906e-19,-6.837281841708464e-19,-5.127961381281348e-19,-0.9100669776695862,-1.0400765459080983,-0.7800574094310738,-0.16624715361424494,-0.18999674698770852,-0.1424975602407814,-3.0293866511600336,-3.4621561727543244,-2.596617129565743,-0.24185679844682245,-0.2764077696535114,-0.20730582724013355,-3.157346608411375,-3.608396123898714,-2.7062970929240358,-0.8330981286586963,-0.95211214703851,-0.7140841102788825,-6.099692411380022e-05,-6.971077041577169e-05,-5.2283077811828765e-05
154,154,-10600,2.7735016890627303e-06,2.664550798318956e-21,0.0051352442636551,0.0008593003321661,0.0345938958815497,0.0012679132417629,0.0428572553561118,0.0101842437628868,-8.437683406748658e-21,-0.00017148122725446386,-0.000195978545433673,-0.00014698390907525474,-5.982621611494906e-19,-6.837281841708464e-19,-5.127961381281348e-19,-0.9427698413729667,-1.0774512472833904,-0.8080884354625427,-0.13457549114418724,-0.15380056130764255,-0.11535042098073191,-2.6389430952695467,-3.015934966022339,-2.2619512245167543,-0.30906147174492016,-0.35321311056562305,-0.26490983292421727,-3.237749926510172,-3.7002856302973397,-2.775214222723005,-0.6963082054507674,-0.7957808062294485,-0.5968356046720863,7.8467857756097845e-19,8.967755172125468e-19,6.725816379094101e-19
155,155,-10500,7.95577602676504e-07,2.664550798318956e-21,0.0026390720773696,0.0019435998582279,0.0298986818756562,0.0022724995644765,0.048445061680806,0.0111745519075501,-8.437683406748658e-21,-4.918947801795353e-05,-5.62165463062326e-05,-4.2162409729674445e-05,-5.982621611494906e-19,-6.837281841708464e-19,-5.127961381281348e-19,-0.4909302072505161,-0.5610630940005898,-0.42079732050044233,-0.30291853024579746,-0.34619260599519713,-0.25964445449639784,-2.3043570830898163,-2.6335509521026474,-1.9751632140769857,-0.5500867980707494,-0.6286706263665709,-0.4715029697749281,-3.6162767957918955,-4.13288776661931,-3.099665824964482,-0.7625415296159407,-0.8714760338467894,-0.6536070253850921,7.8467857756097845e-19,8.967755172125468e-19,6.725816379094101e-19
156,156,-10400,1.8691084133186648e-06,2.664550798318956e-21,0.0116356864188822,0.0047948889384152,0.0225157115816343,0.0015067227555962,0.0464741878404795,0.0095702458400728,6.813877074786391e-07,-0.0001155642046014703,-0.00013207337668739462,-9.905503251554597e-05,-5.982621611494906e-19,-6.837281841708464e-19,-5.127961381281348e-19,-2.0657378068293255,-2.3608432078049435,-1.7706324058537075,-0.7379350234611614,-0.8433543125270417,-0.6325157343952812,-1.7640142738099889,-2.016016312925702,-1.5120122346942761,-0.36666289986076184,-0.4190433141265849,-0.3142824855949387,-3.4838009297750094,-3.981486776885725,-2.9861150826642935,-0.6551142342482086,-0.7487019819979527,-0.5615264864984645,-6.336684410718799e-05,-7.241925040821483e-05,-5.431443780616113e-05
157,157,-10300,5.887390844443586e-07,2.664550798318956e-21,0.0056906420179358,0.00033832304616,0.0181514068104972,0.0018287930377124,0.0428327447140422,0.0057228546509156,-8.437683406748658e-21,-3.640094786062858e-05,-4.16010832692898e-05,-3.1200812451967356e-05,-5.982621611494906e-19,-6.837281841708464e-19,-5.127961381281348e-19,-1.0416995197151466,-1.1905137368173107,-0.8928853026129828,-0.053108760701471025,-0.060695726515966886,-0.04552179488697517,-1.4361186489565554,-1.641278455950349,-1.2309588419627617,-0.44404475438016544,-0.5074797192916176,-0.38060978946871327,-3.23606942143153,-3.6983650530646064,-2.7737737897984545,-0.39471803815294365,-0.4511063293176499,-0.33832974698823737,7.8467857756097845e-19,8.967755172125468e-19,6.725816379094101e-19
158,158,-10200,2.837300774862128e-07,2.664550798318956e-21,0.0029090552241959,0.0001930944139348,0.014652093858632,0.0020155910912921,0.0385186746465842,0.0046251051858117,6.560108084397486e-07,-1.7542659549528645e-05,-2.004875377088988e-05,-1.5036565328167408e-05,-5.982621611494906e-19,-6.837281841708464e-19,-5.127961381281348e-19,-0.5403780810879295,-0.6175749498147766,-0.46318121236108245,-0.03033103762022863,-0.03466404299454701,-0.025998032245910255,-1.1685002166615652,-1.3354288190417887,-1.0015716142813416,-0.4887673455466306,-0.5585912520532921,-0.41894343903996906,-2.9374908877411072,-3.357132443132694,-2.5178493323495204,-0.3196953967289579,-0.3653661676902376,-0.2740246257676782,-6.100687901719966e-05,-6.972214744822818e-05,-5.229161058617113e-05
159,159,-10100,8.150385694605188e-07,1.596448871085923e-06,0.0015402215358377,0.0001899967975403,0.0719218555568533,0.0014883348581143,0.0379362080545484,0.005512124124345,-8.437683406748658e-21,-5.0392721317329097e-05,-5.759168150551896e-05,-4.3193761129139226e-05,-0.000358441344440704,-0.000409647250789376,-0.000307235438092032,-0.2882010534961744,-0.32937263256705646,-0.24702947442529236,-0.029844882676916866,-0.03410843734504785,-0.025581328008785886,-5.073669819171618,-5.798479793338992,-4.348859845004244,-0.36223449296149784,-0.4139822776702832,-0.31048670825271246,-2.89674749371585,-3.3105685642466853,-2.482926423185014,-0.3803414296566685,-0.43467591960762114,-0.32600693970571587,7.8467857756097845e-19,8.967755172125468e-19,6.725816379094101e-19
160,160,-10000,6.670948134292554e-06,2.664550798318956e-21,0.0013744897748592,0.000227875385681,0.0601131987831924,0.0019115196407924,0.0409557179315151,0.0041758911087785,1.3293325025550542e-06,-0.00041245134322732106,-0.00047137296368836697,-0.00035352972276627527,-5.982621611494906e-19,-6.837281841708464e-19,-5.127961381281348e-19,-0.2574179668520307,-0.29419196211660653,-0.22064397158745494,-0.035788804225366344,-0.04090149054327582,-0.030676117907456866,-4.344029469373388,-4.9646051078553,-3.7234538308914757,-0.4638651839443326,-0.530131638793523,-0.39759872909514227,-3.106845825437967,-3.5506809433576767,-2.663010707518257,-0.2889012309698639,-0.33017283539413017,-0.24762962654559767,-0.00012362339312829858,-0.00014128387786091267,-0.00010596290839568449
161,161,-9900,3.5100725036560376e-06,2.664550798318956e-21,0.0053739440802693,0.0007905732834761,0.0525888307306938,0.0015630600276379,0.0409879527935001,0.0047607019761919,-8.437683406748658e-21,-0.00021702195454340877,-0.00024802509090675285,-0.00018601881818006467,-5.982621611494906e-19,-6.837281841708464e-19,-5.127961381281348e-19,-0.9853585541057107,-1.126124061835098,-0.8445930463763235,-0.12385019781927141,-0.14154308322202447,-0.10615731241651837,-3.8602583749475987,-4.41172385708297,-3.3087928928122277,-0.38022371039169106,-0.43454138330478975,-0.3259060374785923,-3.109073901747361,-3.5532273162826984,-2.6649204872120236,-0.32897998721123345,-0.3759771282414096,-0.28198284618105723,7.8467857756097845e-19,8.967755172125468e-19,6.725816379094101e-19
162,162,-9800,8.602086300921222e-07,2.664550798318956e-21,0.001633837735494,0.0014593514478546,0.0255075247588183,0.0012283805423542,0.0291252231030524,0.0027426648900776,-8.437683406748658e-21,-5.31855202150001e-05,-6.0783451674285834e-05,-4.558758875571437e-05,-5.982621611494906e-19,-6.837281841708464e-19,-5.127961381281348e-19,-0.3055652683603428,-0.3492174495546775,-0.2619130871660081,-0.22793781319746675,-0.260500357939962,-0.1953752684549715,-1.985116246226543,-2.2687042814017637,-1.7015282110513228,-0.2995076002775818,-0.34229440031723635,-0.25672080023792726,-2.2675431079013855,-2.5914778376015835,-1.9436083782011875,-0.19028522901113154,-0.2174688331555789,-0.16310162486668417,7.8467857756097845e-19,8.967755172125468e-19,6.725816379094101e-19
163,163,-9700,5.199592436490095e-07,3.19823099671876e-07,0.0067891906925183,0.0037291477732175,0.0134219794746248,0.0012401517171311,0.0292816457811361,0.0054481362222404,-8.437683406748658e-21,-3.214838647114733e-05,-3.6741013109882665e-05,-2.7555759832412e-05,-7.180860141700283e-05,-8.206697304800324e-05,-6.155022978600243e-05,-1.2356944051318466,-1.412222177293539,-1.0591666329701541,-0.5766192674325586,-0.6589934484943527,-0.4942450863707646,-1.0734075998199575,-1.22675154265138,-0.9200636569885351,-0.3023528913971559,-0.3455461615967496,-0.2591596211975622,-2.278928434198746,-2.604489639084281,-1.9533672293132107,-0.37597363670534845,-0.4296841562346839,-0.32226311717601297,7.8467857756097845e-19,8.967755172125468e-19,6.725816379094101e-19
164,164,-9600,4.609073258761287e-07,2.664550798318956e-21,0.0002462193711994,9.24236782946748e-05,0.0170781143981811,0.0009533239031455,0.0290570737842925,0.007702278164006,-8.437683406748658e-21,-2.849728813622833e-05,-3.256832929854666e-05,-2.4426246973909998e-05,-5.982621611494906e-19,-6.837281841708464e-19,-5.127961381281348e-19,-0.046392681083191896,-0.05302020695221931,-0.03976515521416449,-0.014524362105668868,-0.01659927097790728,-0.012449453233430458,-1.354487257869687,-1.5479854375653563,-1.1609890781740173,-0.23288867610516933,-0.2661584869773364,-0.1996188652330023,-2.2625803371785316,-2.5858060996326078,-1.9393545747244556,-0.5291791085240601,-0.6047761240274973,-0.4535820930206229,7.8467857756097845e-19,8.967755172125468e-19,6.725816379094101e-19
165,165,-9500,-8.881405780232795e-22,1.273657782635528e-06,1.1394682378676994e-06,1.545371735365703e-05,0.0103187902232331,0.0012010568910139,0.0191469727438199,0.0036392101076766,-8.437683406748658e-21,5.491259770409392e-20,6.275725451896448e-20,4.706794088922336e-20,-0.00028596753806173604,-0.0003268200434991269,-0.0002451150326243452,-0.00021498237257160224,-0.0002456941400818311,-0.00018427060506137334,-0.0024293880991270054,-0.0027764435418594345,-0.002082332656394576,-0.8311268158010184,-0.9498592180583068,-0.7123944135437301,-0.2929012146392169,-0.33474424530196223,-0.25105818397647167,-1.5245250112938216,-1.7423142986215103,-1.3067357239661328,-0.2520393302538792,-0.28804494886157617,-0.21603371164618218,7.8467857756097845e-19,8.967755172125468e-19,6.725816379094101e-19
166,166,-9400,8.95532445101723e-07,2.664550798318956e-21,8.314876454015699e-07,5.7623409002274696e-05,0.0584667135630434,0.0007879941731107,0.0203516098679727,0.0047701238722984,-8.437683406748658e-21,-5.536953981145506e-05,-6.327947407023435e-05,-4.7459605552675767e-05,-5.982621611494906e-19,-6.837281841708464e-19,-5.127961381281348e-19,-0.00015687623191121757,-0.00017928712218424862,-0.00013446534163818647,-0.009056922088513194,-0.010350768101157934,-0.007763076075868452,-4.239459572982414,-4.845096654837044,-3.633822491127783,-0.19272246578834876,-0.22025424661525572,-0.16519068496144176,-1.6160123184695743,-1.8468712211080849,-1.3851534158310637,-0.32962493905817786,-0.37671421606648897,-0.28253566204986674,7.8467857756097845e-19,8.967755172125468e-19,6.725816379094101e-19
167,167,-9300,1.974402226878215e-06,6.336624069810483e-07,2.121803980126214e-07,1.811172138005017e-05,0.0478663271479955,0.0003481647640753,0.0122126659463905,0.0001815447741391,-8.437683406748658e-21,-0.0001220743424222936,-0.00013951353419690697,-0.00010463515064768023,-0.00014227339943001058,-0.00016259817077715494,-0.00012194862808286623,-4.0032070990549735e-05,-4.5750938274913976e-05,-3.431320370618548e-05,-0.0028472033022104402,-0.0032539466310976457,-0.0024404599733232344,-3.5487534089822033,-4.055718181693947,-3.04178863627046,-0.08541437941412293,-0.09761643361614049,-0.07321232521210537,-0.9879853882971351,-1.1291261580538685,-0.8468446185404014,-0.012659791280343377,-0.014468332891821001,-0.010851249668865751,7.8467857756097845e-19,8.967755172125468e-19,6.725816379094101e-19
168,168,-9200,8.338876059207706e-07,9.61405280429354e-07,2.00563405204168e-06,3.4991005763728834e-05,0.0268059299073634,0.0005782706307898,0.0127307028477892,0.0007967865235202,-8.437683406748658e-21,-5.1558129775054144e-05,-5.892357688577616e-05,-4.419268266433212e-05,-0.00021585959398673905,-0.0002466966788419875,-0.00018502250913149062,-0.00037839927388305195,-0.0004324563130092023,-0.00032434223475690167,-0.005500247747723565,-0.006285997425969789,-0.0047144980694773415,-2.0801586790520794,-2.3773242046309484,-1.7829931534732113,-0.1416372228445324,-0.16187111182232272,-0.12140333386674206,-1.0286620541682443,-1.1756137761922791,-0.8817103321442094,-0.055494857467293233,-0.06342269424833512,-0.04756702068625134,7.8467857756097845e-19,8.967755172125468e-19,6.725816379094101e-19
169,169,-9100,6.1067005871968e-06,2.664550798318956e-21,1.2321652956544935e-06,2.420968107516948e-05,0.0130172558366351,0.0002610917729159,0.0096589253891595,0.0004143546174905,-8.437683406748658e-21,-0.0003775654254401134,-0.0004315033433601296,-0.0003236275075200972,-5.982621611494906e-19,-6.837281841708464e-19,-5.127961381281348e-19,-0.0002324713208257679,-0.00026568150951516333,-0.0001992611321363725,-0.0038057120353963978,-0.004349385183310169,-0.0032620388874826265,-1.0420039102740093,-1.1908616117417248,-0.8931462088062936,-0.06409210016271707,-0.07324811447167666,-0.05493608585375749,-0.7860314976107164,-0.8983217115551044,-0.6737412836663283,-0.028881089765347777,-0.03300695973182603,-0.024755219798869525,7.8467857756097845e-19,8.967755172125468e-19,6.725816379094101e-19
170,170,-9000,1.0720461783073124e-05,6.323982128504758e-07,6.040637115644498e-07,3.914371862946006e-05,0.0021317624502089,0.0004924170425491,0.015956658004217,0.0033157902249689,-8.437683406748658e-21,-0.0006628199085272482,-0.0007575084668882837,-0.0005681313501662128,-0.000141989556701066,-0.00016227377908693255,-0.00012170533431519943,-0.00011396844631771434,-0.00013024965293453067,-9.768723970089802e-05,-0.006152899299601302,-0.007031884913830059,-0.005273913685372544,-0.1749998952863827,-0.19999988032729454,-0.1499999102454709,-0.12068140254669567,-0.13792160291050934,-0.103441202182882,-1.279793355722383,-1.4626209779684378,-1.0969657334763283,-0.22978742492239954,-0.26261419991131374,-0.19696064993348533,7.8467857756097845e-19,8.967755172125468e-19,6.725816379094101e-19
171,171,-8900,1.0415614935076277e-05,3.171742133727682e-07,9.055373368121054e-07,3.862166367816431e-05,0.0015205024153037,0.0002255264924426,0.0126928685427584,0.0027841866477814,-8.437683406748658e-21,-0.0006439723209629314,-0.0007359683668147787,-0.000551976275111084,-7.121385878076361e-05,-8.138726717801555e-05,-6.104045038351167e-05,-0.0001708470707109373,-0.0001952537950982141,-0.00014644034632366055,-0.006070853073553198,-0.006938117798346511,-0.005203588348759884,-0.12499976252144802,-0.14285687145308346,-0.10714265358981259,-0.055375444547955836,-0.06328622234052096,-0.04746466675539072,-1.0256945684204752,-1.1722223639091145,-0.8791667729318359,-0.1931500978009982,-0.2207429689154265,-0.16555722668656986,7.8467857756097845e-19,8.967755172125468e-19,6.725816379094101e-19
172,172,-8800,6.832202259008037e-07,2.664550798318956e-21,5.802108239882656e-07,3.083327293936313e-05,0.0147261362981305,0.0001596226047674,0.0064745035284315,0.0001350687770362,-8.437683406748658e-21,-4.224258305006726e-05,-4.827723777150544e-05,-3.620792832862908e-05,-5.982621611494906e-19,-6.837281841708464e-19,-5.127961381281348e-19,-0.00010946814612961925,-0.00012510645271956484,-9.382983953967365e-05,-0.0048467828564832905,-0.0055391804074094745,-0.004154385305557106,-1.1742069787461127,-1.3419508328527001,-1.006463124639525,-0.03921162967452012,-0.044813291056594415,-0.033609968292445815,-0.5308173914083925,-0.606648447323877,-0.4549863354929078,-0.009419719661322042,-0.010765393898653764,-0.008074045423990322,7.8467857756097845e-19,8.967755172125468e-19,6.725816379094101e-19
173,173,-8700,1.2560600449934963e-05,3.2086214210991186e-07,5.969525412420031e-07,2.429413833361602e-05,0.0054789344024068,0.000120120950577,0.0124572229714178,0.003819742089156,-8.437683406748658e-21,-0.0007765886532840394,-0.0008875298894674736,-0.0006656474171006051,-7.204189297970605e-05,-8.23335919768069e-05,-6.175019398260519e-05,-0.00011262678912215082,-0.00012871633042531522,-9.653724781898642e-05,-0.003818987093938184,-0.004364556678786496,-0.0032734175090898725,-0.44627121497926825,-0.5100242456905922,-0.3825181842679442,-0.029516148251924643,-0.03373274085934245,-0.025299555644506838,-1.0072003302515082,-1.1510860917160095,-0.8633145687870071,-0.2644478934699474,-0.30222616396565416,-0.22666962297424065,7.8467857756097845e-19,8.967755172125468e-19,6.725816379094101e-19
174,174,-8600,2.367539758343012e-06,2.664550798318956e-21,1.303192623807068e-06,2.329224471528199e-05,0.0133329222082305,0.0001331580446739,0.0314017048436761,0.0133895978526624,5.092169845107103e-08,-0.00014638134748115787,-0.0001672929685498947,-0.00012546972641242103,-5.982621611494906e-19,-6.837281841708464e-19,-5.127961381281348e-19,-0.00024587187743497173,-0.00028099643135425347,-0.0002107473235156901,-0.0036615080153490874,-0.004184580588970386,-0.003138435441727789,-1.066502371587954,-1.2188598532433759,-0.914144889932532,-0.032716631596482616,-0.037390436110265844,-0.028042827082699385,-2.4324608431535215,-2.7799552493183106,-2.0849664369887324,-0.9097653452431815,-1.0397318231350647,-0.7797988673512986,-4.735560529486467e-06,-5.412069176555962e-06,-4.059051882416972e-06
175,175,-8500,1.6789094423733163e-06,2.664550798318956e-21,7.733887508431645e-07,2.6676842673929208e-05,0.0647020889925699,7.074657757553275e-05,0.016644279032656,0.00020796935189,-8.437683406748658e-21,-0.00010380451883531333,-0.00011863373581178666,-8.897530185883999e-05,-5.982621611494906e-19,-6.837281841708464e-19,-5.127961381281348e-19,-0.00014591479705488187,-0.0001667597680627221,-0.0001250698260470416,-0.0041934982927995254,-0.004792569477485172,-0.0035944271081138793,-4.63175752143355,-5.293437167352629,-3.9700778755144714,-0.01738989366980077,-0.019874164194058023,-0.014905623145543516,-1.3328433643514397,-1.5232495592587882,-1.1424371694440913,-0.014501711728740645,-0.01657338483284645,-0.01243003862463484,7.8467857756097845e-19,8.967755172125468e-19,6.725816379094101e-19
176,176,-8400,1.3305812326634976e-05,3.175836855494369e-07,6.083822203351315e-07,2.5419239008284615e-05,0.0098908508886525,6.802885291110378e-05,0.058662424127759,0.0004552181674633,-8.437683406748658e-21,-0.0008226620466200036,-0.000940185196137147,-0.0007051388971028602,-7.130579574513959e-05,-8.149233799444523e-05,-6.111925349583392e-05,-0.0001147832148785265,-0.0001311808170040303,-9.838561275302272e-05,-0.003995830345271508,-0.004566663251738866,-0.00342499743880415,-0.7974437790297032,-0.9113643188910894,-0.6835232391683171,-0.016722181331140944,-0.019111064378446792,-0.014333298283835096,-4.285583501194315,-4.897809715650646,-3.6733572867379842,-0.03172675382608054,-0.03625914722980634,-0.027194360422354756,7.8467857756097845e-19,8.967755172125468e-19,6.725816379094101e-19
177,177,-8300,1.638873285555847e-07,3.142704171393489e-07,8.600289255342177e-07,1.4796950797612052e-05,0.0157620312425543,7.516061711652751e-05,0.0684833435501425,0.0027741725684427,-8.437683406748658e-21,-1.013294129217568e-05,-1.1580504333915063e-05,-8.685378250436297e-06,-7.05618823297305e-05,-8.064215123397771e-05,-6.048161342548328e-05,-0.00016226107165995686,-0.0001854412247542364,-0.00013908091856567733,-0.0023261485499110834,-0.002658455485612667,-0.0019938416142095,-1.2538463440648369,-1.4329672503598134,-1.07472543776986,-0.01847431590275109,-0.021113503888858392,-0.015835127916643793,-4.902553032577993,-5.602917751517706,-4.20218831363828,-0.1924592014318059,-0.21995337306492102,-0.16496502979869077,7.8467857756097845e-19,8.967755172125468e-19,6.725816379094101e-19
178,178,-8200,8.062034490724645e-07,2.664550798318956e-21,1.214267089026034e-06,2.045530092068132e-05,0.0125347382901517,7.395053881666825e-05,0.0531892055360723,0.0023735845501762,-8.437683406748658e-21,-4.984645867146275e-05,-5.6967381338814576e-05,-4.272553600411093e-05,-5.982621611494906e-19,-6.837281841708464e-19,-5.127961381281348e-19,-0.00022909450724797908,-0.00026182229399769044,-0.0001963667204982678,-0.0032155854247673484,-0.003674954771162684,-0.002756216078372013,-1.004487907233787,-1.1479861796957564,-0.8609896347718174,-0.01817703576440304,-0.02077375515931776,-0.015580316369488317,-3.9306418325008474,-4.492162094286683,-3.369121570715012,-0.16479912113185194,-0.1883418527221165,-0.1412563895415874,7.8467857756097845e-19,8.967755172125468e-19,6.725816379094101e-19
179,179,-8100,1.750680451462648e-05,1.258170065986243e-06,1.1001327743540244e-06,5.138995262364008e-05,0.0058057880573703,9.719463105673349e-05,0.0223088547471906,0.0003261258582348,-8.437683406748658e-21,-0.0010823898909784807,-0.001237017018261121,-0.0009277627636958406,-0.0002824901923305769,-0.00032284593409208785,-0.0002421344505690659,-0.00020756103265001305,-0.00023721260874287205,-0.00017790945655715403,-0.008077408715977225,-0.009231324246831115,-0.006923493185123336,-0.47253472533227664,-0.5400396860940304,-0.4050297645705228,-0.023886532303734626,-0.027298894061411002,-0.02047417054605825,-1.7635955631770208,-2.015537786488024,-1.5116533398660181,-0.02273541797282048,-0.02598333482608055,-0.01948750111956041,7.8467857756097845e-19,8.967755172125468e-19,6.725816379094101e-19
180,180,-8000,5.82530267100958e-07,2.402134180636036e-07,1.2606198706417445e-06,3.30249710000598e-05,0.0033049026801333,0.0002458898611037,0.0359592742613808,0.0009403167662311,-8.437683406748658e-21,-3.6017065407789175e-05,-4.116236046604477e-05,-3.0871770349533576e-05,-5.393418555345799e-05,-6.163906920395199e-05,-4.6229301902963994e-05,-0.00023783977885919743,-0.0002718168901247971,-0.0002038626675935978,-0.005191251931683977,-0.005932859350495974,-0.00444964451287198,-0.27056044501335264,-0.3092119371581173,-0.23190895286858795,-0.060366812439709885,-0.06899064278823987,-0.051742982091179904,-2.7576859628866557,-3.1516411004418923,-2.3637308253314195,-0.06547280015588065,-0.07482605732100645,-0.05611954299075484,7.8467857756097845e-19,8.967755172125468e-19,6.725816379094101e-19
181,181,-7900,1.3508466878596256e-05,2.664550798318956e-21,4.57748240380336e-06,7.063709554004272e-05,0.0088738979123511,0.000110493172169,0.0404088665931522,0.0045401244022155,-8.437683406748658e-21,-0.0008351913252613281,-0.000954504371727232,-0.000715878278795424,-5.982621611494906e-19,-6.837281841708464e-19,-5.127961381281348e-19,-0.0008636131815889413,-0.0009869864932445045,-0.0007402398699333783,-0.011101691075526625,-0.012687646943459,-0.009515735207594252,-0.7171325287641471,-0.8195800328733109,-0.6146850246549832,-0.027152243565102697,-0.031031135502974514,-0.023273351627230883,-3.068999918693305,-3.5074284785066343,-2.6305713588799753,-0.31387405287887754,-0.3587132032901458,-0.2690349024676093,7.8467857756097845e-19,8.967755172125468e-19,6.725816379094101e-19
182,182,-7800,9.478816598819864e-06,2.664550798318956e-21,5.119189421179429e-06,3.569283969594134e-05,0.0055024949312667,0.000207910634141,0.0541335489019959,0.005300707239914,-8.437683406748658e-21,-0.0005860533117431753,-0.0006697752134207718,-0.0005023314100655789,-5.982621611494906e-19,-6.837281841708464e-19,-5.127961381281348e-19,-0.0009658118073910014,-0.0011037849227325729,-0.0008278386920494297,-0.005610551570527134,-0.006412058937745296,-0.004809044203308972,-0.4481656986801211,-0.5121893699201384,-0.3841420274401038,-0.0510563821613966,-0.05835015104159612,-0.04376261328119709,-3.992467535720438,-4.5628200408233575,-3.422115030617518,-0.3659059871411764,-0.41817827101848726,-0.31363370326386547,7.8467857756097845e-19,8.967755172125468e-19,6.725816379094101e-19
183,183,-7700,1.2018805813518588e-06,2.664550798318956e-21,3.084448360871132e-06,4.032592192555505e-05,0.0005612579571878,6.009155550876033e-05,0.0245421642928675,3.1789580344324467e-05,-8.437683406748658e-21,-7.431058366224909e-05,-8.492638132828467e-05,-6.36947859962135e-05,-5.982621611494906e-19,-6.837281841708464e-19,-5.127961381281348e-19,-0.0005819337937095905,-0.0006650671928109606,-0.0004988003946082204,-0.00633869310585295,-0.007244220692403372,-0.005433165519302528,-0.046244938279262515,-0.05285135803344287,-0.039638518525082156,-0.01477193666564199,-0.016882213332162273,-0.012661659999121706,-1.9304091502448726,-2.2061818859941402,-1.654636414495605,-0.0022174671182427375,-0.0025342481351345574,-0.001900686101350918,7.8467857756097845e-19,8.967755172125468e-19,6.725816379094101e-19
184,184,-7600,6.997765413702032e-06,2.664550798318956e-21,4.801576871629852e-07,3.0361522125125124e-05,0.0006202943982668,4.815106873436421e-05,0.0200965252053601,1.4578233403098616e-05,-8.437683406748658e-21,-0.00043265755033098887,-0.0004944657718068444,-0.0003708493288551333,-5.982621611494906e-19,-6.837281841708464e-19,-5.127961381281348e-19,-9.059120933186613e-05,-0.00010353281066498987,-7.76496079987424e-05,-0.004772636917532752,-0.005454442191466003,-0.004090831643599502,-0.05110215299073944,-0.058402460560845075,-0.043801845420633805,-0.011837673167292936,-0.013528769334049071,-0.010146577000536802,-1.5966814299620071,-1.824778777099437,-1.3685840828245777,-0.0010169326481511605,-0.0011622087407441835,-0.0008716565555581376,7.8467857756097845e-19,8.967755172125468e-19,6.725816379094101e-19
185,185,-7500,2.55877953161985e-07,3.191826642545025e-07,1.2921975744699787e-06,5.4429313132003966e-05,0.0002932963400887,6.040196247542807e-05,0.0149307747129081,2.0763677746249646e-05,1.1769337720580387e-06,-1.5820599913750022e-05,-1.8080685615714308e-05,-1.3560514211785731e-05,-7.166480730862965e-05,-8.190263692414818e-05,-6.142697769311113e-05,-0.00024379746836996995,-0.0002786256781371085,-0.00020896925860283138,-0.008555014843983926,-0.009777159821695915,-0.007332869866271937,-0.024181452567822847,-0.02763594579179754,-0.020726959343848154,-0.014848209725401018,-0.01696938254331545,-0.012727036907486588,-1.2003348810907952,-1.3718112926751946,-1.028858469506396,-0.0014483923331278436,-0.0016553055235746785,-0.001241479142681009,-0.00010945087480027934,-0.0001250867140574621,-9.381503554309658e-05
186,186,-7400,1.893203630628992e-06,3.148847327721202e-07,5.491648053305176e-07,2.041539728573921e-05,0.0007448152455831,0.0001567421847939,0.0374724797728447,4.788857986450765e-05,1.173056221895401e-06,-0.0001170539712146304,-0.00013377596710243474,-0.00010033197532682606,-7.06998118880588e-05,-8.079978501492435e-05,-6.059983876119325e-05,-0.00010361072343788334,-0.00011841225535758095,-8.880919151818572e-05,-0.003209313124900167,-0.0036677864284573344,-0.0027508398213430007,-0.06134266268272483,-0.07010590020882837,-0.05257942515662128,-0.0385048268671201,-0.04400551641956583,-0.03300413731467437,-2.864235702767702,-3.2734122317345173,-2.455059173800888,-0.0033403380286615315,-0.0038175291756131786,-0.002863146881709884,-0.00010909027682556144,-0.00012467460208635594,-9.350595156476697e-05
187,187,-7300,1.291209427036772e-06,2.664550798318956e-21,1.280560221334881e-06,5.802177667897728e-05,5.060560958601946e-05,9.107156279334847e-05,0.0133323721659248,1.5080407035490971e-05,-8.437683406748658e-21,-7.983364778568598e-05,-9.123845461221254e-05,-6.842884095915941e-05,-5.982621611494906e-19,-6.837281841708464e-19,-5.127961381281348e-19,-0.00024160187715058175,-0.00027611643102923625,-0.00020708732327192722,-0.009119518956430449,-0.010422307378777657,-0.007816730534083242,-0.004174675807410616,-0.004771058065612133,-0.0035782935492090994,-0.022382690651788894,-0.025580217887758737,-0.01918516341581905,-1.075783649322948,-1.2294670277976552,-0.9221002708482413,-0.00105196168073522,-0.0012022419208402516,-0.0009016814406301887,7.8467857756097845e-19,8.967755172125468e-19,6.725816379094101e-19
188,188,-7200,2.881970265747085e-07,2.664550798318956e-21,6.483228943064591e-07,1.5946199602443196e-05,0.0001036837462891,2.647439234599417e-05,0.0068046603186693,3.322795899740256e-05,-8.437683406748658e-21,-1.781884502793783e-05,-2.036439431764323e-05,-1.5273295738232424e-05,-5.982621611494906e-19,-6.837281841708464e-19,-5.127961381281348e-19,-0.00012231877852178976,-0.00013979288973918832,-0.00010484466730439123,-0.0025068027945680336,-0.0028649174795063233,-0.002148688109629743,-0.008552251158207843,-0.009774001323666105,-0.007330500992749579,-0.0065095736578634185,-0.007439512751843906,-0.00557963456388293,-0.5574544399685679,-0.6370907885355063,-0.4778180914016297,-0.002317793895482086,-0.0026489073091223838,-0.001986680481841788,7.8467857756097845e-19,8.967755172125468e-19,6.725816379094101e-19
189,189,-7100,2.919552118739888e-05,2.664550798318956e-21,8.619915641226351e-06,7.744621962330773e-05,0.0003006558037294,5.520932783693793e-05,0.0073372552636009,3.4846048148690294e-05,1.308591451192101e-06,-0.0018050286955313185,-0.0020628899377500786,-0.0015471674533125586,-5.982621611494906e-19,-6.837281841708464e-19,-5.127961381281348e-19,-0.0016262455874868067,-0.0018585663856992077,-0.001393924789274406,-0.012171476060426154,-0.013910258354772746,-0.01043269376607956,-0.024787789775526686,-0.028328902600601925,-0.021246676950451442,-0.013572234131675702,-0.015511124721915088,-0.011633343541436315,-0.6003375332999041,-0.6861000380570333,-0.514575028542775,-0.002430654775761093,-0.0027778911722983923,-0.002083418379223794,-0.00012169455273183055,-0.00013907948883637775,-0.00010430961662728333
190,190,-7000,1.427708724491272e-06,2.664550798318956e-21,8.057918333155764e-07,1.6131541952111035e-05,7.125060680341831e-05,5.775987557127043e-05,0.0037233207365745,2.1107059929478856e-05,-8.437683406748658e-21,-8.827318448978331e-05,-0.00010088363941689521,-7.566272956267142e-05,-5.982621611494906e-19,-6.837281841708464e-19,-5.127961381281348e-19,-0.00015202824085727614,-0.00017374656097974417,-0.00013030992073480814,-0.002535937200740997,-0.0028982139437039966,-0.002173660457777997,-0.005877485002851941,-0.0067171257175450754,-0.005037844288158806,-0.014198986691624605,-0.01622741336185669,-0.01217056002139252,-0.3072394608234263,-0.35113081236963,-0.2633481092772225,-0.0014723443133838356,-0.001682679215295812,-0.001262009411471859,7.8467857756097845e-19,8.967755172125468e-19,6.725816379094101e-19
191,191,-6900,2.5557579526724253e-06,3.213689933159097e-07,1.850880519497202e-06,7.464970073803934e-05,7.074414047672288e-05,3.541069241449282e-05,0.0079238116586569,2.3755774917815102e-05,6.668127920212724e-07,-0.00015801853685412857,-0.00018059261354757555,-0.00013544446016068164,-7.215569401843566e-05,-8.246365030678362e-05,-6.18477377300877e-05,-0.0003492025019025849,-0.00039908857360295417,-0.0002993164302022156,-0.011732121457271706,-0.013408138808310521,-0.010056104106232892,-0.005835713401935164,-0.006669386745068759,-0.005002040058801569,-0.008706301443627247,-0.009950058792716855,-0.0074625440945376405,-0.6474420636953099,-0.7399337870803541,-0.5549503403102656,-0.00165709935857569,-0.001893827838372217,-0.001420370878779163,-6.201142670063324e-05,-7.087020194358084e-05,-5.3152651457685636e-05
192,192,-6800,2.7836286593872925e-06,2.664550798318956e-21,9.01033362344333e-07,1.438312424502084e-06,7.85276618810245e-05,0.0001201229543623,0.0028584638881691,3.118716438273477e-05,-8.437683406748658e-21,-0.00017210735874991978,-0.00019669412428562262,-0.00014752059321421695,-5.982621611494906e-19,-6.837281841708464e-19,-5.127961381281348e-19,-0.00016999731325133128,-0.0001942826437158072,-0.00014571198278685537,-0.0002261228793578797,-0.00025842614783757684,-0.00019381961087818264,-0.00647766047020904,-0.00740304053738176,-0.00555228040303632,-0.029516640207288083,-0.03373330309404352,-0.025299977320532643,-0.23635549136263925,-0.27012056155730196,-0.2025904211679765,-0.0021754484900639456,-0.0024862268457873666,-0.0018646701343405247,7.8467857756097845e-19,8.967755172125468e-19,6.725816379094101e-19
193,193,-6700,2.3661257391158428e-05,1.8957559777465011e-06,6.973480004860788e-06,2.645730691580224e-05,0.0003138475099836,3.730342711428151e-05,0.001876354035406,4.542128544348577e-05,1.812645331171943e-06,-0.0014628841806762576,-0.00167186763505858,-0.001253900726293935,-0.00042564220439419894,-0.0004864482335933702,-0.00036483617519502765,-0.001315638366546769,-0.0015035867046248787,-0.001127690028468659,-0.004158992206675506,-0.004753133950486293,-0.003564850462864719,-0.025874585705607144,-0.02957095509212245,-0.022178216319091837,-0.009171539471372727,-0.010481759395854546,-0.007861319546890908,-0.15550938090103245,-0.17772500674403707,-0.13329375505802782,-0.0031682541756091367,-0.0036208619149818706,-0.002715646436236403,-0.00016856962285991448,-0.00019265099755418798,-0.00014448824816564097
194,194,-6600,7.15013144797724e-06,2.664550798318956e-21,4.617013038716971e-07,5.43610328483347e-05,6.645155736625306e-05,4.616220751608474e-05,0.007295781092607,1.7133403366057085e-05,-8.437683406748658e-21,-0.00044207791220288986,-0.0005052318996604456,-0.00037892392474533416,-5.982621611494906e-19,-6.837281841708464e-19,-5.127961381281348e-19,-8.710905760200491e-05,-9.955320868800561e-05,-7.466490651600419e-05,-0.00854428540050323,-0.009764897600575119,-0.00732367320043134,-0.005481671904470995,-0.0062647678908239945,-0.004698575918117995,-0.011348881212490418,-0.012970149957131904,-0.009727612467848928,-0.5970019804364913,-0.6822879776417043,-0.5117159832312783,-0.0011951673460474496,-0.0013659055383399422,-0.0010244291537549568,7.8467857756097845e-19,8.967755172125468e-19,6.725816379094101e-19
195,195,-6500,2.728739627421063e-07,3.2110321019306775e-07,2.3054672393368824e-06,1.9830638928159395e-05,9.65795877512665e-05,8.450996561557748e-06,0.0028803779260331,3.456148122247345e-05,4.1557551484128656e-08,-1.6871440499114983e-05,-1.9281646284702838e-05,-1.4461234713527127e-05,-7.209601892039601e-05,-8.239545019473829e-05,-6.179658764605371e-05,-0.00043496754477177736,-0.0004971057654534599,-0.0003728293240900949,-0.0031173969357012853,-0.0035627393550871833,-0.0026720545163153877,-0.007966405050560081,-0.009104462914925808,-0.006828347186194355,-0.0020782101555220233,-0.002375097320596598,-0.0017813229904474483,-0.23815515013275257,-0.2721773144374315,-0.2041329858280736,-0.0024108064327879332,-0.0027552073517576377,-0.0020664055138182287,-3.864723907353299e-06,-4.416827322689484e-06,-3.3126204920171135e-06
196,196,-6400,2.7995742441143096e-05,2.664550798318956e-21,6.033023609297455e-06,1.8254509260876323e-05,6.157959941920764e-05,1.587386432263095e-05,0.0026796794628352,8.428200671786042e-05,-8.437683406748658e-21,-0.001730855401819432,-0.001978120459222208,-0.0014835903444166561,-5.982621611494906e-19,-6.837281841708464e-19,-5.127961381281348e-19,-0.0011382147161352143,-0.0013008168184402448,-0.0009756126138301837,-0.0028696480375605305,-0.003279597757212035,-0.002459698317909026,-0.005079836342940038,-0.005805527249074329,-0.004354145436805746,-0.003903386468276048,-0.004461013106601198,-0.003345759829950898,-0.22166611365357614,-0.2533327013183727,-0.18999952598877953,-0.005878436471749298,-0.006718213110570627,-0.00503865983292797,7.8467857756097845e-19,8.967755172125468e-19,6.725816379094101e-19
197,197,-6300,1.9005644505074848e-06,2.024993623924176e-07,1.8970892938859853e-06,3.931009917082008e-05,7.119838233399123e-05,4.134752908238299e-05,0.003576636803722,2.4053777439279523e-05,-8.437683406748658e-21,-0.00011750907825723881,-0.00013429608943684435,-0.00010072206707763327,-4.546640614882446e-05,-5.196160702722796e-05,-3.8971205270420965e-05,-0.0003579205441762998,-0.00040905205048719973,-0.00030678903786539985,-0.0061790476069137614,-0.007061768693615729,-0.005296326520211796,-0.005873177712821928,-0.006712203100367917,-0.005034152325275937,-0.010165546481831817,-0.011617767407807792,-0.008713325555855845,-0.29523755754717396,-0.33741435148248455,-0.2530607636118634,-0.0016778857195915626,-0.0019175836795332145,-0.0014381877596499107,7.8467857756097845e-19,8.967755172125468e-19,6.725816379094101e-19
198,198,-6200,6.221211530614151e-06,1.90188612025839e-06,1.4133553746416283e-06,2.4872402826147484e-05,9.610771451576564e-05,0.0001072152530419,0.0010028372281393,7.810265820797734e-06,6.761906029469065e-07,-0.00038464533664594146,-0.0004395946704525045,-0.0003296960028393784,-0.0004270185500676077,-0.00048802120007726595,-0.0003660159000579494,-0.0002666560006072544,-0.0003047497149797193,-0.00022856228623478948,-0.003909878892736187,-0.004468433020269928,-0.0033513247652024467,-0.007927491218235161,-0.009059989963697326,-0.006794992472772995,-0.026347344428847657,-0.030111250775825896,-0.022583438081869422,-0.08328590349735635,-0.09518388971126439,-0.07138791728344829,-0.000544827430166446,-0.000622659920190224,-0.000466994940142668,-6.288353113078845e-05,-7.186689272090109e-05,-5.390016954067581e-05
199,199,-6100,1.2848664568906558e-06,2.664550798318956e-21,1.3501449622496052e-06,2.1126994836201666e-05,5.543428587819762e-05,2.2983291292773177e-05,0.0024471167839554,4.184284550846467e-06,-8.437683406748658e-21,-7.944147182678091e-05,-9.079025351632103e-05,-6.809269013724077e-05,-5.982621611494906e-19,-6.837281841708464e-19,-5.127961381281348e-19,-0.00025473025751841485,-0.00029112029430675986,-0.00021834022073006986,-0.0033211660867263726,-0.00379561838483014,-0.0028467137886226054,-0.004572962172857059,-0.00522624248326521,-0.003919681862448908,-0.005651313730866823,-0.006458644263847796,-0.004843983197885848,-0.20253959247373624,-0.23147381996998426,-0.1736053649774882,-0.0002918888455981428,-0.00033358725211216317,-0.0002501904390841224,7.8467857756097845e-19,8.967755172125468e-19,6.725816379094101e-19
200,200,-6000,2.437618604051582e-05,2.664550798318956e-21,5.601618669847553e-06,3.0195228224720587e-05,4.13044182333106e-05,0.0001121332634555,0.0050323581357625,7.541310183458429e-06,6.745872316373656e-07,-0.0015070835552074687,-0.001722381205951393,-0.0012917859044635446,-5.982621611494906e-19,-6.837281841708464e-19,-5.127961381281348e-19,-0.0010568265672106923,-0.001207801791097934,-0.0009058513433234506,-0.004746500125929597,-0.005424571572490969,-0.004068428679368226,-0.0034074549684031735,-0.003894234249603627,-0.0029206756872027203,-0.027554957124042448,-0.03149137957033423,-0.02361853467775067,-0.4139804291420346,-0.47312049044803955,-0.3548403678360296,-0.0005260659424522576,-0.0006012182199454371,-0.00045091366495907787,-6.273442307087576e-05,-7.16964835095723e-05,-5.377236263217922e-05
201,201,-5900,9.556456496896084e-07,6.368479215595928e-07,1.3699655732399884e-05,2.9942112524381345e-05,0.0002812114503699,0.000132796558063,0.0028889312469626,5.075203629993424e-06,-8.437683406748658e-21,-5.908625032688822e-05,-6.75271432307294e-05,-5.0645357423047045e-05,-0.0001429886259157146,-0.0001634155724751024,-0.00012256167935632682,-0.002584525834966912,-0.0029537438113907567,-0.002215307858543067,-0.004706717279073147,-0.005379105461797882,-0.0040343290963484124,-0.023185747679156776,-0.02649799734760774,-0.019873498010705808,-0.032627897947515,-0.03728902622573143,-0.027966769669298574,-0.23885752872852287,-0.27298003283259753,-0.20473502462444815,-0.00035403727453103405,-0.0004046140280354675,-0.0003034605210266006,7.8467857756097845e-19,8.967755172125468e-19,6.725816379094101e-19
202,202,-5800,1.8586082449823136e-06,2.664550798318956e-21,2.139354147324245e-06,2.409311335381885e-05,3.690489583173931e-05,0.0001641852043769,0.0050667763671468,5.930634695459875e-06,-8.437683406748658e-21,-0.00011491499687802126,-0.00013133142500345286,-9.849856875258965e-05,-5.982621611494906e-19,-6.837281841708464e-19,-5.127961381281348e-19,-0.00040362770644850857,-0.0004612888073697241,-0.0003459666055272931,-0.0037873898124089647,-0.00432844549989596,-0.0032463341249219704,-0.003044542934519647,-0.003479477639451025,-0.002609608229588269,-0.040331150363207106,-0.0460927432722367,-0.03456955745417752,-0.4167780845886402,-0.47631781095844594,-0.35723835821883443,-0.00041370993502315255,-0.00047281135431217434,-0.00035460851573413077,7.8467857756097845e-19,8.967755172125468e-19,6.725816379094101e-19
203,203,-5700,2.482800036649777e-05,9.495812809551092e-07,7.991858399643455e-06,2.600102005482265e-05,3.82651501445675e-05,0.0001739403919862,0.0010399011259027,9.444458532125678e-06,1.6873044107373865e-06,-0.0015350162299891698,-0.0017543042628447652,-0.0013157281971335742,-0.00021320482577387833,-0.00024366265802728952,-0.00018274699352046714,-0.0015077605163299455,-0.0017231548758056521,-0.001292366156854239,-0.004087273951539916,-0.004671170230331333,-0.0035033776727485,-0.003156749703934669,-0.0036077139473539074,-0.0027057854605154305,-0.042724530873618875,-0.04882803528413586,-0.0366210264631019,-0.08635647540178218,-0.09869311474489391,-0.07401983605867044,-0.0006588230707967797,-0.0007529406523391768,-0.0005647054892543825,-0.0001569134115767098,-0.00017932961323052549,-0.00013449720992289411
204,204,-5600,4.302886760918534e-06,2.664550798318956e-21,8.963833562611697e-07,2.160520218715016e-05,4.582205437805495e-05,9.051473354524255e-05,0.0005147975468522,8.532801412189627e-06,-8.437683406748658e-21,-0.00026603997103273293,-0.0003040456811802662,-0.00022803426088519965,-5.982621611494906e-19,-6.837281841708464e-19,-5.127961381281348e-19,-0.00016912000420359226,-0.00019328000480410543,-0.0001449600036030791,-0.0033963330440825953,-0.0038815234789515373,-0.002911142609213653,-0.0037801022499028536,-0.004320116857031832,-0.0032400876427738745,-0.02224592551068621,-0.02542391486935567,-0.01906793615201675,-0.04280364459676409,-0.04891845096773039,-0.0366888382257978,-0.0005952291096667981,-0.0006802618396191979,-0.0005101963797143984,7.8467857756097845e-19,8.967755172125468e-19,6.725816379094101e-19
205,205,-5500,2.71023977105327e-05,6.429308074584491e-07,1.042594916902501e-05,9.479487984187584e-05,0.0002451787338875,5.077048056075192e-05,0.000309090958015,3.675511759065748e-06,-8.437683406748658e-21,-0.0016756264137293012,-0.00191500161569063,-0.0014362512117679724,-0.00014435438354715185,-0.0001649764383396021,-0.00012373232875470156,-0.001966955301941847,-0.002247948916504968,-0.001685961687378726,-0.014896837341057605,-0.017024956961208693,-0.012768717720906519,-0.02021658371297003,-0.023104667100537178,-0.017328500325402882,-0.012481411389125188,-0.014264470159000217,-0.010698352619250163,-0.025712414712741483,-0.029385616814561696,-0.02203921261092127,-0.0002563979478920272,-0.0002930262261623168,-0.00021976966962173762,7.8467857756097845e-19,8.967755172125468e-19,6.725816379094101e-19
206,206,-5400,1.0478296294321365e-06,2.664550798318956e-21,2.41250175224736e-06,5.7652542556571225e-06,0.0001906688245608,3.435973310485503e-05,0.0002394205562913,8.226675468583885e-06,6.67123130489895e-07,-6.478584789508266e-05,-7.40409690229516e-05,-5.553072676721371e-05,-5.982621611494906e-19,-6.837281841708464e-19,-5.127961381281348e-19,-0.00045516125346676465,-0.0005201842896763025,-0.0003901382172572269,-0.0009063611862764357,-0.001035841355744498,-0.0007768810168083735,-0.015723905871974562,-0.0179701781393995,-0.013477633604549623,-0.008447968171999711,-0.009654820767999669,-0.0072411155759997525,-0.019920026888794788,-0.02276574501576547,-0.017074308761824104,-0.0005738747998239991,-0.0006558569140845703,-0.0004918926855634277,-6.2040287120405e-05,-7.090318528046286e-05,-5.317738896034714e-05
207,207,-5300,1.6084146342426854e-06,3.120795107821201e-07,3.951801451155119e-06,1.0211783360139954e-05,4.663952856714266e-05,3.7392345622334806e-05,0.0002172800162414,3.4865574455505205e-06,-8.437683406748658e-21,-9.94459401878382e-05,-0.00011365250307181508,-8.523937730386132e-05,-7.006996785529974e-05,-8.007996326319969e-05,-6.0059972447399775e-05,-0.0007455712624653568,-0.0008520814428175507,-0.0006390610821131631,-0.0016053722551198175,-0.0018347111487083628,-0.0013760333615312722,-0.0038475325815680523,-0.004397180093220631,-0.0032978850699154735,-0.009193395516732395,-0.01050673773340845,-0.007880053300056339,-0.01807886360050932,-0.02066155840058208,-0.01549616880043656,-0.000243216882303845,-0.0002779621512043943,-0.00020847161340329572,7.8467857756097845e-19,8.967755172125468e-19,6.725816379094101e-19
208,208,-5200,2.992002225179204e-06,6.356755076646217e-07,2.3612095587252407e-06,3.670658571181453e-05,4.293877731972533e-05,0.0001277682562058,0.0004503800330244,5.713233044111228e-06,-8.437683406748658e-21,-0.0001849906987639533,-0.00021141794144451806,-0.00015856345608338855,-0.00014272539012181507,-0.00016311473156778867,-0.0001223360486758415,-0.00044548419440499813,-0.0005091247936057121,-0.00038184359520428406,-0.005769875869640171,-0.006594143851017339,-0.004945607888263005,-0.003542269634754298,-0.004048308154004912,-0.003036231115503684,-0.031393560517799804,-0.03587835487748549,-0.026908766158114116,-0.03745328150676257,-0.04280375029344294,-0.032102812720082204,-0.00039854457692706073,-0.0004554795164880694,-0.000341609637366052,7.8467857756097845e-19,8.967755172125468e-19,6.725816379094101e-19
209,209,-5100,1.8398942868065996e-06,2.664550798318956e-21,1.82053671898204e-06,3.488905294850725e-05,6.456703747159577e-05,0.0002058913233676,0.0006859364971852,5.771425318469646e-06,4.186147068400493e-08,-0.00011375794430307263,-0.00013000907920351156,-9.750680940263367e-05,-5.982621611494906e-19,-6.837281841708464e-19,-5.127961381281348e-19,-0.00034347764448536147,-0.00039254587941184164,-0.0002944094095588812,-0.00548422426218821,-0.00626768487107224,-0.00470076365330418,-0.00532623916340028,-0.006087130472457463,-0.004565347854343097,-0.050561218621806674,-0.05778424985349335,-0.04333818739012001,-0.05701008138310901,-0.06515437872355316,-0.04886578404266486,-0.00040260391572983703,-0.0004601187608340994,-0.0003450890706255746,-3.8929874509229794e-06,-4.4491285153405476e-06,-3.336846386505411e-06
210,210,-5000,2.95328253400828e-05,1.2924762057390465e-06,1.1086114182005156e-05,5.0577830196948006e-05,0.0001171385912809,0.0001052845624015,0.0006803223294673,2.3774380550429445e-06,-8.437683406748658e-21,-0.0018258816170675905,-0.0020867218480772466,-0.0015650413860579348,-0.0002901927024501859,-0.00033164880280021246,-0.0002487366021001594,-0.0020914943205048208,-0.002390279223434081,-0.0017927094175755607,-0.007949789318593505,-0.009085473506964006,-0.006814105130223003,-0.009661754363011947,-0.011042004986299366,-0.008281503739724526,-0.025873242414512998,-0.02956941990230057,-0.02217706492672543,-0.05654422619042913,-0.06462197278906186,-0.048466479591796396,-0.00016584678694795606,-0.00018953918508337838,-0.00014215438881253379,7.8467857756097845e-19,8.967755172125468e-19,6.725816379094101e-19
211,211,-4900,4.424717464092642e-07,2.664550798318956e-21,2.194813685030185e-06,4.543060905054792e-05,4.055367635790777e-05,6.024094541111582e-05,0.0007183602828981,9.356878963094555e-06,-8.437683406748658e-21,-2.7357441620704275e-05,-3.126564756651917e-05,-2.344923567488938e-05,-5.982621611494906e-19,-6.837281841708464e-19,-5.127961381281348e-19,-0.0004140910237034295,-0.0004732468842324909,-0.0003549351631743682,-0.007140917626867457,-0.008161048716419952,-0.006120786537314964,-0.003345527583366039,-0.003823460095275473,-0.002867595071456605,-0.014808644726540643,-0.016924165401760737,-0.012693124051320552,-0.05970031534773227,-0.06822893182597974,-0.0511716988694848,-0.0006527138413076649,-0.0007459586757801883,-0.0005594690068351412,7.8467857756097845e-19,8.967755172125468e-19,6.725816379094101e-19
212,212,-4800,2.855158807957147e-05,2.664550798318956e-21,1.0381667712527407e-05,4.139068988457991e-05,0.0002284566133614,2.07333814598494e-05,0.0005307962022595,4.355514539727863e-06,-8.437683406748658e-21,-0.0017652191949963372,-0.0020173933657100995,-0.0015130450242825746,-5.982621611494906e-19,-6.837281841708464e-19,-5.127961381281348e-19,-0.001958601647984454,-0.002238401883410805,-0.0016788014125581037,-0.006506029211428614,-0.0074354619559184165,-0.005576596466938813,-0.018838478101138614,-0.021529689258444132,-0.0161472669438331,-0.0050981686618668315,-0.00582647847070495,-0.004369858853028713,-0.04413220042473858,-0.05043680048541552,-0.03782760036406164,-0.00030383346583220385,-0.0003472382466653758,-0.0002604286849990319,7.8467857756097845e-19,8.967755172125468e-19,6.725816379094101e-19
213,213,-4700,2.5155489354573856e-06,6.303888824851662e-07,4.952738886932303e-06,4.21291287915428e-05,7.777089746569629e-05,2.675664133568244e-05,0.0004221079854645,2.9735755737359785e-06,-8.437683406748658e-21,-0.00015553248694191802,-0.00017775141364790632,-0.00013331356023592973,-0.0001415384125196266,-0.00016175818573671615,-0.0001213186393025371,-0.0009344092578418441,-0.0010678962946763933,-0.000800922221007295,-0.006622079369749989,-0.007568090708285701,-0.005676068031214275,-0.006415247247806956,-0.007331711140350807,-0.005498783355263105,-0.006578960528108531,-0.007518812032124035,-0.005639109024093027,-0.03510455635402194,-0.04011949297602507,-0.030089619732018805,-0.00020743226838373618,-0.00023706544958141277,-0.00017779908718605958,7.8467857756097845e-19,8.967755172125468e-19,6.725816379094101e-19
214,214,-4600,2.748967747321108e-05,9.410446913114788e-07,1.171163193502824e-05,3.974098554903187e-05,4.368011740110808e-05,6.909110950167432e-05,0.0004379551478822,1.843231423374356e-05,2.4786216169819737e-06,-0.0016995691178032383,-0.001942364706060844,-0.0014567735295456328,-0.00021128815875764965,-0.00024147218143731388,-0.0001811041360779854,-0.002209496374016573,-0.002525138713161798,-0.0018938540348713484,-0.0062467653767931544,-0.007139160430620748,-0.00535437032296556,-0.003603420796034884,-0.004118195195468439,-0.003088646396601329,-0.016983168063204473,-0.01940933492937654,-0.014557001197032406,-0.036421112140225746,-0.041624128160258,-0.031218096120193495,-0.0012857715763487168,-0.001469453230112819,-0.0011020899225846143,-0.0002305026607570958,-0.0002634316122938237,-0.00019757370922036783
215,215,-4500,2.917297679973616e-06,2.664550798318956e-21,4.067789537304078e-06,2.1464107427151776e-05,3.1241463359058264e-05,0.0001388743978481,0.0004503743287573,4.858595040367987e-06,-8.437683406748658e-21,-0.00018037186035439824,-0.00020613926897645514,-0.00015460445173234134,-5.982621611494906e-19,-6.837281841708464e-19,-5.127961381281348e-19,-0.0007674538111405634,-0.0008770900698749296,-0.0006578175524061973,-0.003374155117020737,-0.0038561772765951284,-0.002892132957446346,-0.0025773611905257074,-0.002945555646315094,-0.002209166734736321,-0.034119757521173646,-0.038994008595627024,-0.02924550644672027,-0.037452807651595525,-0.042803208744680604,-0.03210240655851045,-0.00033892718680096157,-0.00038734535634395606,-0.0002905090172579671,7.8467857756097845e-19,8.967755172125468e-19,6.725816379094101e-19
216,216,-4400,8.868714516630824e-07,3.145644262063822e-07,4.041721243412007e-06,9.117023178547204e-06,2.2569913582010495e-05,4.418144909032585e-05,0.0002517002020111,2.168433293679249e-05,2.0459355102607896e-06,-5.483404333411616e-05,-6.266747809613275e-05,-4.7000608572099565e-05,-7.062789487878579e-05,-8.071759414718374e-05,-6.0538195610387814e-05,-0.0007625357160808478,-0.0008714693898066832,-0.0006536020423550124,-0.0014332744354927237,-0.0016380279262773985,-0.0012285209447080489,-0.0018620129180363407,-0.0021280147634701037,-0.0015960110726025779,-0.010862067064468853,-0.012413790930821546,-0.00931034319811616,-0.02094109426025043,-0.02393267915457192,-0.01794950936592894,-0.0015126108355800222,-0.00172869809780574,-0.0012965235733543047,-0.00019026466879650268,-0.00021744533576743168,-0.00016308400182557374
217,217,-4300,2.971656236857491e-07,2.664550798318956e-21,2.539897104936062e-06,1.8039565955667017e-05,4.572330580188584e-05,4.81314436688049e-05,0.0001831234560828,5.07498186922171e-06,-8.437683406748658e-21,-1.8373361360206184e-05,-2.0998127268807067e-05,-1.57485954516053e-05,-5.982621611494906e-19,-6.837281841708464e-19,-5.127961381281348e-19,-0.0004791963176752628,-0.0005476529344860146,-0.00041073970086451093,-0.002835861226409019,-0.003240984258753164,-0.002430738194064873,-0.003771956838450012,-0.004310807815371442,-0.0032331058615285816,-0.011832850084926199,-0.013523257239915655,-0.01014244292993674,-0.015238091797208987,-0.01741496205395313,-0.013061221540464848,-0.0003540218050462997,-0.00040459634862434246,-0.0003034472614682568,7.8467857756097845e-19,8.967755172125468e-19,6.725816379094101e-19
218,218,-4200,4.688283706491241e-06,2.664550798318956e-21,3.946231736723295e-06,4.8848959089572034e-05,0.0001964762464571,7.493478194980353e-05,0.0002461877792158,6.818486610307195e-06,-8.437683406748658e-21,-0.0002898681935207432,-0.00033127793545227797,-0.0002484584515892084,-5.982621611494906e-19,-6.837281841708464e-19,-5.127961381281348e-19,-0.0007445204681030223,-0.0008508805349748828,-0.000638160401231162,-0.007678106134652832,-0.008774978439603235,-0.006581233829702427,-0.0162026054323483,-0.018517263351255198,-0.0138879475134414,-0.018418835323057013,-0.021050097512065158,-0.015787573134048872,-0.020482737021113806,-0.023408842309844354,-0.017556631732383265,-0.0004756439749936581,-0.0005435931142784664,-0.0004076948357088498,7.8467857756097845e-19,8.967755172125468e-19,6.725816379094101e-19
219,219,-4100,1.4308782969480016e-06,6.374770519281679e-07,4.075614953604455e-06,3.90634137404027e-05,6.531767962595742e-05,0.0001593003058166,0.0006036612487316,7.313085555574178e-06,4.177520585206645e-08,-8.846915411734745e-05,-0.00010110760470553995,-7.583070352915496e-05,-0.0001431298811761944,-0.0001635770070585079,-0.0001226827552938809,-0.0007689301691398606,-0.0008787773361598407,-0.0006590830021198805,-0.006140278597522974,-0.007017461254311971,-0.005263095940733978,-0.005388151313943848,-0.006157887215935827,-0.00461841541195187,-0.039132544778822824,-0.04472290831865466,-0.033542181238990984,-0.050181761954548494,-0.057350585090912565,-0.04301293881818442,-0.0005101457043139272,-0.0005830236620730597,-0.0004372677465547947,-3.884965088941219e-06,-4.439960101647108e-06,-3.329970076235331e-06
220,220,-4000,2.9016328471229703e-05,2.664550798318956e-21,7.969425070283122e-06,2.5271843930651557e-05,4.0068838670168553e-05,7.063875477227996e-05,0.0003028321867822,3.49284942792414e-06,-8.437683406748658e-21,-0.0017939505779640316,-0.0020502292319588933,-0.00153767192396917,-5.982621611494906e-19,-6.837281841708464e-19,-5.127961381281348e-19,-0.0015035283798787759,-0.0017183181484328868,-0.001288738611324665,-0.003972662898228462,-0.004540186169403957,-0.0034051396270529674,-0.003305534053506869,-0.00377775320400785,-0.0028333149030058875,-0.017363403386422966,-0.019843889584483392,-0.014882917188362543,-0.02519213974107546,-0.028791016846943383,-0.021593262635207538,-0.0002436557982565806,-0.0002784637694360921,-0.00020884782707706906,7.8467857756097845e-19,8.967755172125468e-19,6.725816379094101e-19
221,221,-3900,8.222596005745206e-07,2.664550798318956e-21,7.54043669806239e-07,4.124592260608002e-05,3.422880874257852e-05,3.859681347460404e-05,0.0007050802300534,2.6437440511200644e-06,-8.437683406748658e-21,-5.083918715787025e-05,-5.8101928180423144e-05,-4.357644613531736e-05,-5.982621611494906e-19,-6.837281841708464e-19,-5.127961381281348e-19,-0.000142264986921451,-0.0001625885564816583,-0.00012194141736124373,-0.006483278064286255,-0.007409460644898578,-0.005557095483673933,-0.0028237916081556963,-0.003227190409320796,-0.0024203928069905967,-0.009489449346405712,-0.010845084967320813,-0.00813381372549061,-0.05859850615456231,-0.06696972131949978,-0.050227290989624834,-0.00018442382662262725,-0.00021077008756871683,-0.00015807756567653763,7.8467857756097845e-19,8.967755172125468e-19,6.725816379094101e-19
222,222,-3800,1.393171918155688e-06,2.664550798318956e-21,1.4514759497441003e-06,3.1904280208076175e-05,1.6628526850785042e-05,8.989736549414071e-05,0.0009361643422923,8.21705113044519e-06,-8.437683406748658e-21,-8.613782850153548e-05,-9.84432325731834e-05,-7.383242442988756e-05,-5.982621611494906e-19,-6.837281841708464e-19,-5.127961381281348e-19,-0.00027384810582446506,-0.0003129692637993886,-0.00023472694784954146,-0.005015113862892791,-0.005731558700448903,-0.004298669025336678,-0.0013718690289784721,-0.0015678503188325396,-0.0011758877391244045,-0.022094289932822645,-0.025250617066083024,-0.01893796279956227,-0.0777610045019663,-0.08886971943081863,-0.06665228957311398,-0.0005732034381433704,-0.0006550896435924234,-0.0004913172326943175,7.8467857756097845e-19,8.967755172125468e-19,6.725816379094101e-19
223,223,-3700,1.0874131270157625e-06,2.664550798318956e-21,5.580217307937494e-07,2.8052011967027448e-05,2.780756729744803e-05,4.143889343414701e-05,0.0002822210034672,4.125353027565493e-05,-8.437683406748658e-21,-6.723323576749652e-05,-7.683798373428172e-05,-5.76284878007113e-05,-5.982621611494906e-19,-6.837281841708464e-19,-5.127961381281348e-19,-0.00010528175130669203,-0.00012032200149336231,-9.024150112002172e-05,-0.004409642444462383,-0.0050395913650998665,-0.0037796935238248995,-0.002294089877745676,-0.0026218170031379155,-0.0019663627523534366,-0.010188002435885659,-0.011643431355297898,-0.008732573516473423,-0.023478677576775506,-0.02683277437345772,-0.02012458078009329,-0.002877566187360012,-0.0032886470712685852,-0.0024664853034514394,7.8467857756097845e-19,8.967755172125468e-19,6.725816379094101e-19
224,224,-3600,2.6571263751673764e-05,6.914522082969523e-07,9.27101715561058e-06,1.5771580540132824e-05,2.1418033935369774e-05,7.443688792186023e-05,0.0002872848383528,1.297811201449476e-05,2.0551370579545533e-06,-0.0016427901928446956,-0.0018774745061082235,-0.0014081058795811677,-0.00015524862870842818,-0.0001774270042382036,-0.0001330702531786527,-0.0017490771898146609,-0.001998945359788184,-0.001499209019841138,-0.00247935396314198,-0.0028335473864479774,-0.002125160539835983,-0.0017669878975589486,-0.0020194147400673696,-0.0015145610550505273,-0.018296517837711707,-0.02091030610024195,-0.015682729575181464,-0.023899663116172774,-0.027313900704197452,-0.02048542552814809,-0.0009053159970629186,-0.0010346468537861927,-0.0007759851403396445,-0.00019112037507638645,-0.0002184232858015845,-0.00016381746435118838
225,225,-3500,3.1656829488320256e-06,6.304394682011027e-07,1.023841509187988e-06,3.556078510320275e-05,3.552152748700716e-05,3.0409985683312725e-05,0.0002122204671286,2.396315624776855e-06,-8.437683406748658e-21,-0.00019572903929209034,-0.0002236903306195318,-0.00016776774796464886,-0.0001415497702595431,-0.0001617711660109064,-0.0001213283745081798,-0.000193167309679248,-0.00022076263963342633,-0.00016557197972506973,-0.0055897972460991424,-0.0063883397098275915,-0.004791254782370693,-0.0029304287609990026,-0.003349061441141717,-0.0025117960808562875,-0.007477058062477495,-0.008545209214259993,-0.006408906910694997,-0.017658094349611797,-0.020180679256699197,-0.0151355094425244,-0.00016716365378541652,-0.00019104417575476173,-0.00014328313181607129,7.8467857756097845e-19,8.967755172125468e-19,6.725816379094101e-19
226,226,-3400,4.034355809414815e-07,2.664550798318956e-21,1.6508566826584128e-06,1.2389755885807937e-05,1.911597237524012e-05,0.000193639167096,0.001053767815642,6.11867971767831e-06,-8.437683406748658e-21,-2.4943888969144823e-05,-2.8507301679022654e-05,-2.138047625926699e-05,-5.982621611494906e-19,-6.837281841708464e-19,-5.127961381281348e-19,-0.0003114646782319412,-0.0003559596322650757,-0.00026696972419880676,-0.0019477475253592456,-0.002225997171839138,-0.0016694978788793532,-0.001577076365997675,-0.0018023729897116286,-0.0013517797422837213,-0.04755651588255224,-0.05435030386577398,-0.040762727899330484,-0.08750512747077681,-0.10000585996660206,-0.07500439497495155,-0.0004268274425395363,-0.0004878027914737558,-0.00036585209360531686,7.8467857756097845e-19,8.967755172125468e-19,6.725816379094101e-19
227,227,-3300,2.576414033731665e-06,1.4159755141258951e-06,1.7169203124470955e-07,2.2801109003962385e-05,0.0001777746130383,7.47792280139582e-05,0.0007193763491433,6.525348281526118e-06,-8.437683406748658e-21,-0.00015929566438768508,-0.00018205218787164008,-0.00013653914090373006,-0.0003179210833317211,-0.0003633383809505384,-0.0002725037857129038,-3.239313879975723e-05,-3.7020730056865406e-05,-2.776554754264905e-05,-0.003584310080842532,-0.0040963543781057515,-0.0030722657835793132,-0.014661003004941312,-0.016755432005647213,-0.01256657400423541,-0.018380620523409167,-0.021006423455324767,-0.015754817591493574,-0.05978461268754371,-0.0683252716429071,-0.051243953732180325,-0.0004551954980029402,-0.0005202234262890745,-0.00039016756971680587,7.8467857756097845e-19,8.967755172125468e-19,6.725816379094101e-19
228,228,-3200,2.7477176164697536e-05,2.664550798318956e-21,9.859514826262205e-06,3.112779212302412e-05,4.887208365552236e-05,3.816319951739797e-05,0.0002987961034324,1.1376762733987202e-05,4.297044203179638e-07,-0.0016987962529108102,-0.0019414814318980686,-0.0014561110739235515,-5.982621611494906e-19,-6.837281841708464e-19,-5.127961381281348e-19,-0.0018600977100470437,-0.0021258259543394786,-0.0015943694657546091,-0.004893072816350038,-0.005592083218685758,-0.004194062414014319,-0.004031686221952599,-0.004607641396517256,-0.0034557310473879417,-0.009382869185503703,-0.01072327906914709,-0.008042459301860316,-0.024856622679575956,-0.028407568776658235,-0.021305676582493677,-0.0007936129814898571,-0.0009069862645598367,-0.0006802396984198775,-3.9961142422459154e-05,-4.566987705423904e-05,-3.425240779067928e-05
229,229,-3100,3.949904108369601e-06,2.664550798318956e-21,2.1553231247826955e-07,2.806771862729819e-05,6.263913285601081e-05,2.530663199066748e-05,0.0004232843806609,4.369203980313492e-06,-8.437683406748658e-21,-0.00024421582258810353,-0.0002791037972435469,-0.00020932784793266016,-5.982621611494906e-19,-6.837281841708464e-19,-5.127961381281348e-19,-4.066447588374055e-05,-4.647368672427491e-05,-3.4855265043206184e-05,-0.004412111145275682,-0.0050424127374579224,-0.0037818095530934414,-0.005167226678374145,-0.0059054019181418805,-0.00442905143860641,-0.0062224935810105695,-0.00711142123544065,-0.005333565926580488,-0.03520229270909865,-0.04023119166754131,-0.030173393750655985,-0.0003047884101723559,-0.0003483296116255496,-0.0002612472087191622,7.8467857756097845e-19,8.967755172125468e-19,6.725816379094101e-19
230,230,-3000,2.73060080747131e-05,2.2170416670618246e-07,8.890434244063725e-06,1.531276675268957e-05,2.7274388830867444e-05,6.256813391641001e-05,0.0002186652564262,5.7113841547437855e-06,-8.437683406748658e-21,-0.001688214172624566,-0.001929387625856647,-0.0014470407193924852,-4.9778381163266826e-05,-5.6889578472304946e-05,-4.266718385422871e-05,-0.0016772795674091683,-0.0019168909341819066,-0.00143766820063643,-0.002407231607359652,-0.002751121836982459,-0.002063341377736844,-0.0022501061421404925,-0.0025715498767319915,-0.0019286624075489933,-0.015380471135921154,-0.017577681298195605,-0.013183260973646705,-0.018194063103806585,-0.02079321497577895,-0.015594911231834213,-0.0003984156032904023,-0.000455332118046174,-0.0003414990885346305,7.8467857756097845e-19,8.967755172125468e-19,6.725816379094101e-19
231,231,-2900,1.5267743948578915e-06,2.664550798318956e-21,2.276496829161235e-06,3.083719765017817e-05,6.135190886065395e-05,2.52079159630863e-05,0.0001466210591461,4.286688722409448e-06,8.366801891672572e-08,-9.43982564048125e-05,-0.0001078837216055,-8.0912791204125e-05,-5.982621611494906e-19,-6.837281841708464e-19,-5.127961381281348e-19,-0.00042950182687525294,-0.0004908592307145748,-0.00036814442303593115,-0.00484739970914792,-0.005539885381883337,-0.004154914036412502,-0.005061056364919394,-0.005784064417050736,-0.004338048312788052,-0.0061982251968337645,-0.007083685939238588,-0.005312764454428941,-0.012201708718373108,-0.013944809963854981,-0.010458607472891235,-0.0002990323320603303,-0.0003417512366403775,-0.0002563134274802831,-7.780866419232138e-06,-8.892418764836728e-06,-6.669314073627546e-06
232,232,-2800,2.501566133040401e-06,3.2009964960033017e-07,4.849755757875888e-07,2.7882230407202657e-05,2.437196101715983e-05,2.600178660824003e-05,0.0001093753212702,5.741961904286314e-06,1.6943665048864984e-06,-0.0001546679557880453,-0.00017676337804348034,-0.00013257253353261025,-7.187069393885599e-05,-8.213793593012114e-05,-6.160345194759086e-05,-9.150019658244749e-05,-0.00010457165323708283,-7.842873992781214e-05,-0.004382956935463278,-0.005009093640529462,-0.003756820230397096,-0.0020106728953369728,-0.002297911880385112,-0.001723433910288834,-0.006393389692284405,-0.007306731076896463,-0.005480048307672347,-0.009102948902486632,-0.010403370174270437,-0.007802527630702827,-0.0004005486261759058,-0.0004577698584867495,-0.00034332739386506213,-0.0001575701586876177,-0.0001800801813572774,-0.00013506013601795804
233,233,-2700,2.895613728249724e-05,4.597033889097167e-08,1.0586928332101204e-05,6.71033509295001e-05,1.6815336315097635e-05,4.7760923933172974e-05,0.000116772702676,3.845824918589886e-06,-8.437683406748658e-21,-0.0017902294147297652,-0.0020459764739768744,-0.0015344823554826557,-1.0321554462599435e-05,-1.1796062242970782e-05,-8.847046682228087e-06,-0.001997323831823002,-0.0022826558077977165,-0.0017119918558482874,-0.010546476857709855,-0.012053116408811263,-0.009039837306608447,-0.0013872803737549173,-0.0015854632842913338,-0.0011890974632185005,-0.011741790409464763,-0.013419189039388301,-0.010064391779541226,-0.009718437720738793,-0.01110678596655862,-0.008330089474918966,-0.0002682786362815982,-0.0003066041557503979,-0.00022995311681279847,7.8467857756097845e-19,8.967755172125468e-19,6.725816379094101e-19
234,234,-2600,4.813944710210614e-06,3.1956370394188414e-07,1.2344057188113743e-06,2.7100941572469923e-05,8.010059627680741e-05,0.0001405248080557,0.00067827028267,2.487754573698077e-06,-8.437683406748658e-21,-0.00029763752248370556,-0.00034015716855280637,-0.00025511787641460475,-7.17503604506119e-05,-8.200041194355646e-05,-6.150030895766734e-05,-0.00023289401627631784,-0.0002661645900300775,-0.00019962344252255816,-0.0042601569134250936,-0.004868750758200107,-0.00365156306865008,-0.006607385604279215,-0.007551297833461959,-0.005663473375096469,-0.03452484333864792,-0.03945696381559762,-0.029592722861698215,-0.05637394733392063,-0.06442736838162358,-0.04832052628621768,-0.00017354227638930193,-0.00019833403015920222,-0.00014875052261940165,7.8467857756097845e-19,8.967755172125468e-19,6.725816379094101e-19
235,235,-2500,1.9619442822709816e-06,2.664550798318956e-21,4.16221831296645e-07,8.148397309722104e-05,6.122272481519727e-05,2.8028325440505897e-05,0.0003454511656716,4.637900251729538e-06,1.345865432329045e-06,-0.00012130408897325552,-0.00013863324454086346,-0.00010397493340564759,-5.982621611494906e-19,-6.837281841708464e-19,-5.127961381281348e-19,-7.852847731268057e-05,-8.974683121449208e-05,-6.731012341086907e-05,-0.012805818687247374,-0.014635221356854142,-0.010976416017640605,-0.00505040122141965,-0.005771887110193886,-0.004328915332645414,-0.006891582432667435,-0.007876094208762782,-0.005907070656572087,-0.028734635724845022,-0.03283958368553717,-0.02462968776415288,-0.00032353204236020163,-0.00036975090555451615,-0.00027731317916588705,-0.00012516089376429437,-0.00014304102144490784,-0.00010728076608368087
236,236,-2400,2.9808757914419972e-05,1.0481280747097062e-07,1.0153017667429147e-05,7.554114925425765e-06,2.4577839913116856e-05,1.968459975423563e-05,0.0002009964443124,2.6498999232889505e-06,-8.437683406748658e-21,-0.001842940387447873,-0.002106217585654712,-0.0015796631892410341,-2.3533232915454332e-05,-2.689512333194781e-05,-2.0171342498960854e-05,-0.0019154669745746241,-0.0021891051137995707,-0.0016418288353496778,-0.001187580156490939,-0.0013572344645610733,-0.001017925848420805,-0.002027656802944908,-0.0023173220605084664,-0.0017379915453813496,-0.004840317496037382,-0.005531791424042723,-0.004148843568032042,-0.016724630439098734,-0.01911386335896998,-0.014335397519227485,-0.00018485324924583804,-0.00021126085628095774,-0.0001584456422107183,7.8467857756097845e-19,8.967755172125468e-19,6.725816379094101e-19
237,237,-2300,5.498477636778647e-07,5.877890998184956e-07,7.478532261027314e-07,1.708104011105921e-05,2.392263187906596e-05,3.896782922540583e-05,0.0003120392595987,3.607888742485952e-05,-8.437683406748658e-21,-3.3996352001831706e-05,-3.8852973716379086e-05,-2.9139730287284316e-05,-0.00013197370881921986,-0.00015082709579339413,-0.00011312032184504561,-0.00014109704416502423,-0.00016125376476002767,-0.00012094032357002076,-0.0026851903210883894,-0.0030687889383867305,-0.002301591703790048,-0.0019736055877947393,-0.002255549243193988,-0.0016916619323954908,-0.009580642663079585,-0.010949305900662383,-0.008211979425496787,-0.02595749380237698,-0.029665707202716548,-0.02224928040203741,-0.0025166441881964976,-0.0028761647865102827,-0.002157123589882712,7.8467857756097845e-19,8.967755172125468e-19,6.725816379094101e-19
238,238,-2200,5.255044143145544e-06,6.401192064665538e-07,3.746239460647207e-07,8.693868352426038e-06,1.3515122183277478e-05,2.967307629232958e-05,0.000260776542397,3.7350406553056256e-06,1.2584505531197133e-07,-0.0003249096520010414,-0.0003713253165726187,-0.00027849398742946403,-0.00014372310992234548,-0.00016425498276839484,-0.00012319123707629613,-7.068022970925736e-05,-8.077740538200841e-05,-6.0583054036506314e-05,-0.0013667534561236715,-0.0015620039498556245,-0.0011715029623917184,-0.001115018412780858,-0.0012743067574638378,-0.0009557300680978783,-0.0072959081667163545,-0.00833818076196155,-0.006253635571471162,-0.02169576461240827,-0.02479515955703802,-0.018596369667778515,-0.0002605505596135139,-0.0002977720681297302,-0.00022332905109729765,-1.1703198759182635e-05,-1.3375084296208726e-05,-1.0031313222156544e-05
239,239,-2100,7.922093932087819e-07,2.664550798318956e-21,2.2195773275116087e-06,8.50898289052258e-05,2.373672184851505e-05,2.616990575183353e-05,7.597385524113591e-05,1.9384708334017686e-06,-8.437683406748658e-21,-4.898122651219064e-05,-5.597854458536074e-05,-4.1983908439020556e-05,-5.982621611494906e-19,-6.837281841708464e-19,-5.127961381281348e-19,-0.00041876307374816535,-0.0004785863699979032,-0.0003589397774984274,-0.013372289512210441,-0.015282616585383364,-0.01146196243903752,-0.001958268958113198,-0.002238021666415084,-0.0016785162498113126,-0.006434719682621446,-0.007353965351567366,-0.005515474013675525,-0.006323556796233571,-0.007226922052838368,-0.005420191539628776,-0.00013522515966438934,-0.00015454303961644496,-0.00011590727971233371,7.8467857756097845e-19,8.967755172125468e-19,6.725816379094101e-19
240,240,-2000,1.5869546374186233e-06,2.664550798318956e-21,1.090309312370306e-06,7.72064577212722e-06,0.0003486033588974,8.080191971761708e-05,0.0002312956420151,2.5671605990951947e-06,5.858043242566092e-07,-9.811910348019246e-05,-0.00011213611826307709,-8.410208869730781e-05,-5.982621611494906e-19,-6.837281841708464e-19,-5.127961381281348e-19,-0.00020570766005961456,-0.0002350944686395595,-0.00017632085147966964,-0.0012137595133775946,-0.0013871537295743939,-0.0010403652971807953,-0.028737615603860688,-0.03284298926155507,-0.0246322419461663,-0.019860148975343776,-0.0226973131146786,-0.017022984836008948,-0.019244397683925055,-0.02199359735305721,-0.016495198014792906,-0.00017908150121623707,-0.00020466457281855666,-0.00015349842961391748,-5.447791369373454e-05,-6.226047279283947e-05,-4.6695354594629605e-05
241,241,-1900,2.9852778696569992e-05,3.138944178595033e-07,9.583635684281789e-06,5.2642858806371146e-05,0.0001735324252631,2.2667891243679743e-05,0.0001690648980982,1.604000711672529e-06,-8.437683406748658e-21,-0.0018456618493558979,-0.002109327827835312,-0.0015819958708764839,-7.047746088224694e-05,-8.05456695797108e-05,-6.04092521847831e-05,-0.0018080529938493762,-0.0020663462786850014,-0.001549759709013751,-0.008274292392570933,-0.009456334162938208,-0.007092250622203657,-0.014311294485832501,-0.016355765126665717,-0.012266823844999287,-0.005573773018652821,-0.006370026307031796,-0.004777519730273847,-0.014068719556024803,-0.016078536635456917,-0.012058902476592689,-0.00011189304125403943,-0.0001278777614331879,-9.590832107489095e-05,7.8467857756097845e-19,8.967755172125468e-19,6.725816379094101e-19
242,242,-1800,2.263283879463243e-06,1.2765354006161185e-06,4.881034579184694e-07,3.736825613925299e-05,0.0001471954331033,3.6992715454776906e-05,0.0002430607531338,1.0034966606261464e-05,7.634344904421156e-07,-0.0001399353923654386,-0.00015992616270335842,-0.0001199446220275188,-0.00028661362887346834,-0.00032755843299824954,-0.00024566882474868714,-9.209033161421049e-05,-0.0001052460932733834,-7.893456995503755e-05,-0.0058738658061862495,-0.006712989492784285,-0.0050347421195882135,-0.012140024686141311,-0.01387431392701864,-0.01040573544526398,-0.009095166764086287,-0.010394476301812899,-0.007795857226359675,-0.020222719868793117,-0.023111679850049277,-0.017333759887536958,-0.0007000146923639616,-0.000800016791273099,-0.0006000125934548243,-7.09969130126046e-05,-8.11393291572624e-05,-6.08544968679468e-05
243,243,-1700,6.010418590961811e-06,2.664550798318956e-21,2.3507726512643358e-07,3.4274972158348815e-05,1.1416570686990397e-05,3.162110344162952e-05,8.643633684797964e-05,2.83910877297898e-06,1.0208845270656282e-06,-0.00037161255999727723,-0.0004247000685683169,-0.0003185250514262376,-5.982621611494906e-19,-6.837281841708464e-19,-5.127961381281348e-19,-4.435201692721164e-05,-5.068801934538474e-05,-3.801601450903855e-05,-0.005387711514795504,-0.00615738458833772,-0.00461803844125329,-0.0009418893387832053,-0.0010764449586093774,-0.0008073337189570332,-0.007774775605504486,-0.008885457834862269,-0.006664093376146702,-0.007194204959838657,-0.008221948525529895,-0.006166461394147421,-0.0001980521147683832,-0.0002263452740210094,-0.00016975895551575704,-9.493886023122286e-05,-0.000108501554549969,-8.137616591247674e-05
244,244,-1600,2.7023224292449185e-05,2.664550798318956e-21,1.1087090789856431e-05,2.9586479117630185e-06,2.512042830270279e-05,2.969362708380041e-05,0.0001698078107821,1.945264086108763e-06,-8.437683406748658e-21,-0.001670731690419935,-0.0019094076461942113,-0.0014320557346456585,-5.982621611494906e-19,-6.837281841708464e-19,-5.127961381281348e-19,-0.002091678555275654,-0.00239048977745789,-0.0017928673330934177,-0.00046513775774037453,-0.0005315860088461424,-0.00039868950663460675,-0.0020724173636482296,-0.002368476987026548,-0.0017763577402699112,-0.007300960066601145,-0.008343954361829881,-0.006257965771372411,-0.01413051600587732,-0.016149161149574078,-0.012111870862180558,-0.00013569904614466256,-0.00015508462416532863,-0.00011631346812399647,7.8467857756097845e-19,8.967755172125468e-19,6.725816379094101e-19
245,245,-1500,7.16033350714959e-07,1.9707733062670223e-06,3.296849234728359e-06,4.131930772755022e-05,1.286826043118632e-05,3.778027759642688e-05,0.0001884835913047,7.382126726451836e-05,-8.437683406748658e-21,-4.4271371637202136e-05,-5.059585329965959e-05,-3.794688997474469e-05,-0.00044248516191316273,-0.0005056973279007575,-0.00037927299592556803,-0.0006220061292529715,-0.0007108641477176818,-0.0005331481107882614,-0.006494811031191252,-0.007422641178504288,-0.005566980883878216,-0.0010616529399198906,-0.001213317645622732,-0.000909988234217049,-0.009288748335924506,-0.010615712383913721,-0.007961784287935291,-0.01568392016516704,-0.017924480188762328,-0.013443360141571747,-0.005148936209923908,-0.005884498525627323,-0.004413373894220493,7.8467857756097845e-19,8.967755172125468e-19,6.725816379094101e-19
246,246,-1400,1.2142691133873836e-06,2.664550798318956e-21,5.74790929958807e-07,4.350817390112398e-06,8.765912855340876e-05,3.881922311872266e-05,0.0001189529239296,2.1237288158850365e-06,1.779437022615895e-06,-7.507654750744007e-05,-8.580176857993151e-05,-6.435132643494863e-05,-5.982621611494906e-19,-6.837281841708464e-19,-5.127961381281348e-19,-0.00010844558004024463,-0.0001239378057602796,-9.29533543202097e-05,-0.0006840005470505674,-0.0007817149109149342,-0.0005862861831862006,-0.007230749499014915,-0.008263713713159903,-0.006197785284869928,-0.009544116282340904,-0.010907561465532461,-0.008180671099149345,-0.009899835862683856,-0.01131409812878155,-0.008485573596586162,-0.00014814845662107043,-0.00016931252185265188,-0.00012698439138948892,-0.0001654813818865188,-0.00018912157929887864,-0.00014184118447415898
247,247,-1300,6.888980623336153e-06,1.863818579118732e-06,8.482324135549935e-06,3.4678352322341e-05,0.0001627669119008,7.841467687742741e-05,0.0004697250682347,5.226942994583795e-05,-8.437683406748658e-21,-0.0004259316906665038,-0.0004867790750474329,-0.0003650843062855747,-0.00041847158624456056,-0.00047825324142235486,-0.0003586899310667662,-0.0016002885645260351,-0.0018289012166011831,-0.0013716759124508874,-0.005451109304361411,-0.0062298392049844695,-0.004672379403738353,-0.01342379844106634,-0.015341483932647244,-0.011506112949485434,-0.019273716246555696,-0.022027104281777937,-0.01652032821133345,-0.03906020546220774,-0.0446402348139517,-0.03348017611046378,-0.0036458805154337723,-0.004166720589067169,-0.0031250404418003766,7.8467857756097845e-19,8.967755172125468e-19,6.725816379094101e-19
248,248,-1200,1.1268974666312304e-06,2.664550798318956e-21,1.0444069335190285e-06,8.730282816865998e-06,1.933743187194064e-05,1.7455795185682974e-05,0.0003269262808356,4.89233241532142e-06,-8.437683406748658e-21,-6.967449251151341e-05,-7.96279914417296e-05,-5.972099358129721e-05,-5.982621611494906e-19,-6.837281841708464e-19,-5.127961381281348e-19,-0.00019704734901105313,-0.0002251969702983464,-0.0001688977277237598,-0.0013724779094350227,-0.0015685461822114546,-0.0011764096366585909,-0.0015953460418348755,-0.0018232526192398578,-0.0013674394644298932,-0.004292335883629748,-0.004905526724148284,-0.0036791450431112125,-0.02719493266442284,-0.031079923045054674,-0.023309942283791005,-0.00034128062477871033,-0.0003900349997470975,-0.00029252624981032313,7.8467857756097845e-19,8.967755172125468e-19,6.725816379094101e-19
249,249,-1100,2.7872086347855133e-07,1.1708161128177233e-07,9.450722372349144e-07,6.11599680819243e-05,1.1473910019452025e-05,3.9175182619864845e-05,0.000137170659245,1.9827596049158767e-06,2.479528810426936e-06,-1.7232946552377566e-05,-1.969479605986007e-05,-1.4771097044895055e-05,-2.6287900095774493e-05,-3.0043314395170847e-05,-2.2532485796378138e-05,-0.00017830605361907517,-0.00020377834699322875,-0.00015283376024492157,-0.009612625813457728,-0.010985858072523117,-0.008239393554392339,-0.0009466198175515233,-0.0010818512200588839,-0.0008113884150441629,-0.00963160860428037,-0.011007552690606137,-0.008255664517954602,-0.01141550912336554,-0.01304629614098919,-0.009784722105741892,-0.00013831467353722987,-0.00015807391261397696,-0.00011855543446048272,-0.00023058702584283157,-0.00026352802953466466,-0.0001976460221509985
250,250,-1000,3.9342270462476696e-08,2.664550798318956e-21,5.394366568156224e-06,1.5453898647074976e-05,1.958299818534717e-05,3.317359489551398e-05,0.0001362802457391,3.0031517798321806e-06,-8.437683406748658e-21,-2.4324821700346495e-06,-2.779979622896743e-06,-2.084984717172557e-06,-5.982621611494906e-19,-6.837281841708464e-19,-5.127961381281348e-19,-0.0010177265907275815,-0.0011631161036886647,-0.0008723370777664985,-0.0024294165972217163,-0.0027764761111105326,-0.0020823570833328996,-0.0016156044279977517,-0.0018464050605688594,-0.0013848037954266445,-0.008156402383599775,-0.009321602724114031,-0.006991202043085522,-0.011341431840113743,-0.012961636388701422,-0.009721227291526066,-0.0002094954487693271,-0.00023942337002208808,-0.0001795675275165661,7.8467857756097845e-19,8.967755172125468e-19,6.725816379094101e-19
251,251,-900,2.3402470130274225e-06,2.664550798318956e-21,1.2508585257753195e-06,9.466147472464257e-05,2.3763172250212855e-05,3.3087907500274225e-05,0.0001505411476264,3.7162246736282775e-06,8.396377293641103e-08,-0.00014469388592732807,-0.00016536444105980352,-0.00012402333079485263,-5.982621611494906e-19,-6.837281841708464e-19,-5.127961381281348e-19,-0.0002359981289660536,-0.00026971214738977554,-0.00020228411054233164,-0.01487588188780383,-0.017001007871775806,-0.012750755903831854,-0.0019604509822193712,-0.00224051540825071,-0.0016803865561880326,-0.008135339293341644,-0.00929753062096188,-0.00697314796572141,-0.012527819150730405,-0.014317507600834747,-0.010738130700626061,-0.0002592379960576655,-0.0002962719954944748,-0.0002222039966208561,-7.80837062019832e-06,-8.92385213736951e-06,-6.692889103027131e-06
252,252,-800,2.781186887875588e-05,7.526006067226945e-07,1.1456349024332309e-05,9.820679182258288e-06,1.4895132345925137e-05,5.205613150745237e-05,9.957453569435832e-05,2.505255670442199e-06,-8.437683406748658e-21,-0.0017194878549897188,-0.0019651289771311074,-0.0014738467328483304,-0.0001689779350245669,-0.00019311764002807644,-0.00014483823002105735,-0.0021613381124388187,-0.002470100699930078,-0.001852575524947559,-0.0015438903299830802,-0.0017644460914092344,-0.001323334568556926,-0.0012288673809588574,-0.00140441986395298,-0.001053314897964735,-0.01279736016251211,-0.014625554471442412,-0.010969165853581809,-0.008287454837699455,-0.009471376957370806,-0.007103532718028104,-0.00017476312230193717,-0.00019972928263078534,-0.000149796961973089,7.8467857756097845e-19,8.967755172125468e-19,6.725816379094101e-19
253,253,-700,2.072846645009421e-06,4.613384823779262e-08,6.151510397466831e-07,2.9622568131643488e-05,1.8894103810209637e-05,1.8178737729834267e-05,6.421709327650098e-05,1.6628431314924862e-06,-8.437683406748658e-21,-0.0001281609915557804,-0.0001464697046351776,-0.00010985227847638319,-1.0358266615905336e-05,-1.1838018989606097e-05,-8.878514242204573e-06,-0.00011606028092460533,-0.00013264032105669182,-9.948024079251886e-05,-0.004656493534284068,-0.00532170689632465,-0.0039912801722434875,-0.0015587729242495844,-0.0017814547705709534,-0.001336091077928215,-0.004470082922475327,-0.00510866619711466,-0.003831499647835995,-0.005345151817447119,-0.006108744934225278,-0.004581558700668959,-0.00011599779971172334,-0.00013256891395625525,-9.942668546719144e-05,7.8467857756097845e-19,8.967755172125468e-19,6.725816379094101e-19
254,254,-600,3.357482357150042e-06,2.942275110273609e-07,9.047818117846456e-07,6.545685303797931e-06,1.719186911558214e-05,5.741561055210954e-05,4.199378912723828e-05,3.014442919471566e-07,-8.437683406748658e-21,-0.00020758761511186657,-0.0002372429886992761,-0.00017793224152445707,-6.606173711689572e-05,-7.549912813359511e-05,-5.662434610019633e-05,-0.0001707045270487509,-0.0001950908880557153,-0.00014631816604178648,-0.001029049897314028,-0.0011760570255017462,-0.0008820427691263097,-0.0014183434096865777,-0.0016209638967846602,-0.0012157229225884952,-0.014114390886748733,-0.01613073244199855,-0.012098049331498913,-0.003495565284321438,-0.0039949317535102145,-0.002996198815132661,-2.102842343880737e-05,-2.4032483930065565e-05,-1.8024362947549174e-05,7.8467857756097845e-19,8.967755172125468e-19,6.725816379094101e-19
255,255,-500,1.946947573808017e-07,3.27463659256982e-07,1.2241889901350092e-06,3.359975298287387e-05,0.0002179239435198,8.411993986405114e-05,8.629076054424418e-05,2.799074394559317e-06,-8.437683406748658e-21,-1.2037724066011624e-05,-1.3757398932584714e-05,-1.0318049199438536e-05,-7.352410209801439e-05,-8.402754525487359e-05,-6.302065894115518e-05,-0.00023096644964524515,-0.000263961656737423,-0.00019797124255306728,-0.005281589264903715,-0.006036102017032817,-0.004527076512774612,-0.01797040258022385,-0.02053760294882726,-0.015403202211620445,-0.02067519703782562,-0.02362879661465785,-0.017721597460993384,-0.007182090947437305,-0.008208103939928348,-0.006156077954946261,-0.00019525939011095223,-0.0002231535886982311,-0.00016736519152367333,7.8467857756097845e-19,8.967755172125468e-19,6.725816379094101e-19
256,256,-400,2.851961589170399e-07,3.19773595303672e-07,4.55156705995573e-07,3.31987554357665e-05,0.000112022962092,4.935799763514764e-05,0.0002179840588006,1.3669128240930268e-06,-8.437683406748658e-21,-1.76333054009777e-05,-2.01523490296888e-05,-1.5114261772266601e-05,-7.179748642200664e-05,-8.205427019657902e-05,-6.154070264743427e-05,-8.58742931561643e-05,-9.814204932133063e-05,-7.360653699099797e-05,-0.005218565332625288,-0.005964074665857472,-0.004473055999393105,-0.009239921525905036,-0.01055991031532004,-0.007919932736490031,-0.01213428707313893,-0.013867756655015922,-0.01040081749126194,-0.01813741336346914,-0.020728472415393304,-0.015546354311544976,-9.535413804881834e-05,-0.00010897615777007811,-8.173211832755858e-05,7.8467857756097845e-19,8.967755172125468e-19,6.725816379094101e-19
257,257,-300,1.2586935739121745e-05,2.664550798318956e-21,2.972848684728154e-05,2.963197793055011e-05,2.733933434540131e-05,5.026017010805016e-05,0.0001434439028271,1.3914988100787582e-06,-8.437683406748658e-21,-0.0007782168582497516,-0.0008893906951425733,-0.00066704302135693,-5.982621611494906e-19,-6.837281841708464e-19,-5.127961381281348e-19,-0.00560798067026918,-0.0064091207660219186,-0.004806840574516439,-0.004657972502489486,-0.0053233971457022685,-0.003992547859276702,-0.0022554637281492133,-0.0025776728321705296,-0.0019332546241278973,-0.012356000992226713,-0.014121143991116242,-0.010590857993337182,-0.011937398024740095,-0.013642740599702967,-0.010232055449777224,-9.706922108741625e-05,-0.00011093625267133285,-8.320218950349965e-05,7.8467857756097845e-19,8.967755172125468e-19,6.725816379094101e-19
258,258,-200,3.816973534689318e-06,3.214541862051635e-07,2.907592810987053e-06,8.526230282148078e-06,2.471605079963156e-05,9.959923108860388e-05,0.0002595864196003,8.381700278201919e-07,-8.437683406748658e-21,-0.00023599700774801623,-0.0002697108659977329,-0.0002022831494982996,-7.217482199749128e-05,-8.248551085427575e-05,-6.186413314070681e-05,-0.0005485675006264624,-0.0006269342864302428,-0.00047020071482268205,-0.0013404002692564455,-0.0015318860220073663,-0.001148914516505525,-0.0020390584525030544,-0.002330352517146348,-0.0017477643878597608,-0.024477073026511083,-0.027973797744584094,-0.02098034830843807,-0.0215968113432279,-0.024682070106546175,-0.01851155257990963,-5.846976000125841e-05,-6.682258285858105e-05,-5.011693714393578e-05,7.8467857756097845e-19,8.967755172125468e-19,6.725816379094101e-19
259,259,-100,5.252165781210056e-06,9.688899573201277e-07,2.1961204993372885e-06,3.44693968529288e-05,1.9808207350256834e-06,5.156039989562568e-05,0.000287548913931,2.880443217560592e-05,6.740794619945412e-07,-0.0003247316898617296,-0.00037112193127054817,-0.00027834144845291113,-0.0002175400811920395,-0.00024861723564804515,-0.00018646292673603386,-0.0004143375747759767,-0.0004735286568868306,-0.0003551464926651229,-0.005418268563805724,-0.006192306930063684,-0.004644230197547763,-0.00016342520722976108,-0.00018677166540544124,-0.00014007874905408094,-0.012675534774313801,-0.014486325456358631,-0.010864744092268973,-0.023921616950444608,-0.027338990800508122,-0.020504243100381094,-0.002009251475554055,-0.0022962874006332056,-0.0017222155504749042,-6.268720222670929e-05,-7.16425168305249e-05,-5.373188762289367e-05
260,260,0,5.166883908591152e-06,9.53157637861074e-07,2.16181744245071e-06,3.391031765859369e-05,1.948657222173561e-06,5.0498732070661175e-05,0.0002828798477074,2.833672113639061e-05,6.631341184529202e-07,-0.0003194589176393582,-0.00036509590587355224,-0.0002738219294051642,-0.00021400780273229388,-0.00024458034597976447,-0.00018343525948482333,-0.0004078657624263868,-0.0004661322999158706,-0.0003495992249369029,-0.005330399898987128,-0.006091885598842431,-0.004568914199131823,-0.00016077160788311712,-0.00018373898043784812,-0.0001378042353283861,-0.01241462845588973,-0.01418814680673112,-0.010641110105048339,-0.02353345163797584,-0.02689537330054382,-0.020171529975407863,-0.0019766281619774373,-0.0022590036136884996,-0.0016942527102663748,-6.16693225941639e-05,-7.04792258219016e-05,-5.2859419366426205e-05
