sample_id,interp_age,interp_age_uncert_pos,interp_age_uncert_neg,age_model_type,ann_lam_check,dep_rate_check
456606,121849.0,1064.6616386462,1064.6616386462,other (see notes),not applicable,not applicable
456607,121879.464285714,1335.56589030543,1335.56589030543,other (see notes),not applicable,not applicable
456608,121909.928571429,1507.9635061937,1507.9635061937,other (see notes),not applicable,not applicable
456609,121940.392857143,1604.20541159871,1604.20541159871,other (see notes),not applicable,not applicable
456610,121970.857142857,1675.72255503035,1675.72255503035,other (see notes),not applicable,not applicable
456611,122001.321428571,1735.13024296739,1735.13024296739,other (see notes),not applicable,not applicable
456612,122031.785714286,1805.57307382141,1805.57307382141,other (see notes),not applicable,not applicable
456613,122062.25,1872.95884878586,1872.95884878586,other (see notes),not applicable,not applicable
456614,122092.714285714,1948.45314410452,1948.45314410452,other (see notes),not applicable,not applicable
456615,122123.178571429,2007.41159646487,2007.41159646487,other (see notes),not applicable,not applicable
456616,122153.642857143,2056.5407712194,2056.5407712194,other (see notes),not applicable,not applicable
456617,122184.107142857,2096.55640593982,2096.55640593982,other (see notes),not applicable,not applicable
456618,122214.571428571,2145.65095055128,2145.65095055128,other (see notes),not applicable,not applicable
456619,122245.035714286,2181.94154949243,2181.94154949243,other (see notes),not applicable,not applicable
456620,122275.5,2216.11055762198,2216.11055762198,other (see notes),not applicable,not applicable
456621,122305.964285714,2248.59535974703,2248.59535974703,other (see notes),not applicable,not applicable
456622,122336.428571429,2278.38624125242,2278.38624125242,other (see notes),not applicable,not applicable
456623,122366.892857143,2309.67074072184,2309.67074072184,other (see notes),not applicable,not applicable
456624,122397.357142857,2339.51527048165,2339.51527048165,other (see notes),not applicable,not applicable
456625,122427.821428571,2369.64141175924,2369.64141175924,other (see notes),not applicable,not applicable
456626,122458.285714286,2396.51898206281,2396.51898206281,other (see notes),not applicable,not applicable
456627,122488.75,2423.04546984759,2423.04546984759,other (see notes),not applicable,not applicable
456628,122519.214285714,2448.95859226951,2448.95859226951,other (see notes),not applicable,not applicable
456629,122549.678571429,2472.02228156555,2472.02228156555,other (see notes),not applicable,not applicable
456630,122580.142857143,2488.39336866204,2488.39336866204,other (see notes),not applicable,not applicable
456631,122610.607142857,2511.66466803765,2511.66466803765,other (see notes),not applicable,not applicable
456632,122641.071428571,2530.51749276016,2530.51749276016,other (see notes),not applicable,not applicable
456633,122671.535714286,2548.41215228265,2548.41215228265,other (see notes),not applicable,not applicable
456634,122702.0,2558.43517386211,2558.43517386211,other (see notes),not applicable,not applicable
456635,122807.411764706,2563.82540295177,2563.82540295177,other (see notes),not applicable,not applicable
456636,122912.823529412,2570.06975877718,2570.06975877718,other (see notes),not applicable,not applicable
456637,123018.235294118,2571.0911388047,2571.0911388047,other (see notes),not applicable,not applicable
456638,123123.647058824,2567.42148955036,2567.42148955036,other (see notes),not applicable,not applicable
456639,123229.058823529,2564.74960768378,2564.74960768378,other (see notes),not applicable,not applicable
456640,123334.470588235,2561.44586511679,2561.44586511679,other (see notes),not applicable,not applicable
456641,123439.882352941,2557.23550091953,2557.23550091953,other (see notes),not applicable,not applicable
456642,123545.294117647,2554.49017201376,2554.49017201376,other (see notes),not applicable,not applicable
456643,123650.705882353,2545.20065735694,2545.20065735694,other (see notes),not applicable,not applicable
456644,123756.117647059,2544.11303741858,2544.11303741858,other (see notes),not applicable,not applicable
456645,123861.529411765,2541.72366882095,2541.72366882095,other (see notes),not applicable,not applicable
456646,123966.941176471,2532.71798989077,2532.71798989077,other (see notes),not applicable,not applicable
456647,124072.352941176,2519.8695688563,2519.8695688563,other (see notes),not applicable,not applicable
456648,124177.764705882,2508.04458430883,2508.04458430883,other (see notes),not applicable,not applicable
456649,124283.176470588,2500.2253749063,2500.2253749063,other (see notes),not applicable,not applicable
456650,124388.588235294,2495.72408654325,2495.72408654325,other (see notes),not applicable,not applicable
456651,124494.0,2485.47299849551,2485.47299849551,other (see notes),not applicable,not applicable
456652,124681.285714286,2467.27037096047,2467.27037096047,other (see notes),not applicable,not applicable
456653,124868.571428571,2445.91467762271,2445.91467762271,other (see notes),not applicable,not applicable
456654,125055.857142857,2424.63426965338,2424.63426965338,other (see notes),not applicable,not applicable
456655,125243.142857143,2388.78961450488,2388.78961450488,other (see notes),not applicable,not applicable
456656,125430.428571429,2352.55998144623,2352.55998144623,other (see notes),not applicable,not applicable
456657,125617.714285714,2309.56327699209,2309.56327699209,other (see notes),not applicable,not applicable
456658,125805.0,2271.59875565265,2271.59875565265,other (see notes),not applicable,not applicable
456659,125847.678571429,2230.91075336363,2230.91075336363,other (see notes),not applicable,not applicable
456660,125890.357142857,2186.72022008325,2186.72022008325,other (see notes),not applicable,not applicable
456661,125933.035714286,2142.56334517514,2142.56334517514,other (see notes),not applicable,not applicable
456662,125975.714285714,2096.13587479954,2096.13587479954,other (see notes),not applicable,not applicable
456663,126018.392857143,2061.24507275723,2061.24507275723,other (see notes),not applicable,not applicable
456664,126061.071428571,2021.72993675743,2021.72993675743,other (see notes),not applicable,not applicable
456665,126103.75,1977.99506087879,1977.99506087879,other (see notes),not applicable,not applicable
456666,126146.428571429,1928.77537013215,1928.77537013215,other (see notes),not applicable,not applicable
456667,126189.107142857,1880.78064369924,1880.78064369924,other (see notes),not applicable,not applicable
456668,126231.785714286,1813.32263541161,1813.32263541161,other (see notes),not applicable,not applicable
456669,126274.464285714,1742.83995618326,1742.83995618326,other (see notes),not applicable,not applicable
456670,126317.142857143,1684.16830697238,1684.16830697238,other (see notes),not applicable,not applicable
456671,126359.821428571,1603.87412904561,1603.87412904561,other (see notes),not applicable,not applicable
456672,126402.5,1477.43649500504,1477.43649500504,other (see notes),not applicable,not applicable
456673,126445.178571429,1322.84558855793,1322.84558855793,other (see notes),not applicable,not applicable
456674,126487.857142857,1125.23119100797,1125.23119100797,other (see notes),not applicable,not applicable
456675,126530.535714286,1101.4883882663,1101.4883882663,other (see notes),not applicable,not applicable
456676,126573.214285714,1082.12322707656,1082.12322707656,other (see notes),not applicable,not applicable
456677,126615.892857143,1067.00330306553,1067.00330306553,other (see notes),not applicable,not applicable
456678,126658.571428571,1054.64910679451,1054.64910679451,other (see notes),not applicable,not applicable
456679,126701.25,1045.85950990104,1045.85950990104,other (see notes),not applicable,not applicable
456680,126743.928571429,1041.90517553701,1041.90517553701,other (see notes),not applicable,not applicable
456681,126786.607142857,1036.71826402498,1036.71826402498,other (see notes),not applicable,not applicable
456682,126829.285714286,1033.36851776,1033.36851776,other (see notes),not applicable,not applicable
456683,126871.964285714,1027.22007157154,1027.22007157154,other (see notes),not applicable,not applicable
456684,126914.642857143,1019.78246124763,1019.78246124763,other (see notes),not applicable,not applicable
456685,126957.321428571,1012.50441791446,1012.50441791446,other (see notes),not applicable,not applicable
456686,127000.0,1006.38861783812,1006.38861783812,other (see notes),not applicable,not applicable
456687,127093.8125,1000.79729378093,1000.79729378093,other (see notes),not applicable,not applicable
456688,127187.625,998.424041468645,998.424041468645,other (see notes),not applicable,not applicable
456689,127281.4375,995.839786815633,995.839786815633,other (see notes),not applicable,not applicable
456690,127375.25,987.158471859794,987.158471859794,other (see notes),not applicable,not applicable
456691,127469.0625,981.393469023022,981.393469023022,other (see notes),not applicable,not applicable
456692,127562.875,977.313058712883,977.313058712883,other (see notes),not applicable,not applicable
456693,127656.6875,977.687795147705,977.687795147705,other (see notes),not applicable,not applicable
456694,127750.5,972.538960748706,972.538960748706,other (see notes),not applicable,not applicable
456695,127844.3125,970.662854394306,970.662854394306,other (see notes),not applicable,not applicable
456696,127938.125,965.292420231588,965.292420231588,other (see notes),not applicable,not applicable
456697,128031.9375,964.612667083269,964.612667083269,other (see notes),not applicable,not applicable
456698,128125.75,965.522811774044,965.522811774044,other (see notes),not applicable,not applicable
456699,128219.5625,968.752914444775,968.752914444775,other (see notes),not applicable,not applicable
456700,128313.375,971.130679177648,971.130679177648,other (see notes),not applicable,not applicable
456701,128407.1875,972.286791386525,972.286791386525,other (see notes),not applicable,not applicable
456702,128501.0,969.152603693167,969.152603693167,other (see notes),not applicable,not applicable
456703,128519.75,952.702410665202,952.702410665202,other (see notes),not applicable,not applicable
456704,128538.5,945.772926197366,945.772926197366,other (see notes),not applicable,not applicable
456705,128557.25,940.175177049223,940.175177049223,other (see notes),not applicable,not applicable
456706,128576.0,936.571791939869,936.571791939869,other (see notes),not applicable,not applicable
456707,128594.75,935.148533080667,935.148533080667,other (see notes),not applicable,not applicable
456708,128613.5,933.473156330481,933.473156330481,other (see notes),not applicable,not applicable
456709,128632.25,937.812286153289,937.812286153289,other (see notes),not applicable,not applicable
456710,128651.0,939.248532109084,939.248532109084,other (see notes),not applicable,not applicable
456711,128669.75,940.034879149715,940.034879149715,other (see notes),not applicable,not applicable
456712,128688.5,941.398065046276,941.398065046276,other (see notes),not applicable,not applicable
456713,128707.25,942.619200490386,942.619200490386,other (see notes),not applicable,not applicable
456714,128726.0,944.112265933817,944.112265933817,other (see notes),not applicable,not applicable
456715,128744.75,942.68906936354,942.68906936354,other (see notes),not applicable,not applicable
456716,128763.5,945.271868459705,945.271868459705,other (see notes),not applicable,not applicable
456717,128782.25,948.799024656534,948.799024656534,other (see notes),not applicable,not applicable
456718,128801.0,952.485441596066,952.485441596066,other (see notes),not applicable,not applicable
456719,128819.75,953.422901168454,953.422901168454,other (see notes),not applicable,not applicable
456720,128838.5,955.573082029365,955.573082029365,other (see notes),not applicable,not applicable
456721,128857.25,958.284076998167,958.284076998167,other (see notes),not applicable,not applicable
456722,128876.0,964.086553125764,964.086553125764,other (see notes),not applicable,not applicable
456723,128894.75,970.132672307184,970.132672307184,other (see notes),not applicable,not applicable
456724,128913.5,976.396884105685,976.396884105685,other (see notes),not applicable,not applicable
456725,128932.25,984.332395488845,984.332395488845,other (see notes),not applicable,not applicable
456726,128951.0,991.186477030557,991.186477030557,other (see notes),not applicable,not applicable
456727,128969.75,995.526854736979,995.526854736979,other (see notes),not applicable,not applicable
456728,128988.5,1001.795289297,1001.795289297,other (see notes),not applicable,not applicable
456729,129007.25,1006.11850687376,1006.11850687376,other (see notes),not applicable,not applicable
456730,129026.0,1011.14098197503,1011.14098197503,other (see notes),not applicable,not applicable
456731,129044.75,1014.6409865147,1014.6409865147,other (see notes),not applicable,not applicable
456732,129063.5,1019.68022225385,1019.68022225385,other (see notes),not applicable,not applicable
456733,129082.25,1021.48849931766,1021.48849931766,other (see notes),not applicable,not applicable
456734,129101.0,1025.90593787997,1025.90593787997,other (see notes),not applicable,not applicable
456735,129288.375,1100.15867065465,1100.15867065465,other (see notes),not applicable,not applicable
456736,129475.75,1162.38187601566,1162.38187601566,other (see notes),not applicable,not applicable
456737,129663.125,1194.41634370018,1194.41634370018,other (see notes),not applicable,not applicable
456738,129850.5,1222.31434826151,1222.31434826151,other (see notes),not applicable,not applicable
456739,130037.875,1248.03273717842,1248.03273717842,other (see notes),not applicable,not applicable
456740,130225.25,1273.68858952535,1273.68858952535,other (see notes),not applicable,not applicable
456741,130412.625,1293.87006911504,1293.87006911504,other (see notes),not applicable,not applicable
456742,130600.0,1312.49749019103,1312.49749019103,other (see notes),not applicable,not applicable
456743,130721.857142857,1336.39515174278,1336.39515174278,other (see notes),not applicable,not applicable
456744,130843.714285714,1352.3311442349,1352.3311442349,other (see notes),not applicable,not applicable
456745,130965.571428571,1363.68437901942,1363.68437901942,other (see notes),not applicable,not applicable
456746,131087.428571429,1378.7470118142,1378.7470118142,other (see notes),not applicable,not applicable
456747,131209.285714286,1401.32559235882,1401.32559235882,other (see notes),not applicable,not applicable
456748,131331.142857143,1426.63629568863,1426.63629568863,other (see notes),not applicable,not applicable
456749,131453.0,1444.10156025133,1444.10156025133,other (see notes),not applicable,not applicable
456750,131565.0,1453.01283611051,1453.01283611051,other (see notes),not applicable,not applicable
456751,131677.0,1460.57966628512,1460.57966628512,other (see notes),not applicable,not applicable
456752,131789.0,1477.76552138023,1477.76552138023,other (see notes),not applicable,not applicable
456753,131994.4,1495.81072389581,1495.81072389581,other (see notes),not applicable,not applicable
456754,132199.8,1504.89735685816,1504.89735685816,other (see notes),not applicable,not applicable
456755,132405.2,1512.76513092593,1512.76513092593,other (see notes),not applicable,not applicable
456756,132610.6,1522.1805234564,1522.1805234564,other (see notes),not applicable,not applicable
456757,132816.0,1543.84689767718,1543.84689767718,other (see notes),not applicable,not applicable
456758,132922.461538462,1552.20589869642,1552.20589869642,other (see notes),not applicable,not applicable
456759,133028.923076923,1559.97137307991,1559.97137307991,other (see notes),not applicable,not applicable
456760,133135.384615385,1561.77638892544,1561.77638892544,other (see notes),not applicable,not applicable
456761,133241.846153846,1564.75440502465,1564.75440502465,other (see notes),not applicable,not applicable
456762,133348.307692308,1563.58930703848,1563.58930703848,other (see notes),not applicable,not applicable
456763,133454.769230769,1559.1336225022,1559.1336225022,other (see notes),not applicable,not applicable
456764,133561.230769231,1558.18642075261,1558.18642075261,other (see notes),not applicable,not applicable
456765,133667.692307692,1559.82408322047,1559.82408322047,other (see notes),not applicable,not applicable
456766,133774.153846154,1563.15612685135,1563.15612685135,other (see notes),not applicable,not applicable
456767,133880.615384615,1564.7849364476,1564.7849364476,other (see notes),not applicable,not applicable
456768,133987.076923077,1564.51459933474,1564.51459933474,other (see notes),not applicable,not applicable
456769,134093.538461538,1559.20099740036,1559.20099740036,other (see notes),not applicable,not applicable
456770,134195.741538462,1549.21268341776,1549.21268341776,other (see notes),not applicable,not applicable
456771,134201.333333333,1538.32731905032,1538.32731905032,other (see notes),not applicable,not applicable
456772,134202.666666667,1528.05845865564,1528.05845865564,other (see notes),not applicable,not applicable
456773,134204.0,1531.44179011561,1531.44179011561,other (see notes),not applicable,not applicable
456774,134205.333333333,1510.84213248549,1510.84213248549,other (see notes),not applicable,not applicable
456775,134206.666666667,1790.09226323307,1790.09226323307,other (see notes),not applicable,not applicable
456776,134208.0,1957.59762392408,1957.59762392408,other (see notes),not applicable,not applicable
456777,134209.333333333,2080.76313223213,2080.76313223213,other (see notes),not applicable,not applicable
456778,134210.666666667,2182.85759844088,2182.85759844088,other (see notes),not applicable,not applicable
456779,134212.0,2268.89424872467,2268.89424872467,other (see notes),not applicable,not applicable
456780,134254.75,2341.40388695711,2341.40388695711,other (see notes),not applicable,not applicable
456781,134297.5,2415.19354509328,2415.19354509328,other (see notes),not applicable,not applicable
456782,134340.25,2473.75402392212,2473.75402392212,other (see notes),not applicable,not applicable
456783,134383.0,2522.66489367212,2522.66489367212,other (see notes),not applicable,not applicable
456784,134594.0,2557.73533619372,2557.73533619372,other (see notes),not applicable,not applicable
456785,134805.0,2591.89678125899,2591.89678125899,other (see notes),not applicable,not applicable
456786,135016.0,2620.39830472992,2620.39830472992,other (see notes),not applicable,not applicable
456787,135227.0,2649.01712100609,2649.01712100609,other (see notes),not applicable,not applicable
456788,135275.8,2680.21648849887,2680.21648849887,other (see notes),not applicable,not applicable
456789,135324.6,2706.45338669159,2706.45338669159,other (see notes),not applicable,not applicable
456790,135373.4,2743.09384775906,2743.09384775906,other (see notes),not applicable,not applicable
456791,135422.2,2763.82598418693,2763.82598418693,other (see notes),not applicable,not applicable
456792,135471.0,2790.72809465959,2790.72809465959,other (see notes),not applicable,not applicable
456793,135509.166666667,2798.15233476531,2798.15233476531,other (see notes),not applicable,not applicable
456794,135547.333333333,2795.7924444308,2795.7924444308,other (see notes),not applicable,not applicable
456795,135585.5,2802.80053997192,2802.80053997192,other (see notes),not applicable,not applicable
456796,135620.613333333,2809.49000920235,2809.49000920235,other (see notes),not applicable,not applicable
456797,135623.666666667,2810.1100319966,2810.1100319966,other (see notes),not applicable,not applicable
456798,135661.833333333,2813.39767429664,2813.39767429664,other (see notes),not applicable,not applicable
456799,135700.0,2816.62229552556,2816.62229552556,other (see notes),not applicable,not applicable
456800,135737.5,2820.98535519244,2820.98535519244,other (see notes),not applicable,not applicable
456801,135775.0,2807.14192656372,2807.14192656372,other (see notes),not applicable,not applicable
456802,135812.5,2798.38172510103,2798.38172510103,other (see notes),not applicable,not applicable
456803,135850.0,2787.93839205279,2787.93839205279,other (see notes),not applicable,not applicable
456804,135887.5,2778.86170551223,2778.86170551223,other (see notes),not applicable,not applicable
456805,135925.0,2766.218138476,2766.218138476,other (see notes),not applicable,not applicable
456806,135962.5,2746.03144144662,2746.03144144662,other (see notes),not applicable,not applicable
456807,136000.0,2716.71348861363,2716.71348861363,other (see notes),not applicable,not applicable
456808,136230.769230769,2682.63398439486,2682.63398439486,other (see notes),not applicable,not applicable
456809,136461.538461538,2647.50444358131,2647.50444358131,other (see notes),not applicable,not applicable
456810,136692.307692308,2612.46704039326,2612.46704039326,other (see notes),not applicable,not applicable
456811,136923.076923077,2571.04741825018,2571.04741825018,other (see notes),not applicable,not applicable
456812,137153.846153846,2519.97487363659,2519.97487363659,other (see notes),not applicable,not applicable
456813,137384.615384615,2467.52560964101,2467.52560964101,other (see notes),not applicable,not applicable
456814,137615.384615385,2412.03645986285,2412.03645986285,other (see notes),not applicable,not applicable
456815,137846.153846154,2358.92784041825,2358.92784041825,other (see notes),not applicable,not applicable
456816,138076.923076923,2276.89393289579,2276.89393289579,other (see notes),not applicable,not applicable
456817,138307.692307692,2178.58746783759,2178.58746783759,other (see notes),not applicable,not applicable
456818,138538.461538462,2072.4936368971,2072.4936368971,other (see notes),not applicable,not applicable
456819,138769.230769231,1952.50982805328,1952.50982805328,other (see notes),not applicable,not applicable
456820,139000.0,1820.96379795686,1820.96379795686,other (see notes),not applicable,not applicable
456821,139506.666666667,1673.12881262132,1673.12881262132,other (see notes),not applicable,not applicable
456822,140013.333333333,1896.08992770859,1896.08992770859,other (see notes),not applicable,not applicable
456823,72650.0891416902,460.285796916112,537.469851032598,StalAge,not applicable,not applicable
456824,73142.1509074872,388.600501829802,458.758956814709,StalAge,not applicable,not applicable
456825,73638.6775192538,317.862669744994,381.373783783405,StalAge,not applicable,not applicable
456826,74134.3997065469,246.097622419504,301.38880613439,StalAge,not applicable,not applicable
456827,74614.7808673798,174.218525237011,222.34342442319,StalAge,not applicable,not applicable
456828,75114.4592291354,154.712495676911,185.675367563395,StalAge,not applicable,not applicable
456829,75646.6120689009,229.642891347889,220.926851388998,StalAge,not applicable,not applicable
456830,75851.0194568948,148.554977256295,137.108658297904,StalAge,not applicable,not applicable
456831,75891.8853424446,71.6770015561924,67.094314300004,StalAge,not applicable,not applicable
456832,75896.2940615743,69.7336248921929,54.9467221570958,StalAge,not applicable,not applicable
456833,75900.7027807041,67.7902482282952,56.8900988209934,StalAge,not applicable,not applicable
456834,75905.1114998338,65.8468715643976,58.8334754848911,StalAge,not applicable,not applicable
456835,75909.5202189636,78.4874367037119,60.7768521487887,StalAge,not applicable,not applicable
456836,76015.92594613,103.513610682188,104.525572789906,StalAge,not applicable,not applicable
456837,76201.0267166486,479.665761972501,139.762197871503,StalAge,not applicable,not applicable
456838,76467.2644272216,774.991695815304,205.649622807599,StalAge,not applicable,not applicable
456839,76746.7254953191,790.648557464287,248.002986433814,StalAge,not applicable,not applicable
456840,77024.4991952116,672.165946303314,284.456831665389,StalAge,not applicable,not applicable
456841,77289.1417769483,511.357191079209,293.239986253888,StalAge,not applicable,not applicable
456842,77542.4907233165,354.728901735012,287.632711804297,StalAge,not applicable,not applicable
456843,77764.8321365447,235.490902747799,270.273550312399,StalAge,not applicable,not applicable
456844,77939.8914794219,182.673914410509,228.563803200595,StalAge,not applicable,not applicable
456845,78122.439422261,218.597254930995,131.520554915405,StalAge,not applicable,not applicable
456846,78297.3702628443,304.182712715599,247.341102716702,StalAge,not applicable,not applicable
456847,78351.8785010765,362.270041027601,838.608671096794,StalAge,not applicable,not applicable
456848,78612.4969528237,351.175989258598,1134.8991951246,StalAge,not applicable,not applicable
456849,79409.0534195292,278.916251773102,503.196787400986,StalAge,not applicable,not applicable
456850,79901.4868128896,235.155636877098,224.6759159059,StalAge,not applicable,not applicable
456851,79932.9596778019,239.453681835206,433.147887689498,StalAge,not applicable,not applicable
456852,79964.4325427141,236.4032421593,480.282674805101,StalAge,not applicable,not applicable
456853,80351.7986659265,219.889826631901,400.098150975798,StalAge,not applicable,not applicable
456854,80724.2522846501,209.799045738007,521.9003468226,StalAge,not applicable,not applicable
456855,81056.6572692981,212.712513887498,768.443469035003,StalAge,not applicable,not applicable
456856,81396.9908152849,251.704666054095,918.305015453603,StalAge,not applicable,not applicable
456857,81787.9360671844,256.818499543704,447.350168788806,StalAge,not applicable,not applicable
456858,82056.4284491494,264.225571792806,284.0971015549,StalAge,not applicable,not applicable
456859,82298.3930947214,282.131846835007,347.809938017701,StalAge,not applicable,not applicable
456860,82578.2565271414,296.061190498105,460.7936772057,StalAge,not applicable,not applicable
456861,83052.8751551766,296.833957030598,485.12640576571,StalAge,not applicable,not applicable
456862,83796.1916242447,288.738415041502,382.674139931391,StalAge,not applicable,not applicable
456863,84534.418763665,303.779417287995,185.797247700102,StalAge,not applicable,not applicable
456864,84869.3878186962,285.076598243293,167.796989074108,StalAge,not applicable,not applicable
456865,84869.8518241747,268.003546478198,184.870040839203,StalAge,not applicable,not applicable
456866,84876.2426350278,246.052479923092,206.821107394309,StalAge,not applicable,not applicable
456867,84882.6334458808,291.244817459214,181.342472551798,StalAge,not applicable,not applicable
456868,84982.9918921723,266.863988694007,300.336045121003,StalAge,not applicable,not applicable
456869,85160.1460230933,260.508716033306,489.793468581105,StalAge,not applicable,not applicable
456870,85334.597627883,262.295199066095,617.118370026205,StalAge,not applicable,not applicable
456871,85500.4971515713,266.502303716203,683.237378946695,StalAge,not applicable,not applicable
456872,85661.8672424722,260.992740966089,554.432383578198,StalAge,not applicable,not applicable
456873,85856.1564370421,238.217398309396,394.878615766604,StalAge,not applicable,not applicable
456874,86125.4492010863,207.312263738,291.061546473196,StalAge,not applicable,not applicable
456875,86426.2575186272,204.846439760702,361.318288878494,StalAge,not applicable,not applicable
456876,86629.5208919031,287.316534126789,496.503730486307,StalAge,not applicable,not applicable
456877,86698.5747748149,360.660867232902,654.750698576303,StalAge,not applicable,not applicable
456878,86981.2205986573,304.764567673701,761.117097952796,StalAge,not applicable,not applicable
456879,87899.4096942866,135.656840387994,535.669371526601,StalAge,not applicable,not applicable
456880,89369.8617124618,110.303659905505,328.349848845799,StalAge,not applicable,not applicable
456881,90804.0646238443,615.07674127091,202.209108588198,StalAge,not applicable,not applicable
456882,91336.6652493836,968.690570278399,232.861300578297,StalAge,not applicable,not applicable
456883,91750.4770437841,1326.80246823789,277.131309947203,StalAge,not applicable,not applicable
456884,92166.0399524507,1632.12536708549,311.787664031697,StalAge,not applicable,not applicable
456885,92393.3065455321,1828.98430412619,314.689047427411,StalAge,not applicable,not applicable
456886,92708.1104560611,1898.78274015751,288.767761691008,StalAge,not applicable,not applicable
456887,93065.5930305991,1755.41949235259,262.02972534021,StalAge,not applicable,not applicable
456888,93458.1228146608,1480.44912569699,360.471325889201,StalAge,not applicable,not applicable
456889,93867.9634425452,1345.37671860271,460.510306866199,StalAge,not applicable,not applicable
456890,94277.3785485516,970.472973024298,752.090891114392,StalAge,not applicable,not applicable
456891,94668.6317669792,812.774901536788,909.788962601902,StalAge,not applicable,not applicable
456892,95027.3854871922,720.039251083988,1002.5246130547,StalAge,not applicable,not applicable
456893,95352.8971188142,670.564631505098,1051.99923263359,StalAge,not applicable,not applicable
456894,95647.822826534,655.268523868101,1067.29534027059,StalAge,not applicable,not applicable
456895,95914.8187750403,614.847497769093,1107.7163663696,StalAge,not applicable,not applicable
456896,96156.5411290216,598.789866306193,1100.45249844099,StalAge,not applicable,not applicable
456897,96376.1940268163,597.558492216209,1065.3178036216,StalAge,not applicable,not applicable
456898,96579.1735013611,589.469927432292,1013.58395749341,StalAge,not applicable,not applicable
456899,96771.4235592424,576.078121009006,916.538648939095,StalAge,not applicable,not applicable
456900,96958.8882070465,558.802610918909,657.577717437598,StalAge,not applicable,not applicable
456901,97147.5114513599,535.038768314,534.904361715395,StalAge,not applicable,not applicable
456902,97345.5557463853,478.636887104105,447.550385314898,StalAge,not applicable,not applicable
456903,97570.5573367921,410.324843416995,388.198668958095,StalAge,not applicable,not applicable
456904,97842.370914866,378.179971934296,366.737058521612,StalAge,not applicable,not applicable
456905,98180.8511728928,320.241493158799,324.3483312967,StalAge,not applicable,not applicable
456906,98605.8528031583,323.918939804207,308.085272262993,StalAge,not applicable,not applicable
456907,99119.3817236568,343.5656064879,300.579772472993,StalAge,not applicable,not applicable
456908,99652.0487552162,372.998093142596,296.248731896107,StalAge,not applicable,not applicable
456909,100096.570211276,420.168072993489,294.094380475304,StalAge,not applicable,not applicable
456910,100251.184907922,467.2253325809,294.421084141097,StalAge,not applicable,not applicable
456911,100284.511729903,505.833626538995,295.957349556003,StalAge,not applicable,not applicable
456912,100295.856261997,539.880908719002,300.968216907,StalAge,not applicable,not applicable
456913,100307.200794091,555.760865613003,309.163570145989,StalAge,not applicable,not applicable
456914,100318.545326185,561.430436347,326.948704405004,StalAge,not applicable,not applicable
456915,100807.775158687,554.757597974996,348.864466300991,StalAge,not applicable,not applicable
456916,102374.384941402,537.274127731987,385.840213889009,StalAge,not applicable,not applicable
456918,127026.239713263,846.0,846.0,StalAge,not applicable,not applicable
456919,127497.332917612,846.0,846.0,StalAge,not applicable,not applicable
456920,127968.426121961,846.0,846.0,StalAge,not applicable,not applicable
456921,128439.519326311,846.0,846.0,StalAge,not applicable,not applicable
456922,128910.61253066,846.0,846.0,StalAge,not applicable,not applicable
456923,129381.705735009,846.0,846.0,StalAge,not applicable,not applicable
456924,129852.798939358,845.999999999985,846.0,StalAge,not applicable,not applicable
456925,130323.892143707,846.0,846.0,StalAge,not applicable,not applicable
456926,130794.985348057,846.0,846.0,StalAge,not applicable,not applicable
456927,131266.078552406,846.0,846.0,StalAge,not applicable,not applicable
456928,131737.171756755,846.0,846.0,StalAge,not applicable,not applicable
456929,132208.264961105,846.0,846.0,StalAge,not applicable,not applicable
456930,132679.358165454,846.0,846.0,StalAge,not applicable,not applicable
456931,133150.451369803,846.0,846.0,StalAge,not applicable,not applicable
456932,133621.544574152,846.0,846.0,StalAge,not applicable,not applicable
456933,134092.637778502,846.0,846.0,StalAge,not applicable,not applicable
456934,134563.730982851,846.0,846.0,StalAge,not applicable,not applicable
456935,135034.8241872,846.0,846.0,StalAge,not applicable,not applicable
456936,135056.130004607,846.0,846.0,StalAge,not applicable,not applicable
456937,135220.263011859,846.0,846.0,StalAge,not applicable,not applicable
456938,135384.396019111,846.0,846.0,StalAge,not applicable,not applicable
456939,135548.529026363,846.0,846.0,StalAge,not applicable,not applicable
456940,135712.662033614,846.0,846.0,StalAge,not applicable,not applicable
456941,135876.795040866,846.0,846.0,StalAge,not applicable,not applicable
456942,136040.928048118,846.0,846.0,StalAge,not applicable,not applicable
456943,136205.06105537,846.0,846.0,StalAge,not applicable,not applicable
456944,136369.194062622,846.0,846.0,StalAge,not applicable,not applicable
456945,136533.327069874,846.0,846.0,StalAge,not applicable,not applicable
456946,136697.460077126,846.0,846.0,StalAge,not applicable,not applicable
456947,136861.593084378,846.0,846.0,StalAge,not applicable,not applicable
456948,137025.72609163,846.0,846.0,StalAge,not applicable,not applicable
456949,78772.3125755887,553.504438118704,470.061292107595,StalAge,not applicable,not applicable
456950,79086.0089947405,541.6420929991,454.195602469714,StalAge,not applicable,not applicable
456951,80130.2918290208,482.800274562702,400.732848768603,StalAge,not applicable,not applicable
456952,81175.5926543155,415.664239597812,358.437538878192,StalAge,not applicable,not applicable
456953,82227.2091275797,350.184501713797,314.738190024204,StalAge,not applicable,not applicable
456954,83276.7382030943,289.753385312899,271.085282864791,StalAge,not applicable,not applicable
456955,84319.6151637801,282.667133474504,233.503408088291,StalAge,not applicable,not applicable
456956,85369.5103198511,238.162014760994,208.324241303213,StalAge,not applicable,not applicable
456957,86410.1756768857,234.185134377796,206.109513053001,StalAge,not applicable,not applicable
456958,87456.3310160846,234.338046557896,214.104498953806,StalAge,not applicable,not applicable
456959,88496.6526991257,260.140221129506,213.979245692899,StalAge,not applicable,not applicable
456960,89551.9823837882,287.477976156501,255.049839626998,StalAge,not applicable,not applicable
456961,90602.0087630134,349.588928163605,291.886233901794,StalAge,not applicable,not applicable
456962,91125.6963126732,1126.61657862415,314.993705155706,StalAge,not applicable,not applicable
456963,91649.3838623329,1903.64422908469,338.101176409604,StalAge,not applicable,not applicable
456964,92226.2652784061,3362.06656413604,413.891574149849,StalAge,not applicable,not applicable
456965,92803.1466944793,4820.48889918739,489.68197189011,StalAge,not applicable,not applicable
456966,94831.9027522304,3198.57103370508,2025.27812042336,StalAge,not applicable,not applicable
456967,96860.6588099815,1576.65316822281,3560.8742689566,StalAge,not applicable,not applicable
456968,97769.7536246209,999.785287171806,3810.9531261659,StalAge,not applicable,not applicable
456969,98678.8484392604,422.917406120803,4061.0319833752,StalAge,not applicable,not applicable
456970,98999.1717094819,419.429249564695,2536.49261366895,StalAge,not applicable,not applicable
456971,99319.4949797034,415.941093008587,1011.95324396271,StalAge,not applicable,not applicable
456972,99638.8688860823,396.665992756651,637.543230089388,StalAge,not applicable,not applicable
456973,99958.2427924613,377.3908925047,263.133216216098,StalAge,not applicable,not applicable
456974,100595.016266229,343.429721845998,266.055982911988,StalAge,not applicable,not applicable
456975,101235.199142815,307.684456625997,240.326821865005,StalAge,not applicable,not applicable
456976,101870.066956418,276.384432096005,212.323486527006,StalAge,not applicable,not applicable
456977,102503.853588951,244.398723445003,189.192664762988,StalAge,not applicable,not applicable
456978,103141.255677039,222.25546620501,186.435858647994,StalAge,not applicable,not applicable
456979,103779.156409169,213.428778171001,191.99146751799,StalAge,not applicable,not applicable
456980,104417.645370415,224.622874340988,517.874416539998,StalAge,not applicable,not applicable
456981,105051.211520428,223.868594625004,797.131451057998,StalAge,not applicable,not applicable
456982,105554.040094286,348.810495273996,1299.960024916,StalAge,not applicable,not applicable
456983,106037.035421207,518.942378386011,965.434373518001,StalAge,not applicable,not applicable
456984,106862.706931257,363.496321811006,365.433748374999,StalAge,not applicable,not applicable
456985,107396.827306513,422.311201653501,488.495458762511,StalAge,not applicable,not applicable
456986,107930.947681769,481.126081495997,611.557169150008,StalAge,not applicable,not applicable
456987,109425.714605568,391.602717466492,1457.6204356575,StalAge,not applicable,not applicable
456988,110920.481529367,302.079353436988,2303.683702165,StalAge,not applicable,not applicable
456989,111642.060929603,294.58854016749,1575.16192043101,StalAge,not applicable,not applicable
456990,112363.640329838,287.097726897991,846.640138696996,StalAge,not applicable,not applicable
456991,113066.856722023,310.111376086992,559.047841204985,StalAge,not applicable,not applicable
456992,113770.073114209,333.125025276007,271.455543712989,StalAge,not applicable,not applicable
456993,114470.378719859,299.913523911993,297.600405884499,StalAge,not applicable,not applicable
456994,115170.684325509,266.702022547994,323.745268056009,StalAge,not applicable,not applicable
456995,116699.069975138,1382.439431729,473.040669046997,StalAge,not applicable,not applicable
456996,118176.452645009,583.547184948999,576.207874162006,StalAge,not applicable,not applicable
456997,119096.148319357,653.030890986993,467.449914860001,StalAge,not applicable,not applicable
456998,119613.482179057,364.790590557008,337.552491509996,StalAge,not applicable,not applicable
456999,120103.300992196,460.904400143991,202.384519344007,StalAge,not applicable,not applicable
457000,120408.548706729,751.375686618005,159.686080521002,StalAge,not applicable,not applicable
457001,120716.903032105,1031.51559898201,487.607298016999,StalAge,not applicable,not applicable
457002,121023.461714767,1034.652046976,793.39516704499,StalAge,not applicable,not applicable
457003,121334.986384794,1036.146547856,1044.10197960801,StalAge,not applicable,not applicable
457004,121648.314973436,1083.854574577,1024.597437005,StalAge,not applicable,not applicable
457006,121862.384170302,869.785377710999,1093.421701037,StalAge,not applicable,not applicable
457007,147685.471739285,28348.560179628,24416.562596546,StalAge,not applicable,not applicable
457008,173508.559308267,2525.47261064601,50239.650165528,StalAge,not applicable,not applicable
457009,176560.88342554,955.973041513993,1410.870876678,StalAge,not applicable,not applicable
457010,178411.746350745,929.094553528994,439.992048526998,StalAge,not applicable,not applicable
457011,180280.538429679,1606.74353768901,725.026384269993,StalAge,not applicable,not applicable
457012,182121.708454319,1341.20513050398,662.214755128021,StalAge,not applicable,not applicable
457013,183889.069675769,1041.88025374501,641.72244783098,StalAge,not applicable,not applicable
457014,185643.829305105,799.10355128799,623.613719671994,StalAge,not applicable,not applicable
457015,187384.866050698,708.469664006989,633.078315018007,StalAge,not applicable,not applicable
457016,189116.396437639,841.529693448014,674.517408580985,StalAge,not applicable,not applicable
457017,190805.425022545,1059.678795063,781.286259169021,StalAge,not applicable,not applicable
457018,192415.489195335,876.694969416014,844.771038362989,StalAge,not applicable,not applicable
457019,194086.190582809,870.534345673979,1003.83274581601,StalAge,not applicable,not applicable
457020,111282.208,1675.56363425459,1675.56363425459,mixed (see notes),not applicable,not applicable
457021,111318.965,1579.5332134122,1579.5332134122,mixed (see notes),not applicable,not applicable
457022,111355.696,1514.02602392995,1514.02602392995,mixed (see notes),not applicable,not applicable
457023,111392.586,1454.01098150955,1454.01098150955,mixed (see notes),not applicable,not applicable
457024,111432.087,1385.45733451079,1385.45733451079,mixed (see notes),not applicable,not applicable
457025,111474.673,1314.41993139181,1314.41993139181,mixed (see notes),not applicable,not applicable
457026,111522.6,1221.48505424247,1221.48505424247,mixed (see notes),not applicable,not applicable
457027,111576.949,1112.47090438767,1112.47090438767,mixed (see notes),not applicable,not applicable
457028,111642.691,980.016337668969,980.016337668969,mixed (see notes),not applicable,not applicable
457029,111736.118,805.99262553476,805.99262553476,mixed (see notes),not applicable,not applicable
457030,111841.599,833.799999541398,833.799999541398,mixed (see notes),not applicable,not applicable
457031,111935.517,850.748792742224,850.748792742224,mixed (see notes),not applicable,not applicable
457032,112025.78,871.580317957359,871.580317957359,mixed (see notes),not applicable,not applicable
457033,112113.782,895.846258251058,895.846258251058,mixed (see notes),not applicable,not applicable
457034,112201.239,922.964536182757,922.964536182757,mixed (see notes),not applicable,not applicable
457035,112287.018,955.71292022756,955.71292022756,mixed (see notes),not applicable,not applicable
457036,112371.135,986.333802254323,986.333802254323,mixed (see notes),not applicable,not applicable
457037,112453.616,1015.8759954907,1015.8759954907,mixed (see notes),not applicable,not applicable
457038,112535.399,1048.6945711214,1048.6945711214,mixed (see notes),not applicable,not applicable
457039,112616.491,1082.72145884038,1082.72145884038,mixed (see notes),not applicable,not applicable
457040,112696.813,1117.41970043082,1117.41970043082,mixed (see notes),not applicable,not applicable
457041,112776.636,1153.00667752378,1153.00667752378,mixed (see notes),not applicable,not applicable
457042,112856.568,1191.02680001012,1191.02680001012,mixed (see notes),not applicable,not applicable
457043,112936.248,1229.32584289602,1229.32584289602,mixed (see notes),not applicable,not applicable
457044,113015.821,1269.56021794281,1269.56021794281,mixed (see notes),not applicable,not applicable
457045,113095.646,1311.97149967213,1311.97149967213,mixed (see notes),not applicable,not applicable
457046,113176.164,1357.82640752379,1357.82640752379,mixed (see notes),not applicable,not applicable
457047,113256.526,1405.18115963294,1405.18115963294,mixed (see notes),not applicable,not applicable
457048,113336.933,1453.65876251679,1453.65876251679,mixed (see notes),not applicable,not applicable
457049,113418.141,1503.03808866308,1503.03808866308,mixed (see notes),not applicable,not applicable
457050,113500.038,1553.41905259881,1553.41905259881,mixed (see notes),not applicable,not applicable
457051,113582.81,1605.28801565738,1605.28801565738,mixed (see notes),not applicable,not applicable
457052,113665.928,1658.25750147714,1658.25750147714,mixed (see notes),not applicable,not applicable
457053,113749.868,1712.8899118607,1712.8899118607,mixed (see notes),not applicable,not applicable
457054,113835.777,1767.68555725087,1767.68555725087,mixed (see notes),not applicable,not applicable
457055,113923.969,1822.98699769081,1822.98699769081,mixed (see notes),not applicable,not applicable
457056,114013.795,1880.92323610511,1880.92323610511,mixed (see notes),not applicable,not applicable
457057,114107.368,1937.14217395268,1937.14217395268,mixed (see notes),not applicable,not applicable
457058,114207.55,1993.47012848278,1993.47012848278,mixed (see notes),not applicable,not applicable
457059,114323.319,2051.62687879785,2051.62687879785,mixed (see notes),not applicable,not applicable
457060,114393.203,1982.32924924605,1982.32924924605,mixed (see notes),not applicable,not applicable
457061,114455.862,1915.27047719763,1915.27047719763,mixed (see notes),not applicable,not applicable
457062,114517.235,1848.69717594536,1848.69717594536,mixed (see notes),not applicable,not applicable
457063,114577.132,1783.33287482916,1783.33287482916,mixed (see notes),not applicable,not applicable
457064,114635.771,1719.13684671516,1719.13684671516,mixed (see notes),not applicable,not applicable
457065,114693.529,1656.20248136974,1656.20248136974,mixed (see notes),not applicable,not applicable
457066,114750.861,1594.42081787101,1594.42081787101,mixed (see notes),not applicable,not applicable
457067,114807.767,1533.88972632864,1533.88972632864,mixed (see notes),not applicable,not applicable
457068,114864.529,1474.62066129928,1474.62066129928,mixed (see notes),not applicable,not applicable
457069,114921.346,1416.37829431568,1416.37829431568,mixed (see notes),not applicable,not applicable
457070,114978.339,1359.38466041477,1359.38466041477,mixed (see notes),not applicable,not applicable
457071,115035.276,1304.23389364996,1304.23389364996,mixed (see notes),not applicable,not applicable
457072,115092.03,1251.28659968632,1251.28659968632,mixed (see notes),not applicable,not applicable
457073,115148.922,1200.7559412697,1200.7559412697,mixed (see notes),not applicable,not applicable
457074,115205.985,1152.66301542434,1152.66301542434,mixed (see notes),not applicable,not applicable
457075,115263.306,1106.94645394793,1106.94645394793,mixed (see notes),not applicable,not applicable
457076,115321.218,1063.48279419912,1063.48279419912,mixed (see notes),not applicable,not applicable
457077,115381.224,1020.66994784722,1020.66994784722,mixed (see notes),not applicable,not applicable
457078,115443.096,979.223742703513,979.223742703513,mixed (see notes),not applicable,not applicable
457079,115509.443,944.115342945333,944.115342945333,mixed (see notes),not applicable,not applicable
457080,115597.864,908.051806947214,908.051806947214,mixed (see notes),not applicable,not applicable
457081,115678.09,874.991017600112,874.991017600112,mixed (see notes),not applicable,not applicable
457082,115756.225,842.254081282743,842.254081282743,mixed (see notes),not applicable,not applicable
457083,115833.327,811.597646018656,811.597646018656,mixed (see notes),not applicable,not applicable
457084,115909.061,782.205683210527,782.205683210527,mixed (see notes),not applicable,not applicable
457085,115983.822,755.80278321207,755.80278321207,mixed (see notes),not applicable,not applicable
457086,116058.415,733.303430389509,733.303430389509,mixed (see notes),not applicable,not applicable
457087,116133.153,715.252767128436,715.252767128436,mixed (see notes),not applicable,not applicable
457088,116207.873,702.56572224816,702.56572224816,mixed (see notes),not applicable,not applicable
457089,116282.855,695.036974769182,695.036974769182,mixed (see notes),not applicable,not applicable
457090,116358.367,693.055922531332,693.055922531332,mixed (see notes),not applicable,not applicable
457091,116434.276,696.670330102298,696.670330102298,mixed (see notes),not applicable,not applicable
457092,116511.618,703.961130729231,703.961130729231,mixed (see notes),not applicable,not applicable
457093,116591.371,712.832473707232,712.832473707232,mixed (see notes),not applicable,not applicable
457094,116679.634,723.154168990352,723.154168990352,mixed (see notes),not applicable,not applicable
457095,116739.189,725.115343498796,725.115343498796,mixed (see notes),not applicable,not applicable
457096,116790.232,723.688815863701,723.688815863701,mixed (see notes),not applicable,not applicable
457097,116838.534,722.430761790763,722.430761790763,mixed (see notes),not applicable,not applicable
457098,116883.864,716.543699217912,716.543699217912,mixed (see notes),not applicable,not applicable
457099,116927.715,707.710973436136,707.710973436136,mixed (see notes),not applicable,not applicable
457100,116971.551,701.58637175549,701.58637175549,mixed (see notes),not applicable,not applicable
457101,117014.91,697.495556725383,697.495556725383,mixed (see notes),not applicable,not applicable
457102,117057.328,692.688781063626,692.688781063626,mixed (see notes),not applicable,not applicable
457103,117099.652,688.194210128837,688.194210128837,mixed (see notes),not applicable,not applicable
457104,117141.926,685.358690490338,685.358690490338,mixed (see notes),not applicable,not applicable
457105,117183.576,683.300077485648,683.300077485648,mixed (see notes),not applicable,not applicable
457106,117225.056,681.87779020641,681.87779020641,mixed (see notes),not applicable,not applicable
457107,117287.092,681.480921516069,681.480921516069,mixed (see notes),not applicable,not applicable
457108,117328.505,681.587894521285,681.587894521285,mixed (see notes),not applicable,not applicable
457109,117369.796,683.267279848605,683.267279848605,mixed (see notes),not applicable,not applicable
457110,117390.433,684.884721048094,684.884721048094,mixed (see notes),not applicable,not applicable
457111,117411.162,686.737422390328,686.737422390328,mixed (see notes),not applicable,not applicable
457112,117431.944,688.959642391951,688.959642391951,mixed (see notes),not applicable,not applicable
457113,117452.771,691.551650942951,691.551650942951,mixed (see notes),not applicable,not applicable
457114,117473.595,694.933067185516,694.933067185516,mixed (see notes),not applicable,not applicable
457115,117494.544,698.425261643722,698.425261643722,mixed (see notes),not applicable,not applicable
457116,117515.417,702.34284071948,702.34284071948,mixed (see notes),not applicable,not applicable
457117,117536.335,706.682442950987,706.682442950987,mixed (see notes),not applicable,not applicable
457118,117557.3,711.490685107679,711.490685107679,mixed (see notes),not applicable,not applicable
457119,117578.237,716.563791292158,716.563791292158,mixed (see notes),not applicable,not applicable
457120,117599.216,721.920038451571,721.920038451571,mixed (see notes),not applicable,not applicable
457121,117620.303,727.237914129721,727.237914129721,mixed (see notes),not applicable,not applicable
457122,117641.436,732.957096781061,732.957096781061,mixed (see notes),not applicable,not applicable
457123,117662.679,738.675068411472,738.675068411472,mixed (see notes),not applicable,not applicable
457124,117684.054,744.463634060415,744.463634060415,mixed (see notes),not applicable,not applicable
457125,117705.488,750.707416407384,750.707416407384,mixed (see notes),not applicable,not applicable
457126,117726.978,757.074389803073,757.074389803073,mixed (see notes),not applicable,not applicable
457127,117748.727,763.191335707435,763.191335707435,mixed (see notes),not applicable,not applicable
457128,117770.796,768.841293421777,768.841293421777,mixed (see notes),not applicable,not applicable
457129,117793.169,774.459091650838,774.459091650838,mixed (see notes),not applicable,not applicable
457130,117815.819,780.064431616692,780.064431616692,mixed (see notes),not applicable,not applicable
457131,117838.608,785.393672348183,785.393672348183,mixed (see notes),not applicable,not applicable
457132,117861.684,790.896654496714,790.896654496714,mixed (see notes),not applicable,not applicable
457133,117885.212,796.741645374128,796.741645374128,mixed (see notes),not applicable,not applicable
457134,117908.998,803.014141653618,803.014141653618,mixed (see notes),not applicable,not applicable
457135,117932.994,810.152313226733,810.152313226733,mixed (see notes),not applicable,not applicable
457136,117957.879,816.548095477681,816.548095477681,mixed (see notes),not applicable,not applicable
457137,117984.117,821.52374189825,821.52374189825,mixed (see notes),not applicable,not applicable
457138,118013.704,822.408393136342,822.408393136342,mixed (see notes),not applicable,not applicable
457139,118051.859,828.827020980075,828.827020980075,mixed (see notes),not applicable,not applicable
457140,118083.982,827.302544541115,827.302544541115,mixed (see notes),not applicable,not applicable
457141,118114.378,826.861672039942,826.861672039942,mixed (see notes),not applicable,not applicable
457142,118143.44,826.099922940732,826.099922940732,mixed (see notes),not applicable,not applicable
457143,118171.304,822.147697906631,822.147697906631,mixed (see notes),not applicable,not applicable
457144,118198.681,817.661959513854,817.661959513854,mixed (see notes),not applicable,not applicable
457145,118225.749,813.69583808258,813.69583808258,mixed (see notes),not applicable,not applicable
457146,118252.6,810.005143398689,810.005143398689,mixed (see notes),not applicable,not applicable
457147,118279.44,806.412424630598,806.412424630598,mixed (see notes),not applicable,not applicable
457148,118305.696,802.729686311205,802.729686311205,mixed (see notes),not applicable,not applicable
457149,118331.826,799.43513522451,799.43513522451,mixed (see notes),not applicable,not applicable
457150,118357.899,796.523122250873,796.523122250873,mixed (see notes),not applicable,not applicable
457151,118383.897,794.282991782548,794.282991782548,mixed (see notes),not applicable,not applicable
457152,118409.628,792.180542854011,792.180542854011,mixed (see notes),not applicable,not applicable
457153,118435.073,789.917986318269,789.917986318269,mixed (see notes),not applicable,not applicable
457154,118461.309,791.503306095154,791.503306095154,mixed (see notes),not applicable,not applicable
457155,118486.46,789.237749873779,789.237749873779,mixed (see notes),not applicable,not applicable
457156,118511.488,786.821321022261,786.821321022261,mixed (see notes),not applicable,not applicable
457157,118536.451,784.642669318025,784.642669318025,mixed (see notes),not applicable,not applicable
457158,118561.258,782.633467779707,782.633467779707,mixed (see notes),not applicable,not applicable
457159,118585.987,780.72286216782,780.72286216782,mixed (see notes),not applicable,not applicable
457160,118732.662,770.505718399342,770.505718399342,mixed (see notes),not applicable,not applicable
457161,118757.139,768.785497949759,768.785497949759,mixed (see notes),not applicable,not applicable
457162,118781.489,767.424281309592,767.424281309592,mixed (see notes),not applicable,not applicable
457163,118806.239,767.410887977873,767.410887977873,mixed (see notes),not applicable,not applicable
457164,118830.245,767.048864062688,767.048864062688,mixed (see notes),not applicable,not applicable
457165,118854.214,766.970516114269,766.970516114269,mixed (see notes),not applicable,not applicable
457166,118878.204,767.236311114831,767.236311114831,mixed (see notes),not applicable,not applicable
457167,118902.258,767.867735096743,767.867735096743,mixed (see notes),not applicable,not applicable
457168,118926.398,768.824886492425,768.824886492425,mixed (see notes),not applicable,not applicable
457169,118950.415,769.5210027502,769.5210027502,mixed (see notes),not applicable,not applicable
457170,118974.627,770.307942195723,770.307942195723,mixed (see notes),not applicable,not applicable
457171,118998.829,771.572323821226,771.572323821226,mixed (see notes),not applicable,not applicable
457172,119023.257,772.20652335934,772.20652335934,mixed (see notes),not applicable,not applicable
457173,119047.721,773.424497989358,773.424497989358,mixed (see notes),not applicable,not applicable
457174,119072.141,775.528625600064,775.528625600064,mixed (see notes),not applicable,not applicable
457175,119096.811,778.166915812324,778.166915812324,mixed (see notes),not applicable,not applicable
457176,119120.987,781.276891316327,781.276891316327,mixed (see notes),not applicable,not applicable
457177,119145.196,784.856959440879,784.856959440879,mixed (see notes),not applicable,not applicable
457178,119169.477,788.031318694405,788.031318694405,mixed (see notes),not applicable,not applicable
457179,119195.064,791.581319006835,791.581319006835,mixed (see notes),not applicable,not applicable
457180,119219.449,795.074958595594,795.074958595594,mixed (see notes),not applicable,not applicable
457181,119243.728,798.25855509652,798.25855509652,mixed (see notes),not applicable,not applicable
457182,119268.125,801.67219972743,801.67219972743,mixed (see notes),not applicable,not applicable
457183,119292.814,804.839828018448,804.839828018448,mixed (see notes),not applicable,not applicable
457184,119317.593,808.540006645525,808.540006645525,mixed (see notes),not applicable,not applicable
457185,119342.527,812.737307507792,812.737307507792,mixed (see notes),not applicable,not applicable
457186,119367.461,816.989817732313,816.989817732313,mixed (see notes),not applicable,not applicable
457187,119392.695,819.853269361831,819.853269361831,mixed (see notes),not applicable,not applicable
457188,119418.311,822.176627935581,822.176627935581,mixed (see notes),not applicable,not applicable
457189,119444.134,824.747005935638,824.747005935638,mixed (see notes),not applicable,not applicable
457190,119469.845,828.158188926419,828.158188926419,mixed (see notes),not applicable,not applicable
457191,119496.132,830.759881243844,830.759881243844,mixed (see notes),not applicable,not applicable
457192,119522.327,834.045759303776,834.045759303776,mixed (see notes),not applicable,not applicable
457193,119548.754,837.818826669778,837.818826669778,mixed (see notes),not applicable,not applicable
457194,119575.537,841.46308692102,841.46308692102,mixed (see notes),not applicable,not applicable
457195,119602.648,844.912723240628,844.912723240628,mixed (see notes),not applicable,not applicable
457196,119630.011,848.337088268179,848.337088268179,mixed (see notes),not applicable,not applicable
457197,119658.253,849.388354370685,849.388354370685,mixed (see notes),not applicable,not applicable
457198,119686.956,850.696733971155,850.696733971155,mixed (see notes),not applicable,not applicable
457199,119716.292,851.868860505829,851.868860505829,mixed (see notes),not applicable,not applicable
457200,119746.414,853.36004698239,853.36004698239,mixed (see notes),not applicable,not applicable
457201,119778.012,850.255287238766,850.255287238766,mixed (see notes),not applicable,not applicable
457202,119812.429,843.890568217898,843.890568217898,mixed (see notes),not applicable,not applicable
457203,119854.75897823,838.710957258712,838.710957258712,mixed (see notes),not applicable,not applicable
457204,119896.757889731,875.054988462344,875.054988462344,mixed (see notes),not applicable,not applicable
457205,119938.756801232,892.50027941102,892.50027941102,mixed (see notes),not applicable,not applicable
457206,119980.755712733,904.46927219245,904.46927219245,mixed (see notes),not applicable,not applicable
457207,120022.754624234,914.002586924624,914.002586924624,mixed (see notes),not applicable,not applicable
457208,120064.753535734,927.136300618158,927.136300618158,mixed (see notes),not applicable,not applicable
457209,120106.752447235,936.489844220603,936.489844220603,mixed (see notes),not applicable,not applicable
457210,120148.751358736,942.109805033755,942.109805033755,mixed (see notes),not applicable,not applicable
457211,120190.750270237,945.605631585645,945.605631585645,mixed (see notes),not applicable,not applicable
457212,120232.749181738,948.607848748209,948.607848748209,mixed (see notes),not applicable,not applicable
457213,120274.748093239,946.494774192427,946.494774192427,mixed (see notes),not applicable,not applicable
457214,120316.74700474,944.210248587431,944.210248587431,mixed (see notes),not applicable,not applicable
457215,120358.745916241,942.536731227868,942.536731227868,mixed (see notes),not applicable,not applicable
457216,120400.744827741,941.075133037752,941.075133037752,mixed (see notes),not applicable,not applicable
457217,120442.743739242,938.162821435343,938.162821435343,mixed (see notes),not applicable,not applicable
457218,120484.742650743,934.906569887289,934.906569887289,mixed (see notes),not applicable,not applicable
457219,120526.741562244,932.163395644874,932.163395644874,mixed (see notes),not applicable,not applicable
457220,120568.740473745,939.062005293466,939.062005293466,mixed (see notes),not applicable,not applicable
457221,120610.739385246,937.115684834462,937.115684834462,mixed (see notes),not applicable,not applicable
457222,120652.738296747,935.426280532202,935.426280532202,mixed (see notes),not applicable,not applicable
457223,120694.737208248,933.977032416258,933.977032416258,mixed (see notes),not applicable,not applicable
457224,120736.736119748,932.909713525157,932.909713525157,mixed (see notes),not applicable,not applicable
457225,120778.735031249,932.215670121255,932.215670121255,mixed (see notes),not applicable,not applicable
457226,120820.73394275,932.315878520441,932.315878520441,mixed (see notes),not applicable,not applicable
457227,120862.732854251,932.996173762924,932.996173762924,mixed (see notes),not applicable,not applicable
457228,120904.731765752,934.214042783416,934.214042783416,mixed (see notes),not applicable,not applicable
457229,120946.730677253,936.413089170356,936.413089170356,mixed (see notes),not applicable,not applicable
457230,120988.729588754,939.182152253284,939.182152253284,mixed (see notes),not applicable,not applicable
457231,121030.728500255,942.725551720047,942.725551720047,mixed (see notes),not applicable,not applicable
457232,121072.727411755,947.01956353484,947.01956353484,mixed (see notes),not applicable,not applicable
457233,121114.726323256,951.986393605292,951.986393605292,mixed (see notes),not applicable,not applicable
457234,121156.725234757,958.032722266276,958.032722266276,mixed (see notes),not applicable,not applicable
457235,121198.724146258,964.300917431566,964.300917431566,mixed (see notes),not applicable,not applicable
457236,121240.723057759,969.870111493889,969.870111493889,mixed (see notes),not applicable,not applicable
457237,121282.72196926,975.892071774206,975.892071774206,mixed (see notes),not applicable,not applicable
457238,121324.720880761,981.89946739168,981.89946739168,mixed (see notes),not applicable,not applicable
457239,121366.719792262,988.245469865006,988.245469865006,mixed (see notes),not applicable,not applicable
457240,121408.718703762,994.012763133991,994.012763133991,mixed (see notes),not applicable,not applicable
457241,121450.717615263,1001.32105458257,1001.32105458257,mixed (see notes),not applicable,not applicable
457242,121492.716526764,1009.72829054193,1009.72829054193,mixed (see notes),not applicable,not applicable
457243,121534.715438265,1018.45731839159,1018.45731839159,mixed (see notes),not applicable,not applicable
457244,121576.714349766,1027.27379045538,1027.27379045538,mixed (see notes),not applicable,not applicable
457245,121660.712172768,1046.11390139635,1046.11390139635,mixed (see notes),not applicable,not applicable
457246,121702.711084269,1055.67499700395,1055.67499700395,mixed (see notes),not applicable,not applicable
457247,121744.709995769,1065.6120784346,1065.6120784346,mixed (see notes),not applicable,not applicable
457248,121786.70890727,1075.94629299115,1075.94629299115,mixed (see notes),not applicable,not applicable
457249,121828.707818771,1086.01276955459,1086.01276955459,mixed (see notes),not applicable,not applicable
457250,121870.706730272,1096.31988451783,1096.31988451783,mixed (see notes),not applicable,not applicable
457251,121912.705641773,1106.21713214154,1106.21713214154,mixed (see notes),not applicable,not applicable
457252,121954.704553274,1116.70694132023,1116.70694132023,mixed (see notes),not applicable,not applicable
457253,121996.703464775,1127.52938467133,1127.52938467133,mixed (see notes),not applicable,not applicable
457254,122038.702376276,1138.15030233916,1138.15030233916,mixed (see notes),not applicable,not applicable
457255,122080.701287776,1148.99783694544,1148.99783694544,mixed (see notes),not applicable,not applicable
457256,122122.700199277,1159.12182699223,1159.12182699223,mixed (see notes),not applicable,not applicable
457257,122164.699110778,1168.96492457853,1168.96492457853,mixed (see notes),not applicable,not applicable
457258,122206.698022279,1177.68420418582,1177.68420418582,mixed (see notes),not applicable,not applicable
457259,122248.69693378,1184.9881265059,1184.9881265059,mixed (see notes),not applicable,not applicable
457260,122290.695845281,1192.93214581069,1192.93214581069,mixed (see notes),not applicable,not applicable
457261,122332.694756782,1199.15444346393,1199.15444346393,mixed (see notes),not applicable,not applicable
457262,122374.693668283,1205.11808470958,1205.11808470958,mixed (see notes),not applicable,not applicable
457263,122416.692579783,1207.10912968752,1207.10912968752,mixed (see notes),not applicable,not applicable
457264,122458.691491284,1204.59737071834,1204.59737071834,mixed (see notes),not applicable,not applicable
457265,122500.690402785,1207.83896528721,1207.83896528721,mixed (see notes),not applicable,not applicable
457266,122541.849336056,1217.55611734938,1217.55611734938,mixed (see notes),not applicable,not applicable
457267,123096.315282935,1295.31750334444,1295.31750334444,mixed (see notes),not applicable,not applicable
457268,123650.781229814,1313.22492777396,1313.22492777396,mixed (see notes),not applicable,not applicable
457269,124307.774715319,1332.33880897387,1332.33880897387,mixed (see notes),not applicable,not applicable
457270,124964.768200824,1323.2954588857,1323.2954588857,mixed (see notes),not applicable,not applicable
457271,125621.761686329,1308.73482415498,1308.73482415498,mixed (see notes),not applicable,not applicable
457272,126278.755171834,1289.94614582747,1289.94614582747,mixed (see notes),not applicable,not applicable
457273,126618.36243359,1275.96085838404,1275.96085838404,mixed (see notes),not applicable,not applicable
457274,126872.246290714,1265.69297180433,1265.69297180433,mixed (see notes),not applicable,not applicable
457275,127126.130147839,1255.13178326316,1255.13178326316,mixed (see notes),not applicable,not applicable
457276,127380.014004963,1243.75847806387,1243.75847806387,mixed (see notes),not applicable,not applicable
457277,127633.897862088,1235.27956437325,1235.27956437325,mixed (see notes),not applicable,not applicable
457278,127711.161056347,1231.52699199328,1231.52699199328,mixed (see notes),not applicable,not applicable
457279,127942.745443087,1231.33811964419,1231.33811964419,mixed (see notes),not applicable,not applicable
457280,128071.402024464,1269.04041410375,1269.04041410375,mixed (see notes),not applicable,not applicable
457281,128114.634651226,1285.72377821127,1285.72377821127,mixed (see notes),not applicable,not applicable
457282,128215.369703188,1303.11672935556,1303.11672935556,mixed (see notes),not applicable,not applicable
457283,128316.10475515,1324.17759673077,1324.17759673077,mixed (see notes),not applicable,not applicable
457284,128416.839807112,1346.02434947715,1346.02434947715,mixed (see notes),not applicable,not applicable
457285,128509.587892505,1360.24407507615,1360.24407507615,mixed (see notes),not applicable,not applicable
457286,128608.774759003,1369.41868751588,1369.41868751588,mixed (see notes),not applicable,not applicable
457287,128634.414539404,1353.22457734137,1353.22457734137,mixed (see notes),not applicable,not applicable
457288,128655.292372597,1328.41327056659,1328.41327056659,mixed (see notes),not applicable,not applicable
457289,128689.590055459,1294.30878344501,1294.30878344501,mixed (see notes),not applicable,not applicable
457290,128757.574551118,1272.33935226705,1272.33935226705,mixed (see notes),not applicable,not applicable
457291,128824.420134301,1252.91707540996,1252.91707540996,mixed (see notes),not applicable,not applicable
457292,128851.725882178,1233.67375234753,1233.67375234753,mixed (see notes),not applicable,not applicable
457293,128894.559923561,1213.81478035366,1213.81478035366,mixed (see notes),not applicable,not applicable
457294,128925.345065949,1197.06872078686,1197.06872078686,mixed (see notes),not applicable,not applicable
457295,128953.100702527,1180.85996017375,1180.85996017375,mixed (see notes),not applicable,not applicable
457296,128986.004464152,1164.95600867421,1164.95600867421,mixed (see notes),not applicable,not applicable
457297,129011.566235168,1149.41067803931,1149.41067803931,mixed (see notes),not applicable,not applicable
457298,129038.7482689,1134.26743076247,1134.26743076247,mixed (see notes),not applicable,not applicable
457299,129057.578525792,1118.92583782239,1118.92583782239,mixed (see notes),not applicable,not applicable
457300,129121.692954658,1104.00277638884,1104.00277638884,mixed (see notes),not applicable,not applicable
457301,129200.734053639,1089.5512541002,1089.5512541002,mixed (see notes),not applicable,not applicable
457302,129243.476419033,1075.20464164801,1075.20464164801,mixed (see notes),not applicable,not applicable
457303,129307.959143308,1061.06820565931,1061.06820565931,mixed (see notes),not applicable,not applicable
457304,129336.599260352,1047.32856575224,1047.32856575224,mixed (see notes),not applicable,not applicable
457305,129361.399229244,1033.84856914343,1033.84856914343,mixed (see notes),not applicable,not applicable
457306,129472.144697222,1020.9091804557,1020.9091804557,mixed (see notes),not applicable,not applicable
457307,129492.490099327,1008.50978259092,1008.50978259092,mixed (see notes),not applicable,not applicable
457308,129517.103439316,996.261578299794,996.261578299794,mixed (see notes),not applicable,not applicable
457309,129537.017984903,984.581716436143,984.581716436143,mixed (see notes),not applicable,not applicable
457310,129586.548660438,962.783559730268,962.783559730268,mixed (see notes),not applicable,not applicable
457311,129608.794390414,952.722243507137,952.722243507137,mixed (see notes),not applicable,not applicable
457312,129626.49414619,943.30640069364,943.30640069364,mixed (see notes),not applicable,not applicable
457313,129648.353506816,934.517419619116,934.517419619116,mixed (see notes),not applicable,not applicable
457314,129670.257342881,926.472632404538,926.472632404538,mixed (see notes),not applicable,not applicable
457315,129695.860509796,919.144962498346,919.144962498346,mixed (see notes),not applicable,not applicable
457316,129708.118912971,912.465237041285,912.465237041285,mixed (see notes),not applicable,not applicable
457317,129720.67779992,906.458156769508,906.458156769508,mixed (see notes),not applicable,not applicable
457318,129735.656693235,901.207405164385,901.207405164385,mixed (see notes),not applicable,not applicable
457319,129755.999852594,897.055547015028,897.055547015028,mixed (see notes),not applicable,not applicable
457320,129768.481719479,893.045071245161,893.045071245161,mixed (see notes),not applicable,not applicable
457321,129778.901149517,889.306283158544,889.306283158544,mixed (see notes),not applicable,not applicable
457322,129795.494080737,886.915749969265,886.915749969265,mixed (see notes),not applicable,not applicable
457323,129815.113424441,880.358926253965,880.358926253965,mixed (see notes),not applicable,not applicable
457324,129832.921011996,871.811702686389,871.811702686389,mixed (see notes),not applicable,not applicable
457325,129844.175105038,864.422375265043,864.422375265043,mixed (see notes),not applicable,not applicable
457326,129855.011355385,859.099309905601,859.099309905601,mixed (see notes),not applicable,not applicable
457327,129866.671105159,855.293397713424,855.293397713424,mixed (see notes),not applicable,not applicable
457328,129923.635399727,846.802751627653,846.802751627653,mixed (see notes),not applicable,not applicable
457329,129951.679102678,839.394580729562,839.394580729562,mixed (see notes),not applicable,not applicable
457330,129969.766651713,831.230054514108,831.230054514108,mixed (see notes),not applicable,not applicable
457331,129984.407892922,824.633164698291,824.633164698291,mixed (see notes),not applicable,not applicable
457332,130032.511399242,818.00527772037,818.00527772037,mixed (see notes),not applicable,not applicable
457333,130048.788825195,811.481523165153,811.481523165153,mixed (see notes),not applicable,not applicable
457334,130060.097143578,805.955157978825,805.955157978825,mixed (see notes),not applicable,not applicable
457335,130069.804968722,801.760671441465,801.760671441465,mixed (see notes),not applicable,not applicable
457336,130081.136500079,798.852322997159,798.852322997159,mixed (see notes),not applicable,not applicable
457337,130093.955534974,796.664334915607,796.664334915607,mixed (see notes),not applicable,not applicable
457338,130111.601271667,794.973178323806,794.973178323806,mixed (see notes),not applicable,not applicable
457339,130120.011304921,794.675674594229,794.675674594229,mixed (see notes),not applicable,not applicable
457340,130126.842414213,795.571751652877,795.571751652877,mixed (see notes),not applicable,not applicable
457341,130143.425897176,797.439327182035,797.439327182035,mixed (see notes),not applicable,not applicable
457342,130152.403182558,800.287095229451,800.287095229451,mixed (see notes),not applicable,not applicable
457343,130159.873435879,804.23254919033,804.23254919033,mixed (see notes),not applicable,not applicable
457344,130166.030218951,809.155553602598,809.155553602598,mixed (see notes),not applicable,not applicable
457345,130174.316363522,815.203568032754,815.203568032754,mixed (see notes),not applicable,not applicable
457346,130188.569364485,822.168037847774,822.168037847774,mixed (see notes),not applicable,not applicable
457347,130214.189979102,830.070385647584,830.070385647584,mixed (see notes),not applicable,not applicable
457348,130377.12471966,838.782520094462,838.782520094462,mixed (see notes),not applicable,not applicable
457349,130423.361738092,848.334727825305,848.334727825305,mixed (see notes),not applicable,not applicable
457350,130470.17158598,858.627540355571,858.627540355571,mixed (see notes),not applicable,not applicable
457351,130511.424114768,868.940030598647,868.940030598647,mixed (see notes),not applicable,not applicable
457352,130569.69927874,880.416884216798,880.416884216798,mixed (see notes),not applicable,not applicable
457353,130659.844721682,892.749971725576,892.749971725576,mixed (see notes),not applicable,not applicable
457354,130698.954600897,895.0,895.0,mixed (see notes),not applicable,not applicable
457355,130742.787876166,916.918697301708,916.918697301708,mixed (see notes),not applicable,not applicable
457356,130772.647991665,929.635292962741,929.635292962741,mixed (see notes),not applicable,not applicable
457357,130811.11642014,941.080222695998,941.080222695998,mixed (see notes),not applicable,not applicable
457358,130829.371722182,953.275210204478,953.275210204478,mixed (see notes),not applicable,not applicable
457359,130890.30078831,969.002182262367,969.002182262367,mixed (see notes),not applicable,not applicable
457360,130944.196077111,987.727893950803,987.727893950803,mixed (see notes),not applicable,not applicable
457361,130987.80309287,980.032076186465,980.032076186465,mixed (see notes),not applicable,not applicable
457362,131008.98427917,972.447054934432,972.447054934432,mixed (see notes),not applicable,not applicable
457363,131033.247200695,966.70870858975,966.70870858975,mixed (see notes),not applicable,not applicable
457364,131081.372515262,959.411548869463,959.411548869463,mixed (see notes),not applicable,not applicable
457365,131108.980933904,953.563529141141,953.563529141141,mixed (see notes),not applicable,not applicable
457366,131131.736354677,946.429835544934,946.429835544934,mixed (see notes),not applicable,not applicable
457367,131152.994362718,939.964027678363,939.964027678363,mixed (see notes),not applicable,not applicable
457368,131188.166772509,933.87436817783,933.87436817783,mixed (see notes),not applicable,not applicable
457369,131228.512276771,928.810808083763,928.810808083763,mixed (see notes),not applicable,not applicable
457370,131251.553661011,925.078705297552,925.078705297552,mixed (see notes),not applicable,not applicable
457371,131271.354426631,921.8307751654,921.8307751654,mixed (see notes),not applicable,not applicable
457372,131316.324369901,920.065549747317,920.065549747317,mixed (see notes),not applicable,not applicable
457373,131348.595840619,919.966239044118,919.966239044118,mixed (see notes),not applicable,not applicable
457374,131384.576268786,921.774194291239,921.774194291239,mixed (see notes),not applicable,not applicable
457375,131506.475707002,925.369472079048,925.369472079048,mixed (see notes),not applicable,not applicable
457376,131544.614373005,930.487783078562,930.487783078562,mixed (see notes),not applicable,not applicable
457377,131593.08322609,937.877774885738,937.877774885738,mixed (see notes),not applicable,not applicable
457378,131714.438550443,947.181135371267,947.181135371267,mixed (see notes),not applicable,not applicable
457379,131765.7187371,958.227060953897,958.227060953897,mixed (see notes),not applicable,not applicable
457380,131820.244760253,969.564257822062,969.564257822062,mixed (see notes),not applicable,not applicable
457381,131866.531221946,982.698959509483,982.698959509483,mixed (see notes),not applicable,not applicable
457382,131906.565301696,996.783859483352,996.783859483352,mixed (see notes),not applicable,not applicable
457383,131938.36025635,1011.5357061423,1011.5357061423,mixed (see notes),not applicable,not applicable
457384,131983.783188234,1027.43952828782,1027.43952828782,mixed (see notes),not applicable,not applicable
457385,132023.682709121,1044.07024204041,1044.07024204041,mixed (see notes),not applicable,not applicable
457386,132083.909951633,1061.70003217214,1061.70003217214,mixed (see notes),not applicable,not applicable
457387,132186.445104555,1079.95536887538,1079.95536887538,mixed (see notes),not applicable,not applicable
457388,132241.532225624,1097.76032029802,1097.76032029802,mixed (see notes),not applicable,not applicable
457389,132341.910127642,1114.30509778559,1114.30509778559,mixed (see notes),not applicable,not applicable
457390,132442.288029659,1128.76290188182,1128.76290188182,mixed (see notes),not applicable,not applicable
457391,132542.665931677,1143.94422101639,1143.94422101639,mixed (see notes),not applicable,not applicable
457392,132643.043833694,1161.49514095689,1161.49514095689,mixed (see notes),not applicable,not applicable
457393,132765.208523083,1174.69523371303,1174.69523371303,mixed (see notes),not applicable,not applicable
457394,132924.783960024,1164.73204276668,1164.73204276668,mixed (see notes),not applicable,not applicable
457395,133062.772420774,1161.8714023159,1161.8714023159,mixed (see notes),not applicable,not applicable
457396,133193.803042677,1155.0,1155.0,mixed (see notes),not applicable,not applicable
457397,133244.880540835,1149.12218933847,1149.12218933847,mixed (see notes),not applicable,not applicable
457398,133338.193137127,1141.25273875585,1141.25273875585,mixed (see notes),not applicable,not applicable
457399,133438.777091461,1133.17271086479,1133.17271086479,mixed (see notes),not applicable,not applicable
457400,133539.361045795,1124.55622583714,1124.55622583714,mixed (see notes),not applicable,not applicable
457401,133639.945000129,1116.48852528949,1116.48852528949,mixed (see notes),not applicable,not applicable
457402,133740.528954462,1108.36283356436,1108.36283356436,mixed (see notes),not applicable,not applicable
457403,133841.112908796,1101.07497164961,1101.07497164961,mixed (see notes),not applicable,not applicable
457404,133941.69686313,1094.77883382855,1094.77883382855,mixed (see notes),not applicable,not applicable
457405,134042.280817463,1089.31269948406,1089.31269948406,mixed (see notes),not applicable,not applicable
457406,134142.864771797,1087.70090179965,1087.70090179965,mixed (see notes),not applicable,not applicable
457407,134216.401690542,1082.87483566371,1082.87483566371,mixed (see notes),not applicable,not applicable
457408,134241.93368635,1078.35603495419,1078.35603495419,mixed (see notes),not applicable,not applicable
457409,134254.771932242,1075.14623071349,1075.14623071349,mixed (see notes),not applicable,not applicable
457410,134271.113907329,1072.87193040131,1072.87193040131,mixed (see notes),not applicable,not applicable
457411,134304.318248341,1071.26774173148,1071.26774173148,mixed (see notes),not applicable,not applicable
457412,134313.731177992,1071.3494167585,1071.3494167585,mixed (see notes),not applicable,not applicable
457413,134321.478451543,1071.47957086207,1071.47957086207,mixed (see notes),not applicable,not applicable
457414,134352.205740256,1072.6390819918,1072.6390819918,mixed (see notes),not applicable,not applicable
457415,134362.24939671,1074.0963422582,1074.0963422582,mixed (see notes),not applicable,not applicable
457416,134372.608049155,1076.45109983052,1076.45109983052,mixed (see notes),not applicable,not applicable
457417,134380.278739676,1080.51914407877,1080.51914407877,mixed (see notes),not applicable,not applicable
457418,134390.2179803,1084.7342148752,1084.7342148752,mixed (see notes),not applicable,not applicable
457419,134400.376266878,1089.29304602762,1089.29304602762,mixed (see notes),not applicable,not applicable
457420,134426.191239628,1094.80104633447,1094.80104633447,mixed (see notes),not applicable,not applicable
457421,134437.942469439,1101.26969912652,1101.26969912652,mixed (see notes),not applicable,not applicable
457422,134445.382868847,1108.93494604984,1108.93494604984,mixed (see notes),not applicable,not applicable
457423,134457.081791741,1117.61395204686,1117.61395204686,mixed (see notes),not applicable,not applicable
457424,134490.687667384,1127.7483756507,1127.7483756507,mixed (see notes),not applicable,not applicable
457425,134503.572439208,1138.79221689,1138.79221689,mixed (see notes),not applicable,not applicable
457426,134525.50897438,1148.94618031536,1148.94618031536,mixed (see notes),not applicable,not applicable
457427,134565.697698461,1161.55892342515,1161.55892342515,mixed (see notes),not applicable,not applicable
457428,134600.294499174,1174.96001084764,1174.96001084764,mixed (see notes),not applicable,not applicable
457429,134637.733949426,1188.51808668542,1188.51808668542,mixed (see notes),not applicable,not applicable
457430,134684.26181946,1202.70086441695,1202.70086441695,mixed (see notes),not applicable,not applicable
457431,134714.692000168,1217.64030060509,1217.64030060509,mixed (see notes),not applicable,not applicable
457432,134752.39329926,1232.60390414298,1232.60390414298,mixed (see notes),not applicable,not applicable
457433,134815.555389134,1248.17692972747,1248.17692972747,mixed (see notes),not applicable,not applicable
457434,134908.678415051,1263.70224062196,1263.70224062196,mixed (see notes),not applicable,not applicable
457435,135009.343714802,1277.53842874213,1277.53842874213,mixed (see notes),not applicable,not applicable
457436,135075.527152647,1292.07065351461,1292.07065351461,mixed (see notes),not applicable,not applicable
457437,135169.316945363,1307.97314977967,1307.97314977967,mixed (see notes),not applicable,not applicable
457438,135266.478440669,1322.8372406465,1322.8372406465,mixed (see notes),not applicable,not applicable
457439,135368.00969201,1335.25670733027,1335.25670733027,mixed (see notes),not applicable,not applicable
457440,135428.634750449,1345.23368750935,1345.23368750935,mixed (see notes),not applicable,not applicable
457441,135445.371655971,1359.87504574503,1359.87504574503,mixed (see notes),not applicable,not applicable
457442,135465.789044123,1367.96356887227,1367.96356887227,mixed (see notes),not applicable,not applicable
457443,135483.699903497,1337.5779307333,1337.5779307333,mixed (see notes),not applicable,not applicable
457444,135501.694732285,1312.08637865998,1312.08637865998,mixed (see notes),not applicable,not applicable
457445,135539.477654399,1286.19931915259,1286.19931915259,mixed (see notes),not applicable,not applicable
457446,135582.340740014,1259.09093916726,1259.09093916726,mixed (see notes),not applicable,not applicable
457447,135621.257207795,1234.0327104605,1234.0327104605,mixed (see notes),not applicable,not applicable
457448,135654.19627013,1209.19123649753,1209.19123649753,mixed (see notes),not applicable,not applicable
457449,135675.570587311,1185.89687063749,1185.89687063749,mixed (see notes),not applicable,not applicable
457450,135699.357901724,1164.61222891559,1164.61222891559,mixed (see notes),not applicable,not applicable
457451,135722.396087602,1144.79214189658,1144.79214189658,mixed (see notes),not applicable,not applicable
457452,135741.106704032,1126.50618733592,1126.50618733592,mixed (see notes),not applicable,not applicable
457453,135766.750253544,1109.42489660238,1109.42489660238,mixed (see notes),not applicable,not applicable
457454,135784.618992559,1094.64868503262,1094.64868503262,mixed (see notes),not applicable,not applicable
457455,135813.500897473,1082.78175893089,1082.78175893089,mixed (see notes),not applicable,not applicable
457456,135841.342602368,1073.309016491,1073.309016491,mixed (see notes),not applicable,not applicable
457457,135870.048826524,1067.06951284593,1067.06951284593,mixed (see notes),not applicable,not applicable
457458,135908.860510463,1064.02025102843,1064.02025102843,mixed (see notes),not applicable,not applicable
457459,136335.870288117,1067.30948783322,1067.30948783322,mixed (see notes),not applicable,not applicable
457460,136547.700364273,1103.53759832047,1103.53759832047,mixed (see notes),not applicable,not applicable
457461,136711.26894089,1151.06211821952,1151.06211821952,mixed (see notes),not applicable,not applicable
457462,137384.187,1132.41224897368,1132.41224897368,mixed (see notes),not applicable,not applicable
457463,137467.363,1116.45133369283,1116.45133369283,mixed (see notes),not applicable,not applicable
457464,137546.81,1116.60471685091,1116.60471685091,mixed (see notes),not applicable,not applicable
457465,137618.98,1106.04560814068,1106.04560814068,mixed (see notes),not applicable,not applicable
457466,137688.092,1092.5185998577,1092.5185998577,mixed (see notes),not applicable,not applicable
457467,137756.274,1081.13495572407,1081.13495572407,mixed (see notes),not applicable,not applicable
457468,137821.969,1067.12881887431,1067.12881887431,mixed (see notes),not applicable,not applicable
457469,137885.925,1054.97877975139,1054.97877975139,mixed (see notes),not applicable,not applicable
457470,137950.284,1049.12128032789,1049.12128032789,mixed (see notes),not applicable,not applicable
457471,138013.625,1040.41723819318,1040.41723819318,mixed (see notes),not applicable,not applicable
457472,138076.127,1032.69584301874,1032.69584301874,mixed (see notes),not applicable,not applicable
457473,138140.039,1025.57094424407,1025.57094424407,mixed (see notes),not applicable,not applicable
457474,138202.25,1023.23037014662,1023.23037014662,mixed (see notes),not applicable,not applicable
457475,138265.222,1020.52927977343,1020.52927977343,mixed (see notes),not applicable,not applicable
457476,138329.211,1022.18216100962,1022.18216100962,mixed (see notes),not applicable,not applicable
457477,138393.38,1026.23812982129,1026.23812982129,mixed (see notes),not applicable,not applicable
457478,138457.972,1030.41229144181,1030.41229144181,mixed (see notes),not applicable,not applicable
457479,138523.271,1035.67043961653,1035.67043961653,mixed (see notes),not applicable,not applicable
457480,138589.084,1041.99158453331,1041.99158453331,mixed (see notes),not applicable,not applicable
457481,138657.356,1050.34842450916,1050.34842450916,mixed (see notes),not applicable,not applicable
457482,138726.871,1058.22868671634,1058.22868671634,mixed (see notes),not applicable,not applicable
457483,138799.059,1067.52156716966,1067.52156716966,mixed (see notes),not applicable,not applicable
457484,138950.019,1090.83908091728,1090.83908091728,mixed (see notes),not applicable,not applicable
457485,139044.007,1104.31685648799,1104.31685648799,mixed (see notes),not applicable,not applicable
457486,139157.742,1109.35076186789,1109.35076186789,mixed (see notes),not applicable,not applicable
457487,139250.056,1093.67465349788,1093.67465349788,mixed (see notes),not applicable,not applicable
457488,139336.367,1073.68585841789,1073.68585841789,mixed (see notes),not applicable,not applicable
457489,139417.819,1051.81730381117,1051.81730381117,mixed (see notes),not applicable,not applicable
457490,139496.131,1027.30063854646,1027.30063854646,mixed (see notes),not applicable,not applicable
457491,139573.683,1003.45595912621,1003.45595912621,mixed (see notes),not applicable,not applicable
457492,139650.757,981.512383193591,981.512383193591,mixed (see notes),not applicable,not applicable
457493,139725.889,962.79489026309,962.79489026309,mixed (see notes),not applicable,not applicable
457494,139800.772,946.072287321026,946.072287321026,mixed (see notes),not applicable,not applicable
457495,139876.144,933.410016721117,933.410016721117,mixed (see notes),not applicable,not applicable
457496,139952.018,925.94357614825,925.94357614825,mixed (see notes),not applicable,not applicable
457497,140009.043,922.261409097612,922.261409097612,mixed (see notes),not applicable,not applicable
457498,13356.1657570001,,,other (see notes),not applicable,not applicable
457499,13341.838052774,,,other (see notes),not applicable,not applicable
457500,13327.5103485478,,,other (see notes),not applicable,not applicable
457501,13313.1826443217,,,other (see notes),not applicable,not applicable
457502,13298.8549400956,,,other (see notes),not applicable,not applicable
457503,13284.5272358694,,,other (see notes),not applicable,not applicable
457504,13138.3353527221,,,other (see notes),not applicable,not applicable
457505,13099.1565278238,,,other (see notes),not applicable,not applicable
457506,13059.9777029255,,,other (see notes),not applicable,not applicable
457507,13020.7988780271,,,other (see notes),not applicable,not applicable
457508,12981.6200531288,,,other (see notes),not applicable,not applicable
457509,12942.4412282304,,,other (see notes),not applicable,not applicable
457510,12850.0,,,other (see notes),not applicable,not applicable
457511,12807.0,,,other (see notes),not applicable,not applicable
457512,12765.0,,,other (see notes),not applicable,not applicable
457513,12724.0,,,other (see notes),not applicable,not applicable
457514,12682.0,,,other (see notes),not applicable,not applicable
457515,12640.0,,,other (see notes),not applicable,not applicable
457516,12598.0,,,other (see notes),not applicable,not applicable
457517,12556.0,,,other (see notes),not applicable,not applicable
457518,12513.0,,,other (see notes),not applicable,not applicable
457519,12472.0,,,other (see notes),not applicable,not applicable
457520,12431.0,,,other (see notes),not applicable,not applicable
457521,12389.0,,,other (see notes),not applicable,not applicable
457522,12347.0,,,other (see notes),not applicable,not applicable
457523,12304.0,,,other (see notes),not applicable,not applicable
457524,12242.0,,,other (see notes),not applicable,not applicable
457525,12186.0,,,other (see notes),not applicable,not applicable
457526,12127.0,,,other (see notes),not applicable,not applicable
457527,12069.0,,,other (see notes),not applicable,not applicable
457528,12011.0,,,other (see notes),not applicable,not applicable
457529,11953.0,,,other (see notes),not applicable,not applicable
457530,11895.0,,,other (see notes),not applicable,not applicable
457531,11837.0,,,other (see notes),not applicable,not applicable
457532,11778.0,,,other (see notes),not applicable,not applicable
457533,11720.0,,,other (see notes),not applicable,not applicable
457534,11662.0,,,other (see notes),not applicable,not applicable
457535,11604.0,,,other (see notes),not applicable,not applicable
457536,11545.0,,,other (see notes),not applicable,not applicable
457537,11487.0,,,other (see notes),not applicable,not applicable
457538,11429.0,,,other (see notes),not applicable,not applicable
457539,11372.0,,,other (see notes),not applicable,not applicable
457540,11315.0,,,other (see notes),not applicable,not applicable
457541,11258.0,,,other (see notes),not applicable,not applicable
457542,11209.0,,,other (see notes),not applicable,not applicable
457543,11162.0,,,other (see notes),not applicable,not applicable
457544,11116.0,,,other (see notes),not applicable,not applicable
457545,11068.0,,,other (see notes),not applicable,not applicable
457546,11020.0,,,other (see notes),not applicable,not applicable
457547,10973.0,,,other (see notes),not applicable,not applicable
457548,10928.0,,,other (see notes),not applicable,not applicable
457549,10880.0,,,other (see notes),not applicable,not applicable
457550,10833.0,,,other (see notes),not applicable,not applicable
457551,10786.0,,,other (see notes),not applicable,not applicable
457552,10739.0,,,other (see notes),not applicable,not applicable
457553,10692.0,,,other (see notes),not applicable,not applicable
457554,10644.0,,,other (see notes),not applicable,not applicable
457555,10597.0,,,other (see notes),not applicable,not applicable
457556,10550.0,,,other (see notes),not applicable,not applicable
457557,10502.0,,,other (see notes),not applicable,not applicable
457558,10455.0,,,other (see notes),not applicable,not applicable
457559,10408.0,,,other (see notes),not applicable,not applicable
457560,10361.0,,,other (see notes),not applicable,not applicable
457561,10315.0,,,other (see notes),not applicable,not applicable
457562,10238.0,,,other (see notes),not applicable,not applicable
457563,10163.0,,,other (see notes),not applicable,not applicable
457564,26301.0,,,other (see notes),not applicable,not applicable
457565,26251.0,,,other (see notes),not applicable,not applicable
457566,26201.0,,,other (see notes),not applicable,not applicable
457567,26151.0,,,other (see notes),not applicable,not applicable
457568,26101.0,,,other (see notes),not applicable,not applicable
457569,26051.0,,,other (see notes),not applicable,not applicable
457570,26001.0,,,other (see notes),not applicable,not applicable
457571,25951.0,,,other (see notes),not applicable,not applicable
457572,25901.0,,,other (see notes),not applicable,not applicable
457573,25851.0,,,other (see notes),not applicable,not applicable
457574,25801.0,,,other (see notes),not applicable,not applicable
457575,25751.0,,,other (see notes),not applicable,not applicable
457576,25701.0,,,other (see notes),not applicable,not applicable
507791,11939.0,590.0249999999996,598.0,Bayesian Bchron,not applicable,not applicable
507792,12020.0,544.0,645.0,Bayesian Bchron,not applicable,not applicable
507793,12102.0,499.0249999999996,680.0249999999996,Bayesian Bchron,not applicable,not applicable
507794,12184.0,454.0249999999996,714.0249999999996,Bayesian Bchron,not applicable,not applicable
507795,12266.0,407.0249999999996,757.0500000000011,Bayesian Bchron,not applicable,not applicable
507796,12348.0,360.0249999999996,798.0,Bayesian Bchron,not applicable,not applicable
507797,12430.0,313.0249999999996,820.0249999999996,Bayesian Bchron,not applicable,not applicable
507798,12511.0,269.0249999999996,841.0,Bayesian Bchron,not applicable,not applicable
507799,12593.0,220.0499999999993,830.0999999999985,Bayesian Bchron,not applicable,not applicable
507800,12675.0,177.0,810.0249999999996,Bayesian Bchron,not applicable,not applicable
507801,12757.0,132.0,737.1750000000011,Bayesian Bchron,not applicable,not applicable
507802,12838.0,89.02499999999964,608.0249999999996,Bayesian Bchron,not applicable,not applicable
507803,12919.0,60.0,269.0500000000011,Bayesian Bchron,not applicable,not applicable
507804,12976.0,106.0249999999996,64.0,Bayesian Bchron,not applicable,not applicable
507805,12999.0,202.0,65.0,Bayesian Bchron,not applicable,not applicable
507806,13022.0,258.0249999999996,72.0,Bayesian Bchron,not applicable,not applicable
507807,13045.0,282.0,85.0,Bayesian Bchron,not applicable,not applicable
507808,13069.0,294.0499999999993,99.0,Bayesian Bchron,not applicable,not applicable
507809,13091.0,312.0249999999996,112.0,Bayesian Bchron,not applicable,not applicable
507810,13114.0,319.0,126.0,Bayesian Bchron,not applicable,not applicable
507811,13137.0,325.0,141.0,Bayesian Bchron,not applicable,not applicable
507812,13160.0,325.0249999999996,156.0,Bayesian Bchron,not applicable,not applicable
507813,13183.0,331.0499999999993,172.0,Bayesian Bchron,not applicable,not applicable
507814,13205.0,325.0249999999996,186.0,Bayesian Bchron,not applicable,not applicable
507815,13229.0,321.0,202.0249999999996,Bayesian Bchron,not applicable,not applicable
507816,13251.0,316.0,218.0,Bayesian Bchron,not applicable,not applicable
507817,13273.0,309.0249999999996,232.0,Bayesian Bchron,not applicable,not applicable
507818,13296.0,305.0,246.0249999999996,Bayesian Bchron,not applicable,not applicable
507819,13317.0,297.0499999999993,259.0,Bayesian Bchron,not applicable,not applicable
507820,13340.0,293.0,273.0249999999996,Bayesian Bchron,not applicable,not applicable
507821,13362.0,290.0,288.0250000000015,Bayesian Bchron,not applicable,not applicable
507822,13385.0,283.0249999999996,303.0249999999996,Bayesian Bchron,not applicable,not applicable
507823,13407.0,277.0,317.0249999999996,Bayesian Bchron,not applicable,not applicable
507824,13429.0,273.0249999999996,332.0499999999993,Bayesian Bchron,not applicable,not applicable
507825,13451.0,270.0249999999996,345.0249999999996,Bayesian Bchron,not applicable,not applicable
507826,13473.0,267.0,359.0500000000011,Bayesian Bchron,not applicable,not applicable
507827,13495.0,269.0,374.0249999999996,Bayesian Bchron,not applicable,not applicable
507828,13518.5,270.5249999999996,385.5250000000015,Bayesian Bchron,not applicable,not applicable
507829,13542.0,273.0,398.0249999999996,Bayesian Bchron,not applicable,not applicable
507830,13567.0,275.0,409.0250000000015,Bayesian Bchron,not applicable,not applicable
507831,13591.0,280.0,416.0,Bayesian Bchron,not applicable,not applicable
507832,13617.0,281.0,426.0249999999996,Bayesian Bchron,not applicable,not applicable
507833,13648.0,280.0249999999996,438.0249999999996,Bayesian Bchron,not applicable,not applicable
507834,13674.0,273.0,428.0250000000015,Bayesian Bchron,not applicable,not applicable
507835,13686.0,264.0249999999996,418.0,Bayesian Bchron,not applicable,not applicable
507836,13696.0,257.0,411.0250000000015,Bayesian Bchron,not applicable,not applicable
507837,13705.0,250.0,402.0,Bayesian Bchron,not applicable,not applicable
507838,13714.0,243.0,390.0249999999996,Bayesian Bchron,not applicable,not applicable
507839,13724.0,234.0,382.0249999999996,Bayesian Bchron,not applicable,not applicable
507840,13732.0,227.0,371.0,Bayesian Bchron,not applicable,not applicable
507841,13741.0,220.0,361.0,Bayesian Bchron,not applicable,not applicable
507842,13749.0,213.0,352.0,Bayesian Bchron,not applicable,not applicable
507843,13757.0,207.0,342.0,Bayesian Bchron,not applicable,not applicable
507844,13765.0,200.0,331.0,Bayesian Bchron,not applicable,not applicable
507845,13772.0,194.0249999999996,319.0,Bayesian Bchron,not applicable,not applicable
507846,13780.0,188.0,308.0,Bayesian Bchron,not applicable,not applicable
507847,13788.0,181.0,300.0249999999996,Bayesian Bchron,not applicable,not applicable
507848,13795.0,176.0,292.0,Bayesian Bchron,not applicable,not applicable
507849,13802.0,170.0,285.0,Bayesian Bchron,not applicable,not applicable
507850,13809.0,165.0,273.0,Bayesian Bchron,not applicable,not applicable
507851,13816.5,159.5,261.5,Bayesian Bchron,not applicable,not applicable
507852,13824.0,153.0,254.0249999999996,Bayesian Bchron,not applicable,not applicable
507853,13832.0,147.0,242.0,Bayesian Bchron,not applicable,not applicable
507854,13839.0,141.0249999999996,237.0,Bayesian Bchron,not applicable,not applicable
507855,13846.5,135.5,229.5249999999996,Bayesian Bchron,not applicable,not applicable
507856,13854.5,129.5,222.5,Bayesian Bchron,not applicable,not applicable
507857,13872.0,113.0,227.0,Bayesian Bchron,not applicable,not applicable
507858,13880.0,107.0,219.0249999999996,Bayesian Bchron,not applicable,not applicable
507859,13888.0,100.0,211.0249999999996,Bayesian Bchron,not applicable,not applicable
507860,13896.0,94.0,205.0249999999996,Bayesian Bchron,not applicable,not applicable
507861,13904.0,88.0,196.0,Bayesian Bchron,not applicable,not applicable
507862,13912.0,82.0,182.0249999999996,Bayesian Bchron,not applicable,not applicable
507863,13920.0,77.0,169.0249999999996,Bayesian Bchron,not applicable,not applicable
507864,13929.0,70.0,149.0,Bayesian Bchron,not applicable,not applicable
507865,13937.0,65.0,123.0249999999996,Bayesian Bchron,not applicable,not applicable
507866,13945.0,61.0,92.0,Bayesian Bchron,not applicable,not applicable
507867,13953.0,59.0,63.0,Bayesian Bchron,not applicable,not applicable
507868,13959.0,83.02499999999964,58.0,Bayesian Bchron,not applicable,not applicable
507869,13966.0,91.0,56.0,Bayesian Bchron,not applicable,not applicable
507870,13972.0,98.02499999999964,54.0,Bayesian Bchron,not applicable,not applicable
507871,13978.0,103.0249999999996,52.02500000000146,Bayesian Bchron,not applicable,not applicable
507872,13984.0,104.0,51.0,Bayesian Bchron,not applicable,not applicable
507873,13991.0,103.0249999999996,51.0,Bayesian Bchron,not applicable,not applicable
507874,13997.0,104.0,50.0,Bayesian Bchron,not applicable,not applicable
507875,14003.0,102.0,50.0,Bayesian Bchron,not applicable,not applicable
507876,14010.0,99.0,51.0,Bayesian Bchron,not applicable,not applicable
507877,14016.0,98.0,52.0,Bayesian Bchron,not applicable,not applicable
507878,14022.0,97.0,53.0,Bayesian Bchron,not applicable,not applicable
507879,14029.0,93.0,55.0,Bayesian Bchron,not applicable,not applicable
507880,14035.0,91.02499999999964,57.0,Bayesian Bchron,not applicable,not applicable
507881,14041.0,91.0,58.0,Bayesian Bchron,not applicable,not applicable
507882,14047.0,89.0,60.0,Bayesian Bchron,not applicable,not applicable
507883,14054.0,87.0,63.0,Bayesian Bchron,not applicable,not applicable
507884,14060.0,85.0,64.02499999999964,Bayesian Bchron,not applicable,not applicable
507885,14066.0,85.0,65.0,Bayesian Bchron,not applicable,not applicable
507886,14073.0,83.0,67.0,Bayesian Bchron,not applicable,not applicable
507887,14079.0,83.02499999999964,67.0,Bayesian Bchron,not applicable,not applicable
507888,14085.0,84.0,65.0,Bayesian Bchron,not applicable,not applicable
507889,14092.0,85.0,65.02499999999964,Bayesian Bchron,not applicable,not applicable
507890,14098.0,87.0,61.02499999999964,Bayesian Bchron,not applicable,not applicable
507891,14104.0,88.0,56.0,Bayesian Bchron,not applicable,not applicable
507892,14110.0,91.0,48.02499999999964,Bayesian Bchron,not applicable,not applicable
507893,14117.0,93.0,38.02499999999964,Bayesian Bchron,not applicable,not applicable
507894,14123.0,98.0,25.0,Bayesian Bchron,not applicable,not applicable
507895,14133.0,113.0,24.0,Bayesian Bchron,not applicable,not applicable
507896,14143.0,123.0,24.0,Bayesian Bchron,not applicable,not applicable
507897,14153.0,130.0,25.0,Bayesian Bchron,not applicable,not applicable
507898,14163.0,132.0249999999996,25.0,Bayesian Bchron,not applicable,not applicable
507899,14173.0,131.0,26.02500000000146,Bayesian Bchron,not applicable,not applicable
507900,14183.0,130.0,29.0,Bayesian Bchron,not applicable,not applicable
507901,14192.0,129.0,31.0,Bayesian Bchron,not applicable,not applicable
507902,14202.0,125.0,32.0,Bayesian Bchron,not applicable,not applicable
507903,14212.0,120.0249999999996,37.0,Bayesian Bchron,not applicable,not applicable
507904,14222.0,116.0,39.02499999999964,Bayesian Bchron,not applicable,not applicable
507905,14232.0,111.0,44.0,Bayesian Bchron,not applicable,not applicable
507906,14242.0,107.0,49.0,Bayesian Bchron,not applicable,not applicable
507907,14252.0,102.0249999999996,53.0,Bayesian Bchron,not applicable,not applicable
507908,14262.0,97.0,59.0,Bayesian Bchron,not applicable,not applicable
507909,14272.0,90.0,64.0,Bayesian Bchron,not applicable,not applicable
507910,14282.0,86.0,69.0,Bayesian Bchron,not applicable,not applicable
507911,14292.0,82.0,73.02499999999964,Bayesian Bchron,not applicable,not applicable
507912,14302.0,78.0,78.02499999999964,Bayesian Bchron,not applicable,not applicable
507913,14312.0,75.0,82.02499999999964,Bayesian Bchron,not applicable,not applicable
507914,14321.0,74.0,82.0,Bayesian Bchron,not applicable,not applicable
507915,14331.0,72.0,84.02499999999964,Bayesian Bchron,not applicable,not applicable
507916,14341.0,69.02499999999964,87.02499999999964,Bayesian Bchron,not applicable,not applicable
507917,14351.0,68.0,82.0,Bayesian Bchron,not applicable,not applicable
507918,14361.0,69.0,78.02499999999964,Bayesian Bchron,not applicable,not applicable
507919,14371.0,69.0,62.0,Bayesian Bchron,not applicable,not applicable
507920,14381.0,70.0,51.0,Bayesian Bchron,not applicable,not applicable
507921,14397.0,122.0,47.0,Bayesian Bchron,not applicable,not applicable
507922,14413.0,162.0249999999996,46.0,Bayesian Bchron,not applicable,not applicable
507923,14430.0,176.0499999999993,49.0,Bayesian Bchron,not applicable,not applicable
507924,14446.0,186.0,52.0,Bayesian Bchron,not applicable,not applicable
507925,14462.0,194.0,57.0,Bayesian Bchron,not applicable,not applicable
507926,14478.0,192.0,64.0,Bayesian Bchron,not applicable,not applicable
507927,14495.0,189.0,72.0,Bayesian Bchron,not applicable,not applicable
507928,14511.0,183.0249999999996,79.0,Bayesian Bchron,not applicable,not applicable
507929,14527.0,179.0,86.0,Bayesian Bchron,not applicable,not applicable
507930,14543.0,176.0,94.0,Bayesian Bchron,not applicable,not applicable
507931,14560.0,169.0,104.0249999999996,Bayesian Bchron,not applicable,not applicable
507932,14576.0,164.0,112.0,Bayesian Bchron,not applicable,not applicable
507933,14592.0,156.0249999999996,120.0,Bayesian Bchron,not applicable,not applicable
507934,14608.0,151.0,126.0,Bayesian Bchron,not applicable,not applicable
507935,14625.0,144.0249999999996,134.0,Bayesian Bchron,not applicable,not applicable
507936,14641.0,139.0,139.0,Bayesian Bchron,not applicable,not applicable
507937,14657.0,134.0,144.0249999999996,Bayesian Bchron,not applicable,not applicable
507938,14673.0,128.0,148.0249999999996,Bayesian Bchron,not applicable,not applicable
507939,14690.0,123.0,152.0,Bayesian Bchron,not applicable,not applicable
507940,14706.0,121.0,154.0249999999996,Bayesian Bchron,not applicable,not applicable
507941,14722.0,121.0,149.0,Bayesian Bchron,not applicable,not applicable
507942,14738.0,120.0,141.0249999999996,Bayesian Bchron,not applicable,not applicable
507943,14755.0,121.0,124.0,Bayesian Bchron,not applicable,not applicable
507944,14771.0,124.0249999999996,94.02499999999964,Bayesian Bchron,not applicable,not applicable
507945,14787.0,130.0249999999996,69.0,Bayesian Bchron,not applicable,not applicable
507946,14832.0,169.0249999999996,85.0,Bayesian Bchron,not applicable,not applicable
507947,14877.0,189.0499999999993,105.0250000000015,Bayesian Bchron,not applicable,not applicable
507948,14922.0,192.0,127.0,Bayesian Bchron,not applicable,not applicable
507949,14967.0,180.0499999999993,153.0249999999996,Bayesian Bchron,not applicable,not applicable
507950,15012.0,157.0499999999993,182.0,Bayesian Bchron,not applicable,not applicable
507951,15049.0,140.0249999999996,205.0,Bayesian Bchron,not applicable,not applicable
507952,15067.0,137.0,209.0,Bayesian Bchron,not applicable,not applicable
507953,15086.0,133.0,215.0,Bayesian Bchron,not applicable,not applicable
507954,15104.0,127.0249999999996,220.0,Bayesian Bchron,not applicable,not applicable
507955,15123.0,121.0,224.0,Bayesian Bchron,not applicable,not applicable
507956,15142.0,115.0,230.0249999999996,Bayesian Bchron,not applicable,not applicable
507957,15160.0,109.0249999999996,235.0,Bayesian Bchron,not applicable,not applicable
507958,15179.0,102.0499999999993,242.0,Bayesian Bchron,not applicable,not applicable
507959,15197.0,96.0,248.0,Bayesian Bchron,not applicable,not applicable
507960,15216.0,91.0,256.0249999999996,Bayesian Bchron,not applicable,not applicable
507961,15234.0,86.0,261.0,Bayesian Bchron,not applicable,not applicable
507962,15253.0,79.0,262.0,Bayesian Bchron,not applicable,not applicable
507963,15271.0,74.0,256.0,Bayesian Bchron,not applicable,not applicable
507964,15290.0,72.0,254.0249999999996,Bayesian Bchron,not applicable,not applicable
507965,15308.0,74.0,238.0,Bayesian Bchron,not applicable,not applicable
507966,15327.0,77.0,210.0,Bayesian Bchron,not applicable,not applicable
507967,15345.0,81.0,161.0,Bayesian Bchron,not applicable,not applicable
507968,15364.0,91.0,83.02499999999964,Bayesian Bchron,not applicable,not applicable
507969,15381.0,120.0,79.0,Bayesian Bchron,not applicable,not applicable
507970,15398.0,148.0,77.0,Bayesian Bchron,not applicable,not applicable
507971,15415.0,172.0,75.0,Bayesian Bchron,not applicable,not applicable
507972,15432.0,181.0499999999993,75.0,Bayesian Bchron,not applicable,not applicable
507973,15449.0,188.0499999999993,76.0,Bayesian Bchron,not applicable,not applicable
507974,15466.0,189.0249999999996,78.02500000000146,Bayesian Bchron,not applicable,not applicable
507975,15483.0,185.0,83.0,Bayesian Bchron,not applicable,not applicable
507976,15500.0,179.0249999999996,89.0,Bayesian Bchron,not applicable,not applicable
507977,15517.0,174.0,95.0,Bayesian Bchron,not applicable,not applicable
507978,15534.0,167.0,102.0,Bayesian Bchron,not applicable,not applicable
507979,15551.0,160.0,111.0,Bayesian Bchron,not applicable,not applicable
507980,15568.0,152.0,118.0,Bayesian Bchron,not applicable,not applicable
507981,15586.0,143.0249999999996,126.0,Bayesian Bchron,not applicable,not applicable
507982,15603.0,136.0,134.0,Bayesian Bchron,not applicable,not applicable
507983,15620.0,128.0249999999996,138.0,Bayesian Bchron,not applicable,not applicable
507984,15637.0,121.0,143.0,Bayesian Bchron,not applicable,not applicable
507985,15654.0,114.0,148.0,Bayesian Bchron,not applicable,not applicable
507986,15671.0,109.0,153.0,Bayesian Bchron,not applicable,not applicable
507987,15688.0,105.0,155.0,Bayesian Bchron,not applicable,not applicable
507988,15705.0,102.0,156.0,Bayesian Bchron,not applicable,not applicable
507989,15722.0,99.0,149.0,Bayesian Bchron,not applicable,not applicable
507990,15739.0,96.0,131.0249999999996,Bayesian Bchron,not applicable,not applicable
507991,15756.0,98.0,87.0,Bayesian Bchron,not applicable,not applicable
507992,15773.0,103.0,45.0,Bayesian Bchron,not applicable,not applicable
507993,15796.0,194.0249999999996,44.0,Bayesian Bchron,not applicable,not applicable
507994,15819.0,273.0249999999996,47.0,Bayesian Bchron,not applicable,not applicable
507995,15841.0,316.0,52.0,Bayesian Bchron,not applicable,not applicable
507996,15864.0,335.0000000000018,61.02499999999964,Bayesian Bchron,not applicable,not applicable
507997,15887.0,348.0,71.02500000000146,Bayesian Bchron,not applicable,not applicable
507998,15910.0,349.0250000000015,84.0,Bayesian Bchron,not applicable,not applicable
507999,15932.0,346.0249999999996,95.0,Bayesian Bchron,not applicable,not applicable
508000,15955.0,342.0,109.0,Bayesian Bchron,not applicable,not applicable
508001,15978.0,334.0000000000018,122.0,Bayesian Bchron,not applicable,not applicable
508002,16001.0,326.0,135.0000000000018,Bayesian Bchron,not applicable,not applicable
508003,16023.0,317.0,148.0,Bayesian Bchron,not applicable,not applicable
508004,16046.0,307.0000000000018,162.0249999999996,Bayesian Bchron,not applicable,not applicable
508005,16069.0,296.0250000000015,176.0249999999978,Bayesian Bchron,not applicable,not applicable
508006,16092.0,287.0250000000033,191.9999999999982,Bayesian Bchron,not applicable,not applicable
508007,16114.0,276.0250000000015,204.0,Bayesian Bchron,not applicable,not applicable
508008,16137.0,264.0,218.0250000000015,Bayesian Bchron,not applicable,not applicable
508009,16160.0,250.0499999999993,230.0,Bayesian Bchron,not applicable,not applicable
508010,16183.0,240.0,244.0,Bayesian Bchron,not applicable,not applicable
508011,16205.0,227.0250000000033,256.9999999999982,Bayesian Bchron,not applicable,not applicable
508012,16228.0,214.9999999999982,270.0250000000015,Bayesian Bchron,not applicable,not applicable
508013,16251.0,203.9999999999982,282.0000000000018,Bayesian Bchron,not applicable,not applicable
508014,16274.0,190.0,296.0,Bayesian Bchron,not applicable,not applicable
508015,16296.0,176.0,306.0,Bayesian Bchron,not applicable,not applicable
508016,16319.0,164.0000000000018,318.9999999999982,Bayesian Bchron,not applicable,not applicable
508017,16342.0,152.0000000000018,329.9999999999982,Bayesian Bchron,not applicable,not applicable
508018,16365.0,141.0000000000018,339.0249999999996,Bayesian Bchron,not applicable,not applicable
508019,16387.0,130.0,346.0249999999996,Bayesian Bchron,not applicable,not applicable
508020,16410.0,118.0,351.0499999999975,Bayesian Bchron,not applicable,not applicable
508021,16433.0,108.0,354.0249999999996,Bayesian Bchron,not applicable,not applicable
508022,16456.0,100.0,346.0250000000015,Bayesian Bchron,not applicable,not applicable
508023,16478.0,95.02500000000146,334.0250000000033,Bayesian Bchron,not applicable,not applicable
508024,16501.0,93.0,313.0000000000018,Bayesian Bchron,not applicable,not applicable
508025,16524.0,95.0,288.0249999999996,Bayesian Bchron,not applicable,not applicable
508026,16532.0,99.0,274.9999999999982,Bayesian Bchron,not applicable,not applicable
508027,16540.0,101.0,265.0250000000015,Bayesian Bchron,not applicable,not applicable
508028,16548.0,101.0,257.0249999999996,Bayesian Bchron,not applicable,not applicable
508029,16556.0,100.0250000000015,247.0500000000011,Bayesian Bchron,not applicable,not applicable
508030,16564.0,99.0,236.0749999999989,Bayesian Bchron,not applicable,not applicable
508031,16572.0,97.0,228.024999999996,Bayesian Bchron,not applicable,not applicable
508032,16581.0,93.0,221.0250000000015,Bayesian Bchron,not applicable,not applicable
508033,16589.0,91.0,212.0000000000018,Bayesian Bchron,not applicable,not applicable
508034,16597.0,88.0,206.0,Bayesian Bchron,not applicable,not applicable
508035,16605.0,85.0,201.0,Bayesian Bchron,not applicable,not applicable
508036,16613.0,81.0,193.0249999999978,Bayesian Bchron,not applicable,not applicable
508037,16621.0,79.02500000000146,187.0,Bayesian Bchron,not applicable,not applicable
508038,16629.0,76.0,182.0,Bayesian Bchron,not applicable,not applicable
508039,16637.0,73.0,175.0,Bayesian Bchron,not applicable,not applicable
508040,16645.0,70.0,169.0250000000015,Bayesian Bchron,not applicable,not applicable
508041,16653.0,67.02500000000146,162.0250000000015,Bayesian Bchron,not applicable,not applicable
508042,16661.0,65.0,156.0,Bayesian Bchron,not applicable,not applicable
508043,16669.0,63.0,149.0250000000015,Bayesian Bchron,not applicable,not applicable
508044,16677.0,63.0,144.0,Bayesian Bchron,not applicable,not applicable
508045,16685.0,61.0,139.0250000000015,Bayesian Bchron,not applicable,not applicable
508046,16694.0,58.02500000000146,135.0,Bayesian Bchron,not applicable,not applicable
508047,16702.0,58.0,130.0,Bayesian Bchron,not applicable,not applicable
508048,16710.0,57.0,125.0,Bayesian Bchron,not applicable,not applicable
508049,16718.0,55.0,119.0250000000015,Bayesian Bchron,not applicable,not applicable
508050,16726.0,55.02500000000146,114.0,Bayesian Bchron,not applicable,not applicable
508051,16734.0,57.0,109.0250000000015,Bayesian Bchron,not applicable,not applicable
508052,16742.0,60.0,103.0,Bayesian Bchron,not applicable,not applicable
508053,16756.0,146.0,94.0,Bayesian Bchron,not applicable,not applicable
508054,16769.0,197.0250000000015,89.0,Bayesian Bchron,not applicable,not applicable
508055,16783.0,229.0499999999993,88.0,Bayesian Bchron,not applicable,not applicable
508056,16796.0,254.0250000000015,87.02500000000146,Bayesian Bchron,not applicable,not applicable
508057,16810.0,268.0250000000015,90.0,Bayesian Bchron,not applicable,not applicable
508058,16823.0,280.0250000000015,92.0,Bayesian Bchron,not applicable,not applicable
508059,16837.0,292.0,97.0,Bayesian Bchron,not applicable,not applicable
508060,16850.0,297.0250000000015,101.0,Bayesian Bchron,not applicable,not applicable
508061,16864.0,298.0,106.0,Bayesian Bchron,not applicable,not applicable
508062,16877.0,306.0,110.0,Bayesian Bchron,not applicable,not applicable
508063,16891.0,305.0,116.0,Bayesian Bchron,not applicable,not applicable
508064,16904.0,303.0500000000029,121.0,Bayesian Bchron,not applicable,not applicable
508065,16918.0,303.0,127.0,Bayesian Bchron,not applicable,not applicable
508066,16931.0,304.0,131.0249999999978,Bayesian Bchron,not applicable,not applicable
508067,16945.0,304.0249999999978,137.0,Bayesian Bchron,not applicable,not applicable
508068,16958.0,306.0,142.0,Bayesian Bchron,not applicable,not applicable
508069,16972.0,307.0,148.0,Bayesian Bchron,not applicable,not applicable
508070,16986.0,308.0250000000015,152.0250000000015,Bayesian Bchron,not applicable,not applicable
508071,16999.0,312.0250000000015,157.0,Bayesian Bchron,not applicable,not applicable
508072,17013.0,318.0,160.0,Bayesian Bchron,not applicable,not applicable
508073,17026.0,325.0,161.0,Bayesian Bchron,not applicable,not applicable
508074,17040.0,334.0,164.0250000000015,Bayesian Bchron,not applicable,not applicable
508075,17053.0,346.0,166.0,Bayesian Bchron,not applicable,not applicable
508076,17067.0,357.0,167.0,Bayesian Bchron,not applicable,not applicable
508077,17080.0,369.0249999999978,161.0,Bayesian Bchron,not applicable,not applicable
508078,17093.0,377.0,150.0,Bayesian Bchron,not applicable,not applicable
508079,17106.0,372.0,144.0,Bayesian Bchron,not applicable,not applicable
508080,17118.0,366.0,134.0250000000015,Bayesian Bchron,not applicable,not applicable
508081,17131.0,357.0250000000015,129.0,Bayesian Bchron,not applicable,not applicable
508082,17143.0,350.0,122.0,Bayesian Bchron,not applicable,not applicable
508083,17156.0,342.0,116.0,Bayesian Bchron,not applicable,not applicable
508084,17168.0,336.0,112.0249999999978,Bayesian Bchron,not applicable,not applicable
508085,17181.0,329.0,106.0250000000015,Bayesian Bchron,not applicable,not applicable
508086,17193.0,322.0250000000015,99.0,Bayesian Bchron,not applicable,not applicable
508087,17205.0,316.0249999999978,93.02500000000146,Bayesian Bchron,not applicable,not applicable
508088,17218.0,311.0,89.0,Bayesian Bchron,not applicable,not applicable
508089,17230.0,305.0250000000015,86.0,Bayesian Bchron,not applicable,not applicable
508090,17243.0,300.0,80.02500000000146,Bayesian Bchron,not applicable,not applicable
508091,17255.0,292.0,77.0,Bayesian Bchron,not applicable,not applicable
508092,17268.0,286.0,75.0,Bayesian Bchron,not applicable,not applicable
508093,17280.0,280.0250000000015,71.0,Bayesian Bchron,not applicable,not applicable
508094,17293.0,274.0,69.0,Bayesian Bchron,not applicable,not applicable
508095,17305.0,269.0250000000015,64.02500000000146,Bayesian Bchron,not applicable,not applicable
508096,17318.0,265.0250000000015,61.0,Bayesian Bchron,not applicable,not applicable
508097,17330.0,262.0250000000015,56.02499999999782,Bayesian Bchron,not applicable,not applicable
508098,17343.0,258.0,53.0,Bayesian Bchron,not applicable,not applicable
508099,17355.0,253.0250000000015,48.0,Bayesian Bchron,not applicable,not applicable
508100,17368.0,248.0,46.02499999999782,Bayesian Bchron,not applicable,not applicable
508101,17380.0,247.0,42.0,Bayesian Bchron,not applicable,not applicable
508102,17393.0,243.0250000000015,33.0,Bayesian Bchron,not applicable,not applicable
508103,17405.0,242.0250000000015,27.0,Bayesian Bchron,not applicable,not applicable
508104,17418.0,239.0,18.0,Bayesian Bchron,not applicable,not applicable
508105,17430.0,236.0,7.0,Bayesian Bchron,not applicable,not applicable
508106,17451.0,276.0250000000015,4.0,Bayesian Bchron,not applicable,not applicable
508107,17473.0,299.0499999999993,5.0,Bayesian Bchron,not applicable,not applicable
508108,17494.0,312.0,9.0,Bayesian Bchron,not applicable,not applicable
508109,17515.0,317.0,15.0,Bayesian Bchron,not applicable,not applicable
508110,17537.0,315.0,25.0,Bayesian Bchron,not applicable,not applicable
508111,17558.0,308.0,35.0,Bayesian Bchron,not applicable,not applicable
508112,17579.0,305.0250000000015,44.0,Bayesian Bchron,not applicable,not applicable
508113,17601.0,301.0,55.0,Bayesian Bchron,not applicable,not applicable
508114,17622.0,291.0249999999978,65.02500000000146,Bayesian Bchron,not applicable,not applicable
508115,17643.0,281.0,76.02500000000146,Bayesian Bchron,not applicable,not applicable
508116,17665.0,271.0250000000015,88.0,Bayesian Bchron,not applicable,not applicable
508117,17686.0,260.0,99.0,Bayesian Bchron,not applicable,not applicable
508118,17707.0,249.0,109.0249999999978,Bayesian Bchron,not applicable,not applicable
508119,17729.0,236.0,121.0,Bayesian Bchron,not applicable,not applicable
508120,17750.0,224.0,130.0250000000015,Bayesian Bchron,not applicable,not applicable
508121,17772.0,211.0,139.0,Bayesian Bchron,not applicable,not applicable
508122,17793.0,199.0,147.0249999999978,Bayesian Bchron,not applicable,not applicable
508123,17814.0,189.0,155.0,Bayesian Bchron,not applicable,not applicable
508124,17836.0,177.0,161.0,Bayesian Bchron,not applicable,not applicable
508125,17857.0,167.0,167.0,Bayesian Bchron,not applicable,not applicable
508126,17878.0,157.0,169.0250000000015,Bayesian Bchron,not applicable,not applicable
508127,17900.0,147.0,162.0,Bayesian Bchron,not applicable,not applicable
508128,17921.0,142.0,143.0,Bayesian Bchron,not applicable,not applicable
508129,17942.0,140.0,123.0,Bayesian Bchron,not applicable,not applicable
508130,17964.0,138.0,73.0,Bayesian Bchron,not applicable,not applicable
508131,17985.0,139.0,7.0,Bayesian Bchron,not applicable,not applicable
508132,17999.0,148.0,8.025000000001455,Bayesian Bchron,not applicable,not applicable
508133,18013.0,152.0,11.0,Bayesian Bchron,not applicable,not applicable
508134,18027.0,153.0250000000015,15.0,Bayesian Bchron,not applicable,not applicable
508135,18041.0,152.0,18.02500000000146,Bayesian Bchron,not applicable,not applicable
508136,18055.0,148.0,23.0,Bayesian Bchron,not applicable,not applicable
508137,18069.0,145.0,27.0,Bayesian Bchron,not applicable,not applicable
508138,18083.0,139.0,32.0,Bayesian Bchron,not applicable,not applicable
508139,18097.0,131.0,38.0,Bayesian Bchron,not applicable,not applicable
508140,18111.0,125.0,44.0,Bayesian Bchron,not applicable,not applicable
508141,18125.0,119.0,53.0,Bayesian Bchron,not applicable,not applicable
508142,18139.0,111.0,59.0,Bayesian Bchron,not applicable,not applicable
508143,18153.0,104.0249999999978,68.0,Bayesian Bchron,not applicable,not applicable
508144,18168.0,97.0,77.0,Bayesian Bchron,not applicable,not applicable
508145,18182.0,90.0,84.02500000000146,Bayesian Bchron,not applicable,not applicable
508146,18196.0,84.0,92.0,Bayesian Bchron,not applicable,not applicable
508147,18210.0,78.0,99.0,Bayesian Bchron,not applicable,not applicable
508148,18224.0,71.0,106.0,Bayesian Bchron,not applicable,not applicable
508149,18238.0,66.0,113.0,Bayesian Bchron,not applicable,not applicable
508150,18252.0,61.0,117.0,Bayesian Bchron,not applicable,not applicable
508151,18266.0,57.0,124.0,Bayesian Bchron,not applicable,not applicable
508152,18280.0,53.0,129.0,Bayesian Bchron,not applicable,not applicable
508153,18294.0,50.0,128.0250000000015,Bayesian Bchron,not applicable,not applicable
508154,18308.0,48.0,127.0,Bayesian Bchron,not applicable,not applicable
508155,18322.0,47.0,121.0,Bayesian Bchron,not applicable,not applicable
508156,18338.0,71.0,113.0,Bayesian Bchron,not applicable,not applicable
508157,18356.0,127.0250000000015,112.0,Bayesian Bchron,not applicable,not applicable
508158,18374.0,159.0,112.0,Bayesian Bchron,not applicable,not applicable
508159,18391.0,178.0,113.0,Bayesian Bchron,not applicable,not applicable
508160,18409.0,183.0,115.0,Bayesian Bchron,not applicable,not applicable
508161,18427.0,187.0,118.0,Bayesian Bchron,not applicable,not applicable
508162,18445.0,184.0249999999978,123.0250000000015,Bayesian Bchron,not applicable,not applicable
508163,18463.0,179.0,131.0,Bayesian Bchron,not applicable,not applicable
508164,18480.0,179.0,138.0,Bayesian Bchron,not applicable,not applicable
508165,18498.0,173.0,148.0,Bayesian Bchron,not applicable,not applicable
508166,18516.0,166.0250000000015,157.0,Bayesian Bchron,not applicable,not applicable
508167,18534.0,161.0,165.0,Bayesian Bchron,not applicable,not applicable
508168,18552.0,153.0,174.0250000000015,Bayesian Bchron,not applicable,not applicable
508169,18569.0,145.0,183.0249999999978,Bayesian Bchron,not applicable,not applicable
508170,18587.0,135.0,191.0,Bayesian Bchron,not applicable,not applicable
508171,18605.0,128.0,199.0,Bayesian Bchron,not applicable,not applicable
508172,18623.0,119.0250000000015,207.0249999999978,Bayesian Bchron,not applicable,not applicable
508173,18641.0,112.0,208.0250000000015,Bayesian Bchron,not applicable,not applicable
508174,18659.0,106.0,214.0250000000015,Bayesian Bchron,not applicable,not applicable
508175,18676.0,100.0,217.0249999999978,Bayesian Bchron,not applicable,not applicable
508176,18694.0,95.0,223.0,Bayesian Bchron,not applicable,not applicable
508177,18712.0,90.02500000000146,224.0,Bayesian Bchron,not applicable,not applicable
508178,18730.0,87.0,224.0250000000015,Bayesian Bchron,not applicable,not applicable
508179,18748.0,87.02500000000146,208.0250000000015,Bayesian Bchron,not applicable,not applicable
508180,18765.0,90.0,184.0250000000015,Bayesian Bchron,not applicable,not applicable
508181,18783.0,92.0,144.0500000000029,Bayesian Bchron,not applicable,not applicable
508182,18801.0,97.0,95.02500000000146,Bayesian Bchron,not applicable,not applicable
508183,18815.0,117.0250000000015,94.0,Bayesian Bchron,not applicable,not applicable
508184,18829.0,134.0,92.0,Bayesian Bchron,not applicable,not applicable
508185,18842.0,148.0,89.0,Bayesian Bchron,not applicable,not applicable
508186,18856.0,159.0250000000015,90.0,Bayesian Bchron,not applicable,not applicable
508187,18870.0,159.0,93.0,Bayesian Bchron,not applicable,not applicable
508188,18884.0,156.0250000000015,96.0,Bayesian Bchron,not applicable,not applicable
508189,18898.0,153.0,99.0,Bayesian Bchron,not applicable,not applicable
508190,18912.0,149.0,104.0,Bayesian Bchron,not applicable,not applicable
508191,18925.0,144.0,108.0,Bayesian Bchron,not applicable,not applicable
508192,18939.0,136.0250000000015,112.0,Bayesian Bchron,not applicable,not applicable
508193,18953.0,131.0,117.0250000000015,Bayesian Bchron,not applicable,not applicable
508194,18967.0,124.0,124.0,Bayesian Bchron,not applicable,not applicable
508195,18981.0,116.0249999999978,130.0,Bayesian Bchron,not applicable,not applicable
508196,18995.0,109.0,137.0249999999978,Bayesian Bchron,not applicable,not applicable
508197,19008.0,102.0250000000015,142.0,Bayesian Bchron,not applicable,not applicable
508198,19022.0,95.0,149.0,Bayesian Bchron,not applicable,not applicable
508199,19036.0,88.0,156.0,Bayesian Bchron,not applicable,not applicable
508200,19050.0,81.0,161.0,Bayesian Bchron,not applicable,not applicable
508201,19064.0,74.0,167.0,Bayesian Bchron,not applicable,not applicable
508202,19077.0,69.0,171.0249999999978,Bayesian Bchron,not applicable,not applicable
508203,19091.0,63.0,176.0,Bayesian Bchron,not applicable,not applicable
508204,19105.0,58.0,179.0,Bayesian Bchron,not applicable,not applicable
508205,19119.0,54.0,181.0,Bayesian Bchron,not applicable,not applicable
508206,19133.0,51.0,179.0,Bayesian Bchron,not applicable,not applicable
508207,19147.0,48.0,175.0,Bayesian Bchron,not applicable,not applicable
508208,19160.0,48.02500000000146,164.0,Bayesian Bchron,not applicable,not applicable
508209,19174.0,48.0,144.0250000000015,Bayesian Bchron,not applicable,not applicable
508210,19188.0,48.0,119.0249999999978,Bayesian Bchron,not applicable,not applicable
508211,19199.0,53.0,106.0,Bayesian Bchron,not applicable,not applicable
508212,19208.0,63.0,104.0,Bayesian Bchron,not applicable,not applicable
508213,19217.0,69.0,102.0250000000015,Bayesian Bchron,not applicable,not applicable
508214,19226.0,73.02500000000146,102.0,Bayesian Bchron,not applicable,not applicable
508215,19234.0,77.0,102.0,Bayesian Bchron,not applicable,not applicable
508216,19243.0,79.0,103.0,Bayesian Bchron,not applicable,not applicable
508217,19252.0,79.02500000000146,104.0,Bayesian Bchron,not applicable,not applicable
508218,19261.0,77.0,105.0,Bayesian Bchron,not applicable,not applicable
508219,19269.0,78.0,105.0249999999978,Bayesian Bchron,not applicable,not applicable
508220,19278.0,77.0,109.0,Bayesian Bchron,not applicable,not applicable
508221,19287.0,77.0,111.0250000000015,Bayesian Bchron,not applicable,not applicable
508222,19296.0,73.0,115.0,Bayesian Bchron,not applicable,not applicable
508223,19304.0,72.0,116.0250000000015,Bayesian Bchron,not applicable,not applicable
508224,19313.0,68.0,119.0,Bayesian Bchron,not applicable,not applicable
508225,19322.0,66.0,122.0,Bayesian Bchron,not applicable,not applicable
508226,19330.0,66.0,125.0,Bayesian Bchron,not applicable,not applicable
508227,19339.0,64.0,129.0,Bayesian Bchron,not applicable,not applicable
508228,19348.0,61.0,132.0,Bayesian Bchron,not applicable,not applicable
508229,19357.0,60.0,135.0249999999978,Bayesian Bchron,not applicable,not applicable
508230,19365.0,59.0,137.0,Bayesian Bchron,not applicable,not applicable
508231,19374.0,58.02500000000146,139.0250000000015,Bayesian Bchron,not applicable,not applicable
508232,19383.0,60.0,141.0,Bayesian Bchron,not applicable,not applicable
508233,19392.0,61.0,143.0,Bayesian Bchron,not applicable,not applicable
508234,19400.0,63.0,141.0249999999978,Bayesian Bchron,not applicable,not applicable
508235,19409.0,64.0,139.0,Bayesian Bchron,not applicable,not applicable
508236,19418.0,67.0,132.0,Bayesian Bchron,not applicable,not applicable
508237,19427.0,69.0,125.0,Bayesian Bchron,not applicable,not applicable
508238,19438.0,136.0,116.0249999999978,Bayesian Bchron,not applicable,not applicable
508239,19453.0,229.0250000000015,116.0,Bayesian Bchron,not applicable,not applicable
508240,19468.0,285.0,116.0,Bayesian Bchron,not applicable,not applicable
508241,19483.0,314.0249999999978,117.0,Bayesian Bchron,not applicable,not applicable
508242,19498.0,339.0,121.0,Bayesian Bchron,not applicable,not applicable
508243,19513.0,346.0,126.0,Bayesian Bchron,not applicable,not applicable
508244,19528.0,354.0,131.0,Bayesian Bchron,not applicable,not applicable
508245,19543.0,357.0250000000015,138.0,Bayesian Bchron,not applicable,not applicable
508246,19558.0,362.0250000000015,146.0,Bayesian Bchron,not applicable,not applicable
508247,19573.0,362.0500000000029,153.0,Bayesian Bchron,not applicable,not applicable
508248,19588.0,363.0250000000015,161.0,Bayesian Bchron,not applicable,not applicable
508249,19603.0,359.0,171.0,Bayesian Bchron,not applicable,not applicable
508250,19618.0,355.0,180.0,Bayesian Bchron,not applicable,not applicable
508251,19633.0,355.0,189.0,Bayesian Bchron,not applicable,not applicable
508252,19648.0,353.0249999999978,198.0,Bayesian Bchron,not applicable,not applicable
508253,19663.0,350.0499999999956,207.0,Bayesian Bchron,not applicable,not applicable
508254,19678.0,346.0,216.0,Bayesian Bchron,not applicable,not applicable
508255,19693.0,343.0,225.0249999999978,Bayesian Bchron,not applicable,not applicable
508256,19708.0,334.0,234.0,Bayesian Bchron,not applicable,not applicable
508257,19723.0,328.0,241.0500000000029,Bayesian Bchron,not applicable,not applicable
508258,19738.0,322.0,251.0250000000015,Bayesian Bchron,not applicable,not applicable
508259,19753.0,314.0250000000015,259.0499999999993,Bayesian Bchron,not applicable,not applicable
508260,19768.0,308.0,269.0250000000015,Bayesian Bchron,not applicable,not applicable
508261,19783.0,300.0,279.0,Bayesian Bchron,not applicable,not applicable
508262,19843.0,265.0,311.0,Bayesian Bchron,not applicable,not applicable
508263,19903.0,233.0499999999993,340.0249999999978,Bayesian Bchron,not applicable,not applicable
508264,19963.0,198.0,370.0,Bayesian Bchron,not applicable,not applicable
508265,20023.0,159.0,395.0249999999978,Bayesian Bchron,not applicable,not applicable
508266,20083.0,124.0,425.0250000000015,Bayesian Bchron,not applicable,not applicable
508267,20143.0,89.0,421.0250000000015,Bayesian Bchron,not applicable,not applicable
508268,20203.0,59.0,354.0,Bayesian Bchron,not applicable,not applicable
508269,20263.0,50.0,72.0,Bayesian Bchron,not applicable,not applicable
508270,20314.0,179.0,68.0,Bayesian Bchron,not applicable,not applicable
508271,20364.0,188.0250000000015,87.0,Bayesian Bchron,not applicable,not applicable
508272,20415.0,173.0,108.0,Bayesian Bchron,not applicable,not applicable
508273,20465.0,154.0250000000015,130.0,Bayesian Bchron,not applicable,not applicable
508274,20516.0,133.0,150.0,Bayesian Bchron,not applicable,not applicable
508275,20566.0,117.0,153.0250000000015,Bayesian Bchron,not applicable,not applicable
508276,20617.0,113.0250000000015,110.0499999999993,Bayesian Bchron,not applicable,not applicable
508277,20678.0,332.0250000000015,35.0,Bayesian Bchron,not applicable,not applicable
508278,20749.0,465.0,59.02499999999782,Bayesian Bchron,not applicable,not applicable
508279,20820.0,486.0499999999993,98.0,Bayesian Bchron,not applicable,not applicable
508280,20891.0,468.0,139.0,Bayesian Bchron,not applicable,not applicable
508281,20962.0,443.0249999999978,184.0,Bayesian Bchron,not applicable,not applicable
508282,21033.0,411.0,227.0,Bayesian Bchron,not applicable,not applicable
508283,21104.0,370.0,273.0,Bayesian Bchron,not applicable,not applicable
508284,21176.0,323.0250000000015,319.0,Bayesian Bchron,not applicable,not applicable
508285,21247.0,281.0,355.0,Bayesian Bchron,not applicable,not applicable
508286,21318.0,236.0,384.0250000000015,Bayesian Bchron,not applicable,not applicable
508287,21389.0,194.0,391.0500000000029,Bayesian Bchron,not applicable,not applicable
508288,21460.0,156.0,359.0250000000015,Bayesian Bchron,not applicable,not applicable
508289,21531.0,136.0,227.0,Bayesian Bchron,not applicable,not applicable
508290,21594.0,197.0250000000015,29.0,Bayesian Bchron,not applicable,not applicable
508291,21647.0,233.0,33.02499999999782,Bayesian Bchron,not applicable,not applicable
508292,21701.0,220.0,53.0,Bayesian Bchron,not applicable,not applicable
508293,21755.0,193.0,78.0,Bayesian Bchron,not applicable,not applicable
508294,21808.0,170.0,103.0,Bayesian Bchron,not applicable,not applicable
508295,21862.0,143.0249999999978,129.0250000000015,Bayesian Bchron,not applicable,not applicable
508296,21916.0,125.0,147.0,Bayesian Bchron,not applicable,not applicable
508297,21969.0,119.0,119.0,Bayesian Bchron,not applicable,not applicable
508298,22050.0,252.0250000000015,45.0,Bayesian Bchron,not applicable,not applicable
508299,22158.0,281.0250000000015,83.0,Bayesian Bchron,not applicable,not applicable
508300,22266.0,242.0250000000015,143.0,Bayesian Bchron,not applicable,not applicable
508301,22373.0,188.0,203.0,Bayesian Bchron,not applicable,not applicable
508302,22481.0,128.0,254.0,Bayesian Bchron,not applicable,not applicable
508303,22589.0,79.0,277.0,Bayesian Bchron,not applicable,not applicable
508304,22697.0,65.0,108.0,Bayesian Bchron,not applicable,not applicable
508305,22775.0,178.0249999999978,103.0,Bayesian Bchron,not applicable,not applicable
508306,22852.0,173.0249999999978,129.0,Bayesian Bchron,not applicable,not applicable
508307,22930.0,135.0249999999978,160.0250000000015,Bayesian Bchron,not applicable,not applicable
508308,23008.0,98.02500000000146,189.0,Bayesian Bchron,not applicable,not applicable
508309,23085.0,73.0,197.0250000000015,Bayesian Bchron,not applicable,not applicable
508310,23163.0,73.0,71.0,Bayesian Bchron,not applicable,not applicable
508311,23225.0,145.0250000000015,66.0,Bayesian Bchron,not applicable,not applicable
508312,23286.0,139.0,81.0,Bayesian Bchron,not applicable,not applicable
508313,23348.0,116.0,105.0,Bayesian Bchron,not applicable,not applicable
508314,23410.0,100.0,123.0,Bayesian Bchron,not applicable,not applicable
508315,23471.0,100.0,107.0,Bayesian Bchron,not applicable,not applicable
508316,23526.0,523.0499999999956,64.0,Bayesian Bchron,not applicable,not applicable
508317,23575.0,798.0249999999978,93.0,Bayesian Bchron,not applicable,not applicable
508318,23624.0,930.1749999999956,129.0,Bayesian Bchron,not applicable,not applicable
508319,23673.0,1014.0,169.0,Bayesian Bchron,not applicable,not applicable
508320,23722.0,1080.025000000001,209.0250000000015,Bayesian Bchron,not applicable,not applicable
508321,23770.0,1162.049999999999,248.0,Bayesian Bchron,not applicable,not applicable
508322,23819.0,1223.149999999998,290.0,Bayesian Bchron,not applicable,not applicable
