sample_id,lin_interp_age,lin_interp_age_uncert_pos,lin_interp_age_uncert_neg,lin_reg_age,lin_reg_age_uncert_pos,lin_reg_age_uncert_neg,Bchron_age,Bchron_age_uncert_pos,Bchron_age_uncert_neg,Bacon_age,Bacon_age_uncert_pos,Bacon_age_uncert_neg,OxCal_age,OxCal_age_uncert_pos,OxCal_age_uncert_neg,copRa_age,copRa_age_uncert_pos,copRa_age_uncert_neg,StalAge_age,StalAge_age_uncert_pos,StalAge_age_uncert_neg
456606,120681.933140822,1084.14424221919,1179.23419504124,120808.113121084,447.403984388788,443.367193398837,,,,124045.154,513.302000000011,855.277749999994,,,,120775.149212871,1032.96284797363,1124.29531783154,120527.202928102,279.470264699543,581.179993731421
456607,120721.767633126,1059.66371727757,1167.01553685473,120890.638940918,443.298531904438,441.100966144688,,,,124110.091,512.21100000001,853.747362499998,,,,120834.417718145,1016.92086335567,1115.50752086294,120534.889020976,280.730283849916,579.995684329595
456608,120752.294397041,1064.89096604376,1162.39285438528,120972.401010551,440.625902496424,438.162955197186,,,,124174.32025,511.827749999982,851.222550000006,,,,120886.005667011,1030.04007093085,1107.46404963563,120542.525762783,282.352851947056,578.758313060287
456609,120783.614492795,1066.80622237184,1150.50853022528,121055.126882222,436.98812298321,435.823974922823,,,,124238.543875,511.450125000018,843.674287499976,,,,120926.355837274,1043.84638482481,1110.17995011096,120550.114554873,284.377297851403,577.469718061519
456610,120822.102372524,1063.42987986603,1169.07684424629,121136.837411155,435.468836295855,431.925080097499,,,,124301.27,512.570000000007,834.5435,,,,120959.770430099,1060.12027947891,1098.72379070699,120557.656798594,286.84295042335,576.131737471325
456611,120857.333380541,1074.49531356446,1171.68356815436,121218.429041462,432.779694434663,429.376556941395,,,,124366.105625,511.580375000005,831.075687499993,,,,120996.767061501,1084.23104248501,1101.16013583312,120565.142848148,289.802509899673,574.735462332756
456612,120892.186323431,1063.02699999261,1174.67143206729,121300.502010389,430.758123515945,426.938207706175,,,,124427.8685,513.66350000001,827.556125000003,,,,121030.090883875,1120.74674633669,1109.36831600966,120572.518869136,293.36216202275,573.228995308804
456613,120927.649191735,1067.58831477855,1191.23697017803,121382.194785533,428.963522940889,423.934735642164,,,,124491.166,514.212000000014,822.210087499989,,,,121061.499434809,1124.54169959432,1119.22224289102,120579.719980013,297.641463911321,571.549691967448
456614,120959.249539212,1075.51266637677,1196.30798925001,121464.305196539,425.191781457237,421.348899439501,,,,124553.163,516.061000000002,816.306049999999,,,,121091.861487798,1143.14266504053,1135.49825246392,120586.681299231,302.7599726841,569.634907876709
456615,120992.459991205,1080.25857188292,1208.47685696316,121546.66735699,421.811889771197,420.210813566955,,,,124616.2325,516.837500000009,812.414625000005,,,,121121.257003654,1157.96798857467,1152.025889472,120593.337945243,308.837245459814,567.421998604565
456616,121020.77833668,1085.61988269805,1215.35959912628,121629.054940896,418.244564253851,419.863086753554,,,,124677.505,519.411000000007,808.668949999977,,,,121138.270831508,1164.28826818865,1152.51420579823,120599.625036503,315.992839357248,564.848319719007
456617,121049.83992762,1115.87754327667,1214.71424249251,121711.682365691,414.441042278442,418.418129712503,,,,124740.459875,520.302124999987,806.575750000018,,,,121160.616813705,1196.06568673972,1161.49482464568,120605.477691465,324.346311495086,561.851226788058
456618,121083.807486619,1152.69142390706,1232.89215253321,121793.975641864,410.596962149517,415.612986501423,,,,124804.302,520.305999999997,805.347999999998,,,,121181.233583095,1230.19718234398,1162.76945262752,120610.831028581,334.017218992085,558.368075379694
456619,121125.802344611,1171.99641148756,1244.2093524209,121876.324487251,408.648482235993,414.375860890985,,,,124867.55425,520.899749999997,803.530375000002,,,,121198.695305856,1266.69941811416,1168.38718037942,120615.554993082,345.076303068519,554.248959219505
456620,121146.537025482,1200.3238040546,1242.63185516164,121958.113313897,407.130010855806,411.074384482126,,,,124931.0125,521.287500000006,801.918749999997,,,,121214.317332566,1289.38720095195,1171.8159084206,120619.258837305,357.399041350756,548.994924663464
456621,121173.205189587,1240.69326536478,1253.04115940363,122039.136431171,405.461293651402,406.632700991686,,,,124993.898,522.247999999992,799.734375000015,,,,121229.405634612,1316.60845585233,1175.14749664233,120621.486640364,370.812095566682,542.019756225171
456622,121207.165180139,1264.13937773713,1276.80160026529,122120.163750829,402.841318368562,402.238687223973,,,,125058.08,521.912000000011,798.562799999985,,,,121252.445441829,1335.23007898933,1180.78494627349,120621.782481374,385.142127444225,532.737238418194
456623,121236.694386301,1298.08415523483,1293.86577345312,122202.571635025,400.373703918347,399.042128039539,,,,125122.5565,521.221174999999,791.834000000003,,,,121274.695236838,1357.55401921013,1193.98920390059,120622.285184636,397.621053523937,523.155900943457
456624,121259.555265278,1339.12453321926,1301.29621936982,122285.727061477,397.841992436675,396.575503718675,,,,125185.89625,519.008549999999,781.141250000001,,,,121298.694713471,1384.4535531509,1209.62100268171,120622.787887899,407.826476900227,512.938586948032
456625,121284.964055415,1377.07913983223,1306.86949055454,122367.21486435,396.630048907959,391.924765820673,,,,125248.394375,518.038874999998,769.606874999998,,,,121317.039250391,1433.3024702309,1209.6803832665,120623.290591161,415.129138415286,501.955001831215
456626,121310.76768379,1434.07973706764,1325.44570780189,122449.070398335,395.831042088408,389.050313778906,,,,125310.325,516.286999999997,757.50499999999,,,,121341.238384877,1456.48121228263,1219.24299697959,120623.793294423,418.899778911262,490.074850992314
456627,121341.114143927,1471.16138960051,1345.11083189558,122530.719856254,393.283001337259,385.202912507681,,,,125373.822,512.479500000001,746.969499999992,,,,121366.800356813,1495.73341273193,1225.59969034186,120624.295997685,419.276531819807,477.260920586443
456628,121370.12228772,1520.58915147661,1353.57494197012,122613.594119868,391.662444428453,383.064954151778,,,,125440.235,505.755999999994,739.350000000006,,,,121398.896079881,1540.60510379633,1235.36104000377,120624.798700948,419.467100930575,463.848319791723
456629,121392.394430737,1566.31273550312,1365.18701674072,122695.305169326,389.319478353456,380.25324532963,,,,125504.363375,501.317125000001,729.445875000005,,,,121428.701058631,1592.70453380133,1251.89155983545,120625.30140421,423.446582622681,450.265238542066
456630,121417.782923652,1625.49432869867,1374.38022626162,122777.220799224,386.854425842699,377.279666070375,,,,125568.0675,497.411499999987,719.117500000008,,,,121471.111834791,1615.19499517427,1285.54601862919,120625.804107472,435.190073275226,436.939866771412
456631,121574.92678098,1565.34122956281,1334.47008900407,122859.46484867,384.071244488805,374.633071420569,,,,125630.892875,496.115899999975,707.910375000007,,,,121517.680697842,1654.36103899629,1301.35666198925,120626.306810734,458.672669267326,424.300394413658
456632,121738.31806232,1491.04104200163,1270.64673471986,122940.625074539,383.189273249038,372.960434845576,,,,125694.88225,494.14254999999,697.86725000001,,,,121582.316354484,1655.95017582095,1299.74983328827,120626.809513997,497.869466978125,412.775011402715
456633,121897.936312488,1420.48394332755,1220.04018691678,123022.471082617,380.844012431466,371.205752272072,,,,125759.425875,497.88688749999,688.378375,,,,121656.319746439,1669.98983391184,1284.17117262336,120627.312217259,556.755562786726,402.791907672494
456634,122059.349709451,1360.52584219306,1187.19876388226,123104.764692689,376.921147903195,368.951490934196,,,,125823.028,497.196799999991,677.948000000004,,,,121743.634501123,1672.49218929645,1257.85081098411,120644.149198314,622.97177527906,411.113550950118
456635,122224.90027266,1294.80871913463,1143.23104646977,123187.037488999,373.786438402807,366.218718017146,,,,125886.33875,493.646562500013,667.226249999992,,,,121840.984299136,1672.29774792005,1231.88286006333,120673.966711104,702.589658878307,433.881181229983
456636,122378.70078711,1254.63524570443,1103.28130469359,123269.572097012,370.727586852881,363.663937475911,,,,125948.863,501.187950000007,655.717999999993,,,,121969.939693162,1626.54130392217,1213.68348246951,120716.263296077,793.799329441972,466.355509490342
456637,122538.453954464,1206.5474358963,1071.37114231654,123352.064538054,367.886911607653,361.175552885077,,,,126011.660125,509.183412500002,644.482625000004,,,,122114.316378419,1573.18270594705,1210.16674701244,120810.827218673,853.24388981938,543.153767822223
456638,122692.046641011,1154.35372165283,1049.4524167702,123434.445991334,364.109559805627,358.129926313544,,,,126077.3995,512.726999999999,636.189499999993,,,,122262.951952771,1532.04917351637,1192.60385709637,120939.065800864,895.947386331783,640.512244844707
456639,122855.35919225,1120.84247062256,1027.55943344404,123517.213640173,358.728896624278,355.82845634206,,,,126141.281875,508.606750000006,626.039375000008,,,,122416.327727581,1481.56454201815,1156.55969768154,121085.991650936,933.328578983565,738.272515493722
456640,123011.95977173,1084.72245800159,1005.00785205781,123598.855565098,355.687056914117,352.235498576483,,,,126204.92375,513.485000000001,615.648750000008,,,,122572.628564505,1457.73867882977,1114.78532372009,121249.514476726,963.909128227242,829.173254257083
456641,123169.46646185,1069.61233623394,970.424928048757,123681.402797766,353.06830500935,350.200554436931,,,,126266.949125,516.699875000006,603.641624999989,,,,122736.111429103,1439.30054305783,1094.18716225296,121427.543986074,986.21069451535,905.953135622607
456642,123335.145422476,1049.62927499454,979.00451755205,123763.248253092,351.122965443355,347.976329349563,,,,126330.35,515.618000000002,593.009999999995,,,,122913.640887009,1396.08770407745,1095.75058593255,121617.989886818,998.754938300393,961.350834078097
456643,123490.483746008,1033.63857516345,965.458561213163,123845.148759114,348.32582893355,346.667409227273,,,,126393.7455,514.541500000007,582.372999999992,,,,123089.53467219,1356.17336271588,1075.65823165918,121818.807977658,1000.34879994827,990.029671593846
456644,123652.519437414,1019.79159638578,962.452144062074,123927.121903587,344.106636778364,345.674248485622,,,,126455.54975,515.056250000009,570.144749999992,,,,123282.434486386,1302.99062192558,1069.17416075192,122028.138420743,990.940339478475,994.351560070078
456645,123808.928573048,1007.15062891693,970.41751503566,124009.225120552,341.199974248928,344.866103789886,,,,126517.528125,516.799375000002,558.090624999997,,,,123462.64250209,1292.82494902531,1056.64457840263,122244.16746908,970.762896823842,978.603058889465
456646,123961.531824985,1007.32661503296,976.307221525145,124092.368239919,336.218395433854,344.704439804031,,,,126580.977,522.313399999999,547.506999999998,,,,123649.155939635,1291.88403486353,1052.5284204544,122465.081375681,940.049811917212,947.070727434722
456647,124114.317992419,997.320163112905,984.210657294723,124174.327849501,333.537464922963,341.955384345973,,,,126644.14775,522.614749999993,536.645250000016,,,,123840.244432856,1262.44319822559,1067.92244257033,122689.066393553,899.034424691461,904.041125088508
456648,124274.816480283,989.364492680834,985.835448126527,124256.427656901,332.653514545877,341.240023416161,,,,126708.69275,519.482249999986,527.157750000013,,,,124023.305666377,1278.772852913,1083.94202228046,122914.308775708,847.950075079425,853.800811233552
456649,124424.684114154,994.179872064735,1000.15597220132,124338.88582898,330.053315540761,339.569760860541,,,,126769.915,519.730025000012,518.604337499986,,,,124212.854839114,1286.29556752986,1102.0918846741,123138.994775153,787.030103013953,800.63634525254
456650,124581.199982096,1030.10902631053,1037.32322281197,124420.940464429,328.922892453615,337.727627040353,,,,126835.51,522.381999999983,523.396000000008,,,,124400.014291147,1320.42186681712,1136.61780917436,123361.310644899,716.507848427922,748.834286528145
456651,124734.89456056,1056.5339012607,1073.36484559251,124502.788080781,326.816319116464,334.183486872033,,,,126901.7665,524.439137499998,529.654599999994,,,,124593.921753461,1331.62188344041,1187.08872746152,123579.911207978,637.905304849803,701.906859485811
456652,124895.663381426,1078.91527593382,1125.55548380443,124584.657869433,325.487950949202,329.157471591432,,,,126963.6605,531.71149999999,526.129875000013,,,,124778.136680574,1341.33574924574,1204.61945840274,123795.325567512,557.899080190648,660.268948721918
456653,125047.213237587,1093.64968273873,1140.37745605109,124666.270216024,323.6149013166,328.092219644575,,,,127024.4795,539.057499999995,521.11883750002,,,,124958.416145432,1351.7095125222,1220.09387137039,124008.551396647,484.454435957101,623.561103875603
456654,125203.8767515,1144.49677952194,1168.08994168747,124748.352882111,321.009797756735,326.202343795318,,,,127089.012,539.926949999994,520.752250000005,,,,125132.407828986,1391.87582023759,1235.22350032715,124220.586368527,425.536633655836,591.423874585962
456655,125359.686951712,1182.13025865893,1206.57684250211,124829.195615796,319.414534487121,323.710079837343,,,,127153.15625,540.574187500009,518.669812499997,,,,125300.405075418,1400.92658841319,1248.86357708114,124432.428156299,389.110934793527,563.497810492147
456656,125523.941432879,1198.51517652663,1251.56158409512,124911.326464321,316.675205279622,323.409747467274,,,,127216.4925,549.679250000001,516.55750000001,,,,125468.415864932,1388.83836538356,1260.95001059737,124645.074433108,383.142600876876,539.423461233237
456657,125683.1791901,1220.10048043582,1331.6946708965,124993.299296874,315.319270293301,322.75709101485,,,,127280.02025,557.304449999996,513.611012500012,,,,125629.90409723,1380.31247181233,1265.9543752074,124859.522872098,415.596893412498,518.841376448385
456658,125847.612543655,1254.12576729918,1396.71840021209,125076.196600635,312.139894701046,321.77722762608,,,,127342.362,564.262399999992,510.164499999999,,,,125786.54484965,1345.20394638133,1255.41393841134,125076.771146416,494.43907390708,501.392105776715
456659,126003.656776393,1172.80690792449,1313.62409486814,125159.061821943,310.750932905794,319.929915583692,,,,127405.05325,570.763250000004,507.992712499996,,,,125944.89886266,1291.71862145382,1239.99636405293,125297.601957766,623.460732400112,486.688368874238
456660,126153.408646957,1113.39924423264,1221.65174764168,125240.37711951,311.099321868023,316.749914511965,,,,127469.79125,571.123500000002,507.336250000022,,,,126123.040432564,1207.44067283142,1215.95069558069,125521.938122097,789.758773062291,474.231565464535
456661,126304.95043656,1045.20199335739,1151.34620299641,125322.029502343,310.405699139956,314.282123787067,,,,127534.471375,575.346687499987,510.78697500001,,,,126312.312812874,1120.93736916081,1156.8929865964,125749.487483916,976.256428597131,463.495265288133
456662,126460.113215352,972.665344921741,1075.14699296674,125404.045376692,307.751755042918,312.301533151011,,,,127598.5965,584.871250000011,514.176149999999,,,,126501.098905632,1026.08062793947,1080.40465300165,125979.95788773,1165.87693170812,453.953038085514
456663,126612.155618276,892.817180378101,985.985857757289,125485.890476281,304.64747276681,310.150219556628,,,,127663.945375,585.51185000001,521.331137500005,,,,126691.272163779,947.714663034247,989.323071643099,126213.057178047,1341.54351509881,445.078453597176
456664,126760.230116623,828.052243241516,900.433985901356,125567.951269635,302.915420134697,309.210966046609,,,,127727.82375,587.522800000006,519.720924999987,,,,126882.210388953,860.230420754786,900.539190427211,126448.493199376,1486.17941147267,436.345081563602
456665,126917.479034851,753.579343748497,834.992974939189,125649.754857107,300.431144828966,306.195179061659,,,,127790.348125,592.654812499997,520.118999999992,,,,127074.695706637,779.503690472193,804.699649930044,126685.973796223,1582.70785353324,427.226491725305
456666,127072.247606454,684.107243831182,762.259296100077,125731.067957833,299.312560373975,303.272999601992,,,,127856.912,590.242800000007,525.815999999992,,,,127258.019624808,717.423840060015,702.762057025742,126925.206813096,1614.05207398403,417.196253822782
456667,127229.715834485,622.70667692415,695.618286115423,125813.355865103,297.193147564758,301.068609877242,,,,127920.299,592.111999999994,523.346812500007,,,,127441.232436489,649.006368726739,635.076404485168,127165.141402236,1568.75316733436,405.868181102938
456668,127382.617898448,576.956184466238,630.986172418736,125894.910786859,296.366822063224,298.40076912551,,,,127985.5365,596.837499999994,524.486000000004,,,,127613.693659649,601.699409019144,582.462975927861,127401.691946812,1411.87671943217,393.417060838401
456669,127538.900740214,527.035525526589,581.502861116984,125978.053105892,293.142219583809,299.394293614081,,,,128049.59175,602.745249999993,530.938500000004,,,,127785.86029089,558.465285246799,561.679380971866,127630.014137729,1217.75078705054,380.157923808219
456670,127686.171619813,499.081136965673,524.679816535223,126059.567929687,292.071510960581,295.855655090432,,,,128114.2125,608.087500000009,533.024999999994,,,,127928.310934438,551.148497491566,534.821037983274,127845.263665888,1013.97629690212,366.405800791414
456671,127838.756358813,486.685108087666,498.629816820147,126141.727685316,290.037373310799,293.070905599379,,,,128176.373375,615.889624999996,532.342499999999,,,,128059.682682599,534.713913571468,534.198205854627,128042.596222192,816.643740597559,352.475722567018
456672,127993.370549308,477.220112167997,493.77747842198,126222.864212858,289.150552738749,290.061671657575,,,,128239.07075,623.155250000011,534.364949999988,,,,128161.347967199,532.135972958553,527.930043348257,128217.167497545,642.072465244622,338.682719914083
456673,128152.532025477,478.807558330358,512.109954812258,126304.263621565,287.719577903525,288.371474982516,,,,128301.315875,630.873125000013,535.58557499999,,,,128246.154742535,531.896880922446,527.835587511625,128364.13318285,495.106779940441,325.341823611641
456674,128307.48417213,491.207864582786,540.263443450662,126387.115272953,287.190062644266,288.046284643526,,,,128364.92,637.232000000004,536.746199999994,,,,128307.426113606,512.317437823338,517.633337654785,128478.648969008,380.590993782127,312.768064438744
456675,128329.871138122,478.913272223843,514.391130238859,126468.74354567,284.882718054389,285.910922935829,,,,128429.423125,642.691875000004,542.097374999998,,,,128349.345376943,490.282904381893,500.327728295582,128557.683154032,301.556808757552,301.206853673531
456676,128354.64937812,463.1213252507,499.626610041683,126550.185332386,284.418363392106,283.982308280232,,,,128493.46925,648.608749999985,542.299950000015,,,,128389.398150878,473.636761492395,479.783824829457,128587.641877082,271.598085708189,272.812537299949
456677,128382.767367217,445.290049458839,486.337814098137,126632.504384016,283.136201229092,283.777816102782,,,,128554.36825,657.672749999998,542.574787499994,,,,128428.228768142,460.661138073003,458.025652329452,128598.911761689,260.328201101162,259.693140096744
456678,128407.274528553,432.045917235359,468.03424099274,126714.245897745,282.601416309612,283.2637670197,,,,128617.6605,664.343500000017,543.047649999993,,,,128463.840663786,447.001250130736,437.016478807374,128600.581542512,258.658420277905,255.227727898251
456679,128433.429253698,430.767631248833,456.502314173544,126796.423492963,281.051130143736,281.824126614621,,,,128690.315,661.652000000002,555.447525000011,,,,128500.679811903,429.165876566913,427.538186131307,128601.058642346,261.136290358903,255.704827732174
456680,128456.69736724,421.379750735417,436.67866533804,126878.472006502,280.214639613332,281.861229443646,,,,128763.85,658.079999999987,566.739499999996,,,,128532.314266152,411.96648965402,412.465110672652,128601.53574218,265.782653937888,256.181927566082
456681,128480.1042546,409.812405990524,415.981767621313,126960.00374078,279.396423746337,281.667573598475,,,,128833.18475,658.708249999996,573.7651625,,,,128564.678394414,405.413725722974,404.926082299091,128602.012842014,271.6824065986,256.65902739999
456682,128507.758577606,398.002329885217,401.001951081591,127040.707193485,279.439735940308,279.256825766293,,,,128896.88,664.975999999995,577.526799999992,,,,128598.741674633,393.767691861824,394.554373062623,128602.489941848,277.92044392477,257.136127233898
456683,128530.942710656,379.12405582692,383.601029998623,127122.293376082,277.490325381747,278.342733516765,,,,128960.51925,668.921999999991,580.237612500016,,,,128626.632888046,389.887678760337,385.502780026058,128602.967041682,283.752691526315,256.069031577616
456684,128555.982530203,376.499610232029,374.652624729613,127203.82787627,276.201032357858,278.466135829687,,,,129023.25275,670.289749999996,581.297974999994,,,,128655.17693087,389.15926271661,385.608862274763,128603.444141516,289.119195117804,250.549158508118
456685,128580.755209308,369.593959124672,366.28422070478,127286.353530897,273.409359766621,277.448462976608,,,,129085.72875,671.914999999994,580.718750000015,,,,128681.120718403,383.225911425558,380.917189627769,128610.041055936,288.011215853243,244.486245254171
456686,128607.900556329,361.445985508035,363.307071468735,127368.52063633,272.222349432574,276.525231243038,,,,129149.4705,672.274499999985,580.313200000019,,,,128704.728954894,386.850828440132,376.347024343762,128619.500328426,283.797285990557,229.511144184376
456687,128632.923273285,355.943547061252,363.544466064501,127449.980794464,272.225498944288,275.171045154493,,,,129211.95375,673.892500000002,584.205300000001,,,,128731.37240218,384.730566171667,387.006948590817,128630.950001638,277.460438618175,212.99157090974
456688,128659.184456845,349.524000446079,360.671217882191,127532.11884583,271.325583293161,273.940777059703,,,,129274.916,675.031500000012,591.219349999985,,,,128753.907176827,387.162020487667,389.885075013008,128655.702441215,257.799383833495,208.030118373455
456689,128684.375353028,343.662008699961,357.332811094137,127614.132792993,268.743537786853,273.744167912431,,,,129338.244875,675.803874999998,595.207037500004,,,,128776.979113423,385.888725415381,390.342202245549,128681.33164644,237.351198094344,203.991013158375
456690,128709.254779973,344.601613189385,358.331041616984,127695.989494693,267.668555553391,272.92928907118,,,,129401.43,676.720000000001,595.394,,,,128799.04111134,386.010449786801,392.576368510301,128705.709909022,218.354665431834,200.53677427402
456691,128735.768013025,343.401511330478,357.43610789103,127777.588572223,265.697552855694,272.795446046992,,,,129463.5755,678.675749999995,597.366800000003,,,,128816.485064757,392.060149138633,395.402070496464,128727.463480646,202.276185742478,197.679296751332
456692,128759.690518931,346.131141889768,360.495904386349,127859.225361516,265.812288608184,271.379954963049,,,,129527.149,679.203499999989,595.440600000031,,,,128835.434085743,400.023203028031,394.192019334703,128746.699278509,189.027796764785,195.292805326433
456693,128788.139554355,346.503899123869,364.93613241709,127940.957947324,264.639241523633,269.876607448561,,,,129590.550875,679.902875,597.938875000007,,,,128852.92563025,401.978917833039,398.977109721076,128763.894386189,178.132945697682,193.217107161792
456694,128814.650279658,349.893565926177,368.890169828665,128022.618193108,262.403969904131,269.818353413124,,,,129654.8535,679.701499999996,603.41005000002,,,,128869.933589304,406.849844685989,397.907646998166,128779.525887264,169.115079740208,191.292009419893
456695,128841.825811866,354.167633469042,368.918122872259,128103.69061522,261.97272555322,268.928201833434,,,,129716.90625,681.75,606.4296875,,,,128889.203216011,413.380592289977,404.109325087906,128794.070865311,166.207942273832,189.357319263188
456696,128869.290531222,358.517061893333,378.230437364342,128185.302706191,264.832325263953,268.939053592592,,,,129781.93575,680.821750000017,610.281549999985,,,,128906.016603291,421.010925017676,413.782711012245,128808.006403908,166.756372588003,187.252843854119
456697,128896.059046953,365.050571857471,388.025913320598,128267.911091204,260.631287260971,267.13121629633,,,,129844.636875,682.221875000003,612.663375000004,,,,128920.628160306,429.163484747492,415.677447207927,128821.809586632,168.067100442335,192.488067459548
456698,128921.618507796,372.817407352064,399.574906097871,128350.369041531,258.963000042888,265.659000739091,,,,129906.924,684.036000000007,614.754399999976,,,,128937.128002691,431.473456895939,417.552398065061,128835.957497061,169.66410381232,198.099710460679
456699,128946.631338327,386.533795125972,409.184488497107,128432.947729506,258.04444197331,265.798216911775,,,,129971.66575,683.395499999999,618.855499999991,,,,128951.149284797,438.469097557827,418.020544407002,128850.82160873,171.161393134724,203.787491833369
456700,128969.802865614,394.55378932826,411.658350554731,128514.433969146,256.980229168315,263.496929984627,,,,130034.42875,684.733749999999,621.586250000022,,,,128965.960273878,435.411081152153,419.663281494912,128866.350955011,172.533108691918,209.661930012328
456701,128991.908201839,412.410457570266,419.486118238026,128596.660927731,256.076339667823,263.195507613098,,,,130105.2575,678.209224999999,632.382750000004,,,,128981.82964631,431.743073617938,419.002695209347,128882.388959231,173.843423227561,215.823958045308
456702,129017.892487061,426.49593790037,433.726082079782,128678.362788801,255.415167990141,264.242048590531,,,,130179.29,673.07699999999,644.967449999996,,,,128997.402590866,433.614168708213,417.658880228497,128898.779044721,175.156509485387,222.374508980021
456703,129027.765172978,422.990128598904,422.222185987805,128760.016394637,255.175480874299,263.357705270828,,,,130246.08275,676.372500000012,648.847449999987,,,,129012.009534769,429.894164706566,418.511547307513,128915.36463481,176.536540209097,229.414515864177
456704,129041.722719977,415.38177659543,412.621877158774,128841.726506804,253.718477932809,261.874929038488,,,,130310.30575,679.870525000006,655.403575000004,,,,129024.430748556,427.270881830962,415.240944564212,128931.989152825,178.047688142382,237.044911745514
456705,129056.512928754,405.904669375363,400.067501513098,128923.213114733,254.721303357917,261.468754667396,,,,130375.151875,682.925499999983,657.506750000015,,,,129038.98286334,423.952329419801,412.756766606588,128948.496022097,179.754126028958,245.366629671727
456706,129071.965518427,398.243742179009,397.111869190237,129004.709428898,256.174580123246,262.77009691218,,,,130439.695,693.544800000003,662.024399999995,,,,129053.152396138,421.043902039833,411.576215793553,128964.728665954,181.720026612529,254.480602690557
456707,129084.944258924,392.628144438873,386.057679850754,129087.610883953,254.34987600155,265.142081558544,,,,130502.367875,698.882962500007,663.799437499998,,,,129066.415510699,420.375885313144,408.95071056734,128980.597893121,183.970989408655,264.423102749264
456708,129099.452995333,384.795144932126,381.244489777149,129169.686356704,253.808969569218,266.185096587942,,,,130567.5035,701.333475000007,670.614124999993,,,,129079.414892134,416.651082554366,402.19926514184,128996.284053902,186.378321020253,274.971757393403
456709,129114.398245859,379.888965910999,373.439250529569,129252.007527937,253.199806440563,267.314633351853,,,,130632.283125,704.139987500006,676.032800000015,,,,129092.787345274,410.592211646552,402.976813685164,129012.034883996,188.774754822138,285.839533068036
456710,129128.668067645,374.77033414226,363.075556273136,129333.966528478,252.080361418455,267.281136511825,,,,130696.395,709.157999999981,678.251500000013,,,,129104.830120385,407.47453466701,402.898032466692,129028.098119103,190.993024189098,296.739396218312
456711,129143.27592298,370.582445884444,360.258647014183,129416.238708345,252.208932867725,268.505497988255,,,,130760.721125,713.891425000009,680.974912499994,,,,129116.71149554,403.22664132675,402.212307993934,129044.721494922,192.865862495906,307.384313289265
456712,129157.48080523,365.223010978807,356.387028437399,129498.399271002,253.294908584445,268.761740562535,,,,130824.748,717.305049999995,682.974524999983,,,,129128.827075335,401.201051346754,398.380603223588,129062.152747153,194.22600311735,317.487250726059
456713,129169.458894664,366.599905290568,352.707604889205,129580.584044713,253.939213461752,269.442844154823,,,,130888.95225,720.418074999994,686.357337499998,,,,129141.735096258,396.202292767819,395.476845886325,129080.639611495,194.906179428261,326.761174973741
456714,129181.925996702,366.599779690296,345.7153159265,129662.522963345,254.451378737955,269.122028162019,,,,130953.974,724.27919999999,692.305399999997,,,,129155.379719102,390.805837992564,393.009640082382,129100.429823648,194.739124803367,334.919052477431
456715,129194.921328383,369.773796337497,343.611931078631,129744.634194263,252.381500912059,268.029957658975,,,,131018.99125,729.492874999982,696.550687499999,,,,129168.323067114,385.792283674178,388.727349111781,129121.571272481,193.716074863085,341.847676027479
456716,129212.327651101,366.021542532908,347.230695358609,129827.222742368,251.666026462452,269.216914177392,,,,131081.5705,737.144550000026,699.315174999996,,,,129180.198201686,382.347899606611,389.371336099968,129143.312459538,192.462274210106,348.129143795231
456717,129225.546615083,364.493306668635,347.5858960927,129908.941708949,251.53170167841,267.778232388882,,,,131144.296,742.604775000014,702.089024999979,,,,129191.520970227,380.481687979162,389.084227596992,129164.702039533,191.76146969269,354.519380297366
456718,129238.228064559,368.555296780964,341.504282203867,129989.202342215,253.950639948816,265.719271779803,,,,131208.9795,746.410499999998,706.250249999997,,,,129203.205314085,381.661802069124,388.261362581194,129184.788667182,192.397408159159,361.774310050489
456719,129254.206230547,368.715474602315,345.651943205201,130071.420428166,253.650698789483,265.161066379413,,,,131274.3535,746.470687499997,712.23057499998,,,,129216.640155595,375.474980894593,385.04456917863,129202.620997198,195.153836457786,370.649857571232
456720,129269.526459859,367.940391943455,345.91047845273,130153.2024539,254.313929268479,265.673336428852,,,,131340.21875,746.923749999987,718.704375000001,,,,129230.023000642,375.022839291138,385.694012058157,129210.907589722,207.154596010121,375.561852802959
456721,129283.566563243,377.536502632996,346.186104246168,130236.371940239,253.655578840509,266.313348626034,,,,131404.767,752.790212499996,723.43786250001,,,,129246.064849609,370.471544513202,390.719092792191,129216.142439169,221.738093964523,380.796702249572
456722,129297.229106145,381.240821832165,347.114708034875,130319.585096972,252.578433697345,266.93814594888,,,,131467.382,762.169300000009,725.511499999993,,,,129260.33672302,372.123868742827,390.352802243389,129218.82312187,238.239155550953,383.477384951228
456723,129312.042020028,384.278513396072,353.46869208524,130401.490458621,253.41261972209,266.135322457892,,,,131532.7695,769.559400000027,725.971499999985,,,,129271.547376657,380.227970646156,391.9755473447,129218.943532541,256.558883345177,383.597795621667
456724,129328.602044331,393.286842887595,359.226250705309,130482.94098913,255.989110580485,264.907285592402,,,,131598.51875,777.803749999992,731.854099999997,,,,129286.050437637,384.210367848631,388.837998868083,129219.063943211,274.282385513216,383.718206292106
456725,129341.153508687,395.860153786198,360.249446550923,130564.929811939,256.224265792494,265.811067517367,,,,131663.203125,783.965625000012,735.177999999985,,,,129300.744001545,387.55303915996,389.71360864662,129219.184353882,291.61763797926,383.838616962545
456726,129355.569786948,405.95612953759,365.848054991555,130647.459182103,256.474073916426,265.891432225631,,,,131726.2085,791.806500000006,735.569050000006,,,,129316.261605644,393.4167896133,389.448356132343,129219.304764552,308.772616667498,383.959027632984
456727,129369.026928916,415.60267331604,369.901267238107,130729.260155507,258.299995639856,265.701342480243,,,,131790.546375,798.34963750001,737.252237499983,,,,129331.503575397,400.00754604215,393.05969746715,129219.425175222,325.955297502122,384.079438303423
456728,129384.823592303,423.209316135806,376.346345059792,130810.139497424,260.044034713239,263.29408324197,,,,131854.88425,804.918425000011,739.132824999979,,,,129346.323438196,411.561133900177,389.52650857986,129219.545585893,343.37365640729,384.199848973876
456729,129397.139755272,430.054404017981,379.630871162983,130893.051254533,259.881013709222,263.868159625854,,,,131918.278625,812.430712500005,742.290299999993,,,,129362.166265487,423.704667410319,398.075218682585,129219.665996563,361.235669307251,384.320259644315
456730,129411.3111509,436.258092899123,386.97482478444,130975.255355158,260.391660035675,265.021272608239,,,,131982.66,818.889999999985,748.111999999994,,,,129379.380371131,434.119745669799,406.442157604761,129223.858993563,375.676725797137,388.513256643782
456731,129425.069635857,447.934993398507,394.395462265384,131056.753672267,259.925339563255,266.627869449469,,,,132046.615,825.759375000023,748.768487499969,,,,129397.763938513,442.483800097223,412.578213239176,129232.173010862,387.136783056761,384.170591621922
456732,129439.613581423,457.167080048879,401.73458136656,131138.040498338,261.633183458645,265.976445335487,,,,132110.48575,832.713000000018,752.6103,,,,129416.287981096,453.488834518284,419.912749641342,129256.554943469,385.278998133363,382.52014700789
456733,129452.315432072,466.775617449355,408.924761677859,131220.886731837,262.606515287858,267.233175096975,,,,132177.01775,837.005375000008,758.311424999993,,,,129435.238141203,472.773508245809,426.676556153616,129290.638794472,378.35983522037,380.256172482565
456734,129466.697424853,480.987644302877,416.594037428426,131302.39926284,263.183150700352,269.560007396576,,,,132240.338,845.829549999995,759.769800000009,,,,129455.701681472,490.761431678708,434.465618487462,129333.655371068,369.038954401782,379.669721836282
456735,129555.025242042,474.127017893203,406.731522728995,131384.326237304,261.611505727022,268.60498926806,,,,132303.39,852.281874999986,762.620750000031,,,,129479.49716116,507.208296387384,444.177053526917,129385.741218185,359.070278031766,383.957586589167
456736,129640.250200064,467.628549380563,398.346230966708,131465.989024934,262.543973784224,267.803877079336,,,,132366.1365,860.80575,762.703800000018,,,,129510.730026221,518.537957791879,457.31689958919,129447.032880751,350.207728464389,394.639867541482
456737,129727.866233018,475.002988411856,409.841976891825,131548.125007302,263.878177945793,268.763586348621,,,,132430.883375,866.680725000013,764.787224999978,,,,129546.766986903,525.597938166626,467.560275578653,129517.666903693,344.20522805379,371.259584823478
456738,129815.983347215,482.073725798444,414.391034429616,131630.176011731,265.126195263292,269.222690676048,,,,132496.721,871.685399999988,767.904999999999,,,,129586.160834558,533.725869536138,469.792820860879,129597.779831938,342.816699154078,378.818912907082
456739,129907.902744316,487.203745471168,428.570183890246,131712.337627758,265.970113883755,271.298933349462,,,,132561.343125,877.905575000012,771.003924999997,,,,129633.444006858,542.351807600062,482.832441886683,129687.33480736,347.261758337147,433.861230813578
456740,129991.913261634,502.048466906926,436.976179045334,131794.259159621,265.462553396937,273.540162901365,,,,132624.8275,885.263499999972,774.021500000003,,,,129685.983997132,543.48666973201,489.306498886988,129785.601359615,356.622799045901,505.497479849073
456741,130085.622164961,513.92715641082,455.821392120051,131875.924728327,266.630281032849,273.94323726985,,,,132690.336625,892.728712500015,778.969124999974,,,,129743.317189232,550.140445687997,502.494086690771,129891.675615303,369.447908941002,592.660109662596
456742,130177.42446479,526.106828620468,494.445130097607,131958.140782606,266.898011208279,275.208247024595,,,,132750.594,907.002000000008,778.534000000014,,,,129807.400261194,564.136540372041,513.840053515523,130004.653701028,384.285175683122,694.281569903134
456743,130268.429979828,541.100142396666,525.85229102106,132040.741487359,267.624171886098,277.528434364125,,,,132812.90425,919.33474999998,780.151750000019,,,,129873.964422512,570.856294268131,520.925221572194,130123.63174339,399.682686932938,809.294310219688
456744,130354.244963482,575.934241708761,546.868960519976,132122.796882572,269.462850135053,278.030605411652,,,,132877.833,929.048999999999,786.289424999995,,,,129946.70023487,589.070540987654,542.616265477569,130247.705868991,414.188530351108,933.36843582071
456745,130445.551616383,601.223761784437,588.394527516197,132203.523540177,272.294616660394,277.38257149572,,,,132944.396875,937.128124999988,792.252187500009,,,,130020.566278964,606.164766443209,566.98837721473,130375.972204433,426.350793598293,1061.63477126243
456746,130532.289901065,640.10340447897,626.682577690706,132284.911428858,274.676814537321,278.259732385923,,,,133007.188,948.979999999981,796.448800000013,,,,130101.58003504,619.293146505312,583.489903321155,130507.526876317,434.71756433518,1193.18944314646
456747,130619.803079215,676.320440418378,663.508748416178,132367.21388308,274.801277982566,281.274332612258,,,,133070.136625,958.573299999989,796.778062500001,,,,130184.464575737,637.886446461009,609.02642185548,130641.531832305,438.211413085126,1327.19439913447
456748,130710.355093757,710.618208003638,699.522438111409,132449.401024787,275.877371646086,281.77377950793,,,,133134.30075,963.280700000003,802.924624999985,,,,130267.548325134,666.336815272531,632.794619800741,130777.412304298,437.25284182225,1463.07487112831
456749,130792.299178676,744.76890372076,733.452459517794,132531.560325098,277.678809276869,283.515095128736,,,,133197.690125,968.76284999997,808.296437500016,,,,130360.010196954,685.672711020612,669.039828552224,130914.65934526,432.636835383382,1600.32191208984
456750,130881.064838748,781.436920998007,775.306405274852,132613.671287221,278.986782481632,285.189892702561,,,,133261.305,974.019500000024,813.893749999988,,,,130448.500646999,723.94211725847,712.016654406558,131052.764008151,425.158378605382,1738.42657498096
456751,130970.534396055,814.982016573937,818.341545018004,132696.107865064,279.800053857121,287.763480238238,,,,133324.93075,981.735512500018,819.288574999984,,,,130536.946359676,771.462488804566,747.979215097468,131191.217345934,415.612456325034,1870.31359223355
456752,131052.076275749,864.740041490004,859.470666331123,132777.720328797,282.030107496626,289.530344891013,,,,133388.4895,989.570775000029,820.353349999961,,,,130634.723968464,822.084716449026,790.670790475968,131329.51041157,404.794053379184,1980.49664900816
456753,131138.962127667,906.304352423962,887.630050431835,132859.857497947,284.212743846991,292.140611681825,,,,133451.3305,998.123787499993,820.490350000007,,,,130730.146561815,881.748344035761,832.087113868358,131467.134258021,393.498154604691,2062.81073747479
456754,131229.087131865,942.589432222303,931.431891016255,132941.695106353,286.230242425838,294.253132268088,,,,133515.9,1004.94829999999,825.852799999993,,,,130826.279013127,932.798168591544,869.297404268975,131603.579938249,382.519744838355,2039.80484485248
456755,131318.906016148,981.387797983713,962.784002999018,133023.542272032,289.763918467594,294.94730853138,,,,133581.03,1011.538875,831.455124999979,,,,130922.312646648,986.413238616209,909.891153568125,131738.438956644,372.550752870477,1926.13006639335
456756,131412.280248878,1017.68613343878,1001.86241151215,133104.598897501,292.295317038515,296.447476368718,,,,133644.442,1023.59995,835.400949999981,,,,131028.226078792,1034.50705178815,954.868046816206,131871.704623306,363.870883305324,1751.45255535781
456757,131498.02439347,1057.23257242239,1053.98633062028,133187.309354138,292.689240458218,300.572288466064,,,,133706.939,1036.57602500002,838.695299999992,,,,131126.555811922,1103.43736619741,995.668571676564,132003.470699764,356.656784700608,1533.48043384441
456758,131584.706180696,1102.70564935787,1087.2522523072,133269.526929963,295.831199425855,302.475759508234,,,,133769.436,1049.5521,842.017200000031,,,,131230.528040769,1172.61783254435,1038.61079151407,132133.830947546,351.085105614067,1289.92182395165
456759,131677.621162946,1151.86654346067,1129.77399719336,133350.917212039,299.51206611903,304.093186104728,,,,133831.933,1062.52817499998,845.315574999986,,,,131349.397982984,1209.47855805431,1096.76800604336,132262.879128179,347.332494603441,1038.48484777808
456760,131767.537771013,1203.48718322485,1181.68554002393,133432.765478412,300.123674624512,305.277538645401,,,,133894.43,1073.06075,848.458249999967,,,,131454.404977992,1277.47620685719,1135.35717741534,132390.709003193,345.575600226468,796.877627422247
456761,131854.176462143,1249.9391527719,1232.95027574149,133514.363858283,300.813519530988,306.657533860154,,,,133956.927,1082.798175,851.600925000006,,,,131571.455176362,1337.37141147465,1190.59779465207,132517.414334116,345.991071040859,582.80828498269
456762,131942.423167675,1300.21561537369,1280.68087428529,133597.602618177,300.17585092067,309.677909098245,,,,134019.424,1092.34319999997,854.743599999987,,,,131684.564889315,1395.09547768472,1242.22676668348,132643.088882476,348.755555604323,413.98494255793
456763,132032.362145571,1350.96609924213,1332.7503292574,133680.998740395,300.990337766561,313.789935962152,,,,134081.921,1103.77995,857.504225000012,,,,131794.233197329,1447.40430076112,1294.28884201738,132767.829926028,353.951698093821,303.507730889483
456764,132121.456023424,1403.91846378945,1375.41345916077,133763.029189258,303.138276371174,316.967861012963,,,,134144.418,1110.80300000001,859.297224999958,,,,131904.111531331,1499.52459101938,1357.350725061,132891.748807441,361.286125162762,246.044815290894
456765,132204.924197226,1456.97636597455,1412.74823790019,133845.839911459,304.52334032295,320.446009840642,,,,134206.915,1117.1525,863.646437500021,,,,132014.590770938,1550.03773397044,1410.83166442587,133014.960385609,370.371459083923,231.656369718636
456766,132293.414833216,1506.18572203771,1455.07145667769,133928.430427395,306.179257148877,322.444215648487,,,,134269.412,1123.50200000001,867.611349999992,,,,132130.66839207,1584.79404582153,1473.39924499515,133137.579519427,380.820322129905,250.402568129182
456767,132383.441782136,1546.54233708026,1514.24990198169,134010.399372548,308.270176478516,323.063528427068,,,,134331.909,1129.85150000002,870.897887500003,,,,132249.821636027,1628.39266570203,1534.74931870917,133259.72106779,392.245336573396,292.343584479095
456768,132471.021586704,1591.93843656711,1557.32392051876,134092.050019344,309.259876749857,323.47176607704,,,,134394.406,1136.201,874.184425000014,,,,132365.780437365,1658.87267984884,1587.17984659848,133381.499889593,404.259124687058,347.539592724817
456769,132559.414584691,1643.64703421333,1597.54070456243,134173.737407806,311.761846688139,323.635766558436,,,,134456.903,1142.55049999998,878.295175000007,,,,132479.923158029,1700.78451455431,1646.75882355688,133503.03084373,416.474308743578,406.050766822853
456770,132639.557443754,1697.95637762948,1639.83430272051,134252.737762617,312.925494471332,325.811482204765,,,,134516.90012,1150.56317550002,881.154572500003,,,,132588.481742344,1746.89481819616,1693.33015506514,133619.573984262,428.030773041217,456.113698827015
456771,132731.575884512,1751.5944895577,1681.95477971964,134338.399744733,314.988093193417,328.107037852809,,,,134581.897,1161.20561249997,883.818462499999,,,,132712.396096802,1773.58428133893,1758.5290927829,133745.800798325,440.040908334166,495.368125665729
456772,132818.30034479,1803.25022170547,1727.11402368269,134420.63325742,317.139788157627,330.945635563403,,,,134644.394,1171.43872499999,886.981300000014,,,,132826.621853701,1801.27022301796,1809.48230701066,133867.222798981,451.106895763485,518.947561906505
456773,132901.544706679,1860.47134912494,1769.03309089391,134502.820320629,319.816326325235,333.571637085639,,,,134706.891,1181.67183750001,890.191162500007,,,,132936.460895387,1826.60999964562,1860.07575116135,133988.762932368,461.803422926198,531.388666991435
456774,132992.306489127,1897.97994971427,1821.08563871332,134584.227069512,322.98680654398,335.585206776188,,,,134769.388,1191.90495,891.871950000001,,,,133048.705791823,1839.83468957018,1915.84673429583,134110.489339791,472.232439444866,535.404518460011
456775,133134.671238762,1878.65513373949,1775.3328001787,134666.619386205,324.918474456557,338.506653490913,,,,134831.885,1202.13806249999,896.426124999998,,,,133162.429966171,1840.13051159255,1957.67540067731,134232.470162553,482.495894942112,533.708193851577
456776,133292.150185506,1836.49037978365,1736.36776521688,134747.96673007,327.676810789912,338.77695230121,,,,134894.382,1212.19407499998,898.343575000006,,,,133284.3160956,1849.88306236299,2001.07845381927,134354.773541958,492.69573904053,529.012770705682
456777,133457.278158732,1787.8123883665,1691.61025335651,134829.838217247,330.175816809497,340.219587520609,,,,134956.879,1222.10933750001,901.590075000015,,,,133398.520463997,1871.08098386147,2016.67291255936,134477.467619309,502.93392136271,524.031326561671
456778,133604.677396966,1744.23487831707,1641.6203138305,134911.046359637,333.398481315409,340.566076216666,,,,135019.376,1231.96340000001,905.810800000007,,,,133520.981699156,1878.67732891295,2039.16961978492,134600.620535909,513.312391531217,521.476938959007
456779,133764.235253335,1699.61105484117,1612.51710704438,134991.438161399,337.307324842142,339.267371502152,,,,135081.873,1237.92788749997,909.187449999998,,,,133645.990094269,1873.84616880419,2070.35627260135,134724.26565713,523.908377091197,523.464404478349
456780,133916.90015489,1660.02605851882,1574.06051842234,135073.335940025,339.749992823869,341.658019070601,,,,135144.37,1244.633375,911.513875000004,,,,133769.967454661,1868.51717794259,2095.93080156739,134848.297244612,534.700217277801,529.715395865293
456781,134072.863971214,1618.08301915487,1546.58212016316,135155.457714852,341.941423816606,343.346655819856,,,,135206.867,1254.41496249998,916.032237500011,,,,133890.256591742,1861.16554814178,2100.47823167965,134972.574784063,545.64152924862,539.35330490669
456782,134223.967483448,1582.19782473179,1516.17725774113,135237.509091308,344.203253179847,347.23369986366,,,,135269.364,1264.19654999999,919.355850000022,,,,134019.121860052,1850.64962670338,2119.23012087311,135096.957761191,556.685930161359,551.501523389335
456783,134386.370384768,1536.1454046992,1485.51720294365,135319.61244432,346.413105986838,349.552317198802,,,,135331.861,1273.9781375,922.679462499975,,,,134140.786478713,1850.08551734177,2123.28232777311,135221.305661703,567.787037173694,565.283443100052
456784,134538.596274853,1492.47405486667,1448.33032503861,135401.22662144,349.112134685623,352.256349207455,,,,135394.358,1283.75972500001,925.971850000002,,,,134270.054599938,1841.59545339394,2133.54099691819,135345.477971308,578.898467443185,579.822455825692
456785,134696.528270401,1468.72633679656,1419.31353049594,135482.687917721,351.82704463249,353.019127179374,,,,135456.855,1293.54131249999,929.239750000008,,,,134398.672900113,1836.61914815448,2132.89473625278,135469.334175714,589.973838127538,594.241953353107
456786,134858.529121015,1438.05134003004,1405.13075672058,135564.897700899,352.631278605229,355.321989330667,,,,135519.352,1303.3229,932.49040000001,,,,134527.756590545,1830.67263448771,2120.63452895015,135592.733760628,600.966766384401,607.665327469062
456787,135017.925504724,1417.98693255294,1390.65592024228,135646.992459732,355.894877052546,356.563589783211,,,,135581.849,1313.0448375,935.726287500001,,,,134666.652885887,1808.7091137222,2115.88266148596,135715.574419675,611.842740275839,619.414700753463
456788,135178.46151972,1394.53361042173,1368.8709610675,135728.698582579,359.263920537051,358.437755096471,,,,135644.346,1322.68997499999,939.575425000017,,,,134806.431497939,1805.35462351335,2103.80203811562,135837.906678145,622.614731481648,629.607118958171
456789,135331.381494843,1384.10217881837,1350.39946289931,135809.602384986,363.2378552749,359.58001099134,,,,135706.843,1332.33511249998,945.072574999998,,,,134944.135584755,1800.49486980285,2086.88373618628,135959.819269244,633.307582585985,638.558358628274
456790,135487.848026205,1377.58737281151,1340.84084170699,135892.518026482,365.711886345234,363.268187168491,,,,135769.34,1341.98025000002,948.232250000001,,,,135083.511970426,1800.21805741134,2060.67191157932,136081.400926179,643.946136173094,646.584196308599
456791,135643.160543064,1386.56544416712,1338.33300894059,135973.754464095,370.395893928828,364.473909211258,,,,135831.837,1351.62538750001,949.713987499999,,,,135232.980070713,1774.16384857858,2040.51378642872,136202.740382156,654.55523482713,654.000408544176
456792,135798.172781732,1364.87812084481,1315.41778904299,136055.484875514,373.880816372606,366.496439895214,,,,135895.23725,1358.28872499999,952.564475000021,,,,135372.664276681,1751.52590347853,2007.38862097202,136323.926370383,665.15972113231,661.122771879949
456793,135954.407408512,1344.57186638788,1306.96826692007,136137.949388749,376.212421760341,368.97464401921,,,,135958.69975,1364.83528749997,958.946075000014,,,,135517.628304017,1732.8066039086,1976.87898551568,136445.047624065,675.784437672817,668.267062860861
456794,136116.721579301,1347.30570990511,1323.28532373277,136218.252476932,381.062860356091,369.387906868913,,,,136023.62,1369.82079999999,965.911599999992,,,,135658.255362235,1728.21188681046,1946.82199995601,136566.192876409,686.454227032867,675.749058031914
456795,136272.890850533,1326.52283097315,1304.02578930522,136300.467658779,383.932003024674,373.313485159422,,,,136086.9625,1376.3840625,970.407812499994,,,,135819.324479067,1709.56862964368,1915.04738922967,136687.430904445,697.192734864308,683.812825257308
456796,136412.410248289,1306.44132589389,1306.87146662897,136376.701101189,385.205200766271,376.471530422568,,,,136145.27864,1382.38122400001,972.529719999991,,,,135959.694975782,1701.1149157192,1883.40560122169,136799.042802621,707.149093588698,691.710236621584
456797,136424.695567413,1302.52755917108,1304.59498122061,136383.29516009,385.281264273101,376.72899164632,,,,136150.39825,1382.85407500001,972.762875000015,,,,135970.15590939,1704.31828319957,1878.6341122837,136808.750660493,708.018819089659,692.415597678599
456798,136581.830485231,1292.41455795246,1297.32801347962,136465.611481363,386.34147309541,381.278076939052,,,,136214.4525,1388.70558749998,975.736437500018,,,,136125.913827311,1691.67072003102,1837.09430388911,136930.121140697,718.950140699104,701.442899756483
456799,136737.324927103,1296.3826923639,1306.77884216773,136547.583371049,391.042823839583,385.258166770684,,,,136279.8755,1393.18835000001,983.42180000004,,,,136280.147114769,1676.48627650883,1789.90754849644,137051.5113412,730.004360682826,710.780255951802
456800,136896.641565659,1298.15614760626,1326.78850206043,136629.77623359,394.107494602737,388.076873803191,,,,136343.1955,1399.77411250002,987.494224999973,,,,136432.338656023,1650.20486287551,1755.41954159399,137172.890258146,741.199140031065,720.313190725283
456801,137058.96952701,1286.05544482876,1336.27649962393,136711.246900502,398.131761189929,389.637332074024,,,,136405.585,1407.29037500001,990.175749999995,,,,136587.544338909,1637.7756906313,1728.97866368224,137294.22688768,752.552139733918,729.927228537766
456802,137222.864652849,1298.43369943625,1335.11822079335,136793.9399053,400.40773245864,392.376911495347,,,,136468.025,1414.75613749999,995.058149999997,,,,136749.079946835,1640.43520978026,1693.66961924985,137415.490225943,764.081020781654,739.507893850008
456803,137378.919423919,1317.82848136016,1342.24408986521,136875.163429291,403.971405464341,395.127570965153,,,,136531.196,1421.6771,999.617000000027,,,,136904.645653255,1613.14689593404,1649.30532547357,137536.649269081,775.803444164398,748.940711122792
456804,137545.912699719,1317.31454421708,1376.33151792438,136956.306421687,407.987433586066,397.087162163923,,,,136594.575,1430.28483749999,1004.758375,,,,137061.031869238,1600.40599603145,1605.83034643892,137657.695355656,787.713579929405,758.15165666517
456805,137690.551616581,1331.55336362991,1403.05213109992,137037.840464852,413.241288421879,398.606446518737,,,,136659.313,1437.53357500001,1009.81424999997,,,,137226.065967498,1585.81388560362,1562.60754980199,137778.709193915,799.711634352017,767.228514179384
456806,137847.808626536,1358.59619363651,1424.77682471834,137119.921444582,413.843811763858,401.740865691332,,,,136724.66125,1442.64374999999,1016.91256250002,,,,137382.860156901,1611.27237120701,1530.4415300141,137899.793834522,811.674322764622,776.299519215972
456807,137999.34316868,1399.51027708483,1449.06761291623,137201.315429272,416.478174419666,403.54296476944,,,,136788.2355,1449.0325,1022.53200000001,,,,137551.24768037,1614.29899318135,1515.04878951533,138021.052328143,823.478360499634,785.492907325388
456808,138155.300314113,1399.44084226814,1470.82009130149,137284.258983108,418.096055790491,407.710873357631,,,,136853.164375,1454.06662500001,1026.96424999999,,,,137723.449618975,1598.88629552635,1508.568614936,138142.587725443,835.000462889438,794.936914058169
456809,138311.726180786,1421.86843987415,1479.83540066768,137368.023730564,418.562654660258,412.563631194091,,,,136918.22625,1458.96775000001,1031.5295,,,,137900.144418355,1570.73370683953,1511.56077526099,138264.503077089,846.117345266393,804.759774964914
456810,138465.788115996,1464.87991533524,1511.67432651421,137451.011628808,419.46393516002,417.043598586984,,,,136983.288125,1463.86887499999,1037.24971249999,,,,138059.82632444,1574.73732267987,1475.95559166319,138386.901433745,856.705722962943,815.089725596074
456811,138626.096141748,1470.92227979202,1543.84378951078,137533.325627175,421.4540538945,421.570647704328,,,,137048.4,1468.72,1043.579,,,,138242.194881244,1553.62847830713,1481.0333986406,138509.885846077,866.642311311443,826.055001502129
456812,138782.905779979,1513.99832290996,1565.31608195294,137615.787935456,424.28995217607,425.406267666083,,,,137113.62875,1473.45424999998,1049.39358750003,,,,138427.853044867,1577.62062635223,1474.74929613539,138633.513746305,875.853958188847,837.733766781457
456813,138941.251691484,1540.4893497818,1594.98006483022,137698.616224989,424.598944993922,429.21035619406,,,,137177.612,1479.43400000001,1053.42225,,,,138615.930485019,1555.07723141066,1490.74060200967,138757.660092869,884.468041650427,850.003899723379
456814,139108.16918377,1559.14284844097,1635.99726502949,137779.873579294,426.876989016775,431.736530056747,,,,137241.524125,1485.48487500002,1056.4836375,,,,138798.734427266,1547.83816779827,1504.26238464509,138882.154225763,892.662072295934,862.693207165197
456815,139260.360841231,1575.4762985846,1657.21688951901,137862.176573734,430.768517078861,435.35363443289,,,,137305.9045,1491.0675,1062.00684999998,,,,138971.679115528,1592.62114582214,1513.05036668613,139006.825484981,900.613560725178,875.629495944071
456816,139412.247411718,1610.11295338365,1698.31123020934,137944.359370931,432.643374557258,438.850541566033,,,,137370.916875,1496.018125,1067.44543749999,,,,139164.315052153,1606.90529556558,1530.83194997176,139131.503210519,908.500017537968,888.640572897188
456817,139568.719305237,1639.13261170694,1719.68810964967,138026.554618341,434.956556919613,441.690435861005,,,,137435.32175,1501.57625000001,1073.51854999998,,,,139361.862508796,1603.2626143544,1584.33590254094,139256.016742369,916.498953334056,901.554244861793
456818,139733.761519963,1663.34441386088,1758.73724263176,138109.289626752,437.403184351657,443.78467076653,,,,137500.030375,1506.83062500003,1079.72777499998,,,,139553.954180284,1621.38109320862,1633.84932370589,139380.195420526,924.787878713309,914.198318675015
456819,139899.098908913,1688.49147979904,1792.07390806178,138190.923823054,439.212940990314,444.555989699671,,,,137564.42,1512.40400000001,1085.35159999999,,,,139738.927024298,1678.8210410983,1688.1267832969,139503.868584985,933.544304275478,926.4006011741
456820,140065.633964505,1711.6755428164,1842.58913277867,138272.664381682,441.123858601757,445.722756520874,,,,137627.6475,1519.13949999999,1089.81329999998,,,,139915.09526338,1749.73330293156,1739.6971370567,139626.911364332,942.898862956412,938.026051840192
456821,140223.985932236,1743.75060093205,1878.61480673839,138354.725928014,441.520132883539,447.05908573707,,,,137691.0,1525.75,1094.35625000001,,,,140106.551377363,1786.51793485865,1779.50854613353,139749.38204152,952.794677035999,949.088240730314
456822,140393.620422745,1758.85529183902,1937.82184819074,138437.554218187,441.451094540826,450.460538189625,,,,137755.943375,1530.76962499999,1100.478275,,,,140313.625333022,1842.70419749425,1835.24043011892,139871.384688093,963.127991130314,959.637890545418
456823,73035.4036368724,825.384991493193,942.10791692826,,,,72229.5,1053.5,3409.25,73020.8,683.049999999988,912.830000000002,,,,73043.4943801952,797.111144657902,931.509785787552,72688.4857029981,333.560150421094,338.365995439046
456824,73336.2338877178,615.984180232423,682.315096526159,,,,73304.5,550.574999999997,588.674999999988,73361.1326,500.381079999992,651.411879999985,,,,73328.4118905053,573.760858751222,647.054642317555,73156.6099434499,269.166844046515,294.988265194916
456825,73638.7496493332,421.248780397378,444.140739191193,,,,73616.5,434.549999999988,607.574999999997,73702.8528,394.818320000006,435.581999999995,,,,73612.3852652263,411.946171400923,437.85106144569,73620.8970055528,207.973227574766,236.2033101665
456826,73952.0861909301,338.178124837897,326.119690288557,,,,73921.0,313.049999999988,601.375,74040.7778,410.238999999987,333.948200000013,,,,73941.3364512257,335.537221433769,368.401162983151,74080.5971776629,184.568514273706,188.224902094749
456827,74349.2161957888,324.156677022998,313.63850538127,,,,74382.0,733.375,342.025000000009,74391.9648,563.677200000006,374.857159999985,,,,74326.2224463967,360.798409067298,379.633854859698,74540.7788275995,148.858926096771,164.853479340862
456828,74842.7051965088,233.152352629564,236.708548174778,,,,74798.0,693.0,531.275000000009,74704.6195,475.571550000008,340.254149999993,,,,74933.3594309983,280.273926883106,310.71092511082,75001.1549685806,129.575143882423,151.278603621788
456829,75425.677286809,202.045652638248,211.869580680665,,,,75316.5,417.550000000003,849.550000000003,75062.0172,452.722769999993,363.491630000004,,,,75621.5477529403,231.902361643326,261.493279912291,75529.6572328424,129.347798952309,127.657969923923
456830,75844.2062249574,232.622704195441,255.562424555363,,,,75774.5,233.525000000009,868.524999999994,75365.7544,545.688919999986,446.641240000012,,,,75854.3241619708,238.598107367085,254.120951322257,75832.5573487768,81.9448561820027,63.2311797271395
456831,75872.6384240896,225.943130928572,229.672602815073,,,,75815.0,265.074999999997,769.074999999997,75658.4442,729.598760000008,568.162643999996,,,,75898.5547433944,230.590847535306,231.768435844438,75899.7368275109,14.7653774478531,-16.785412192723
456832,75902.4804888693,221.29912345545,224.60331533743,,,,75849.0,282.075000000012,679.050000000003,75749.2356,744.739129999987,508.85745000001,,,,75928.1887998259,224.348571635754,231.001904605117,75914.2386466836,0.263558275153628,-2.28359302002355
456833,75933.106217571,220.940783785059,227.370485229403,,,,75883.0,288.125,588.100000000006,75800.12449,731.196249000001,422.329339999997,,,,75946.440260241,236.202859134122,231.781667600968,75928.7404658563,-14.2382608975458,12.2182261526759
456834,75961.1933626928,232.613872274131,232.323022172073,,,,75911.0,335.074999999997,488.175000000003,75856.83609,706.81107700002,354.189536999998,,,,75964.8145351637,243.267364077503,230.188766191306,75943.242285029,0.241659277307917,18.2744458149391
456835,75992.6307713844,245.808230731069,246.163397893441,,,,75950.0,364.175000000003,351.0,75917.15992,691.064133000022,321.0870651,,,,75990.945179449,262.413641318228,237.159125218299,75946.2850161698,77.0909610409581,21.3171769557084
456836,76087.6667203564,255.436999936413,242.535283699777,,,,76116.0,678.349999999991,297.024999999994,76107.00355,605.970272000006,293.506895500002,,,,76023.6237384519,289.590215246018,252.642996646813,76026.9037688557,108.43933422082,87.5819405436196
456837,76232.7660968355,267.279204143764,276.63756636293,,,,76278.0,768.149999999994,358.0,76385.727,493.800875000001,392.688950000011,,,,76051.616776496,299.480874445537,261.442082086127,76203.5900430143,272.166038709853,131.846327115796
456838,76375.6713112911,309.806460028238,344.360855167572,,,,76420.5,811.774999999994,426.524999999994,76648.9116,487.020327500009,539.789101999981,,,,76090.536241152,298.741555254543,264.703515013287,76476.7818200587,838.784552237179,181.851413875294
456839,76520.0287891368,377.665121872007,428.293262281979,,,,76560.0,795.150000000009,497.150000000009,76888.939325,608.911172499982,675.539870000008,,,,76158.6055250687,298.373373210707,265.210938851262,76762.4664794451,721.99206109604,219.658416669859
456840,76651.882717481,453.225774868741,514.155018141348,,,,76691.5,792.824999999997,564.649999999994,77089.552825,624.553440000018,667.299849999996,,,,76267.6374561863,301.374892956897,293.486618614115,77016.1484701441,646.191568270209,259.883933446268
456841,76795.8150370868,549.235133643291,616.276554280761,,,,76836.5,769.675000000003,631.575000000012,77310.615375,487.341918500009,503.749479999999,,,,76453.2745683934,352.338404811569,368.648093678945,77279.6651148321,481.408596198686,279.96809431749
456842,76944.5210494438,629.836937501881,727.353111299657,,,,76984.0,736.074999999997,705.074999999997,77544.227485,360.57032150001,454.751529999994,,,,76719.4618276565,508.765359705896,556.610405900239,77525.880631473,337.387493587201,268.272926397694
456843,77088.1188396125,736.040600692417,840.560118299996,,,,77569.0,582.100000000006,888.024999999994,77789.646435,308.962635000004,516.375417999996,,,,77954.6705378941,362.844869635053,370.581091042142,77756.8855018112,222.479559017884,259.77966326171
456844,77491.9629968383,523.819517861935,595.583513579273,,,,78072.0,326.324999999997,614.175000000003,78038.325275,369.723037999996,536.507265000007,,,,78197.766025007,340.799126872545,306.9621465245,77928.5993367184,196.50212527976,207.658536510397
456845,77922.9760868006,372.790218518101,392.881601934365,,,,78211.0,322.400000000009,491.049999999988,78393.22965,353.41127500002,382.553899999984,,,,78275.736157201,383.210969566731,344.193463006755,78119.3581558687,206.475657661358,193.910228025925
456846,78320.5968097606,398.494663612146,350.565419030288,,,,78368.0,288.149999999994,345.200000000012,78724.8981,388.270965000018,367.121440499992,,,,78358.5981966874,418.365681676194,375.057842956943,78292.3397805775,269.796013775835,246.456566183013
456847,78802.6876633579,321.234984346156,283.410446057052,,,,78819.5,763.550000000003,429.574999999997,79090.487,431.573124999995,495.075297500007,,,,78701.8331672554,421.06746677382,371.112116006028,78466.7708163742,350.795102459699,311.345051377037
456848,79302.6486912511,214.627558372755,202.664704411582,,,,79258.5,579.600000000006,646.774999999994,79427.45765,494.607073000006,614.58891999998,,,,79328.1191776936,272.749378632638,256.160335689565,78670.1500278787,412.736198037179,405.030120170006
456849,79798.9558531727,180.359153853075,193.510444481697,,,,79697.0,347.099999999991,699.024999999994,79676.044825,358.553651000009,465.119489999983,,,,79894.662234795,224.606608179762,240.015283039858,78891.0968039385,283.918483396425,483.565028950325
456850,80102.9016063092,182.7010959404,184.828473516041,,,,80071.0,283.125,253.024999999994,79918.8402,265.791455000013,337.81607500001,,,,80123.9585084439,180.177282543402,182.986331355904,80024.5772618248,0.0,0.0
456851,80222.4485864707,166.159175749955,163.2185029104,,,,80199.0,278.175000000003,249.125,80149.3074,268.437119999988,271.859253000017,,,,80242.6035114827,172.374600246025,168.975384210411,80250.8439874402,0.0,0.0
456852,80338.4725224511,210.667655341167,197.14050267484,,,,80341.0,267.125,269.050000000003,80385.36675,357.245974999998,301.971875000003,,,,80340.5168965776,213.329314306611,203.105066872289,80477.1107130555,0.0,0.0
456853,80482.8801832349,228.570840912173,206.642094537106,,,,80584.0,480.100000000006,300.150000000009,80524.93093,316.391305000012,261.062904000006,,,,80448.3477314489,245.481830274308,242.068755364817,80703.3774386708,0.0,0.0
456854,80606.2339814249,236.861320052631,219.422247291513,,,,80691.0,595.300000000003,340.025000000009,80624.07925,315.810175000021,287.469105000011,,,,80496.1061897609,251.440619402201,255.183218903403,80854.2219224143,0.0,0.0
456855,80789.4606086241,273.186350535208,274.145336551752,,,,80840.5,703.699999999997,402.549999999988,80772.23357,357.676782500013,348.539023100006,,,,80554.3767024492,261.138376489849,250.141012162523,81080.4886480296,0.0,0.0
456856,81065.1278918614,386.451936474143,411.707394902784,,,,81093.5,661.574999999997,518.649999999994,80971.94,515.624499999991,471.596424999996,,,,80753.2979796116,257.174541022585,264.355723461063,81419.8887364526,0.0,0.0
456857,81279.5780557337,503.458753213636,532.179636262241,,,,81312.5,628.5,604.524999999994,81677.107575,328.07882499999,312.990295000011,,,,81113.4828550248,427.823221033759,446.81149144948,81683.8665830038,0.0,0.0
456858,81518.9279904643,479.556137845226,505.252131008951,,,,82126.0,311.024999999994,518.449999999997,82082.9536,241.09371999999,245.583455000015,,,,82199.9987304803,286.431441322187,292.693221974157,82008.303464886,86.1764653870778,234.777706607681
456859,82108.0570752496,298.807795230401,279.852849172472,,,,82355.0,277.0,335.074999999997,82473.11225,227.504300000001,210.47192500002,,,,82382.7747618936,314.813480240584,287.104234212457,82017.0604133985,455.279069050361,243.534655120238
456860,82631.9237810815,270.285673921084,279.252268846161,,,,82683.0,408.0,299.0,82819.0023,274.609714999984,234.998615000004,,,,82561.4758785774,327.398038722837,312.001783813204,82602.7409156715,222.702574137918,228.627181549498
456861,83246.3386761907,362.533034924942,357.930508822028,,,,83257.0,312.175000000003,419.074999999997,83270.40955,364.080650000018,335.660050000006,,,,83210.5330865653,399.979728133389,359.478976897793,83383.8650768234,144.848973709755,351.116411258961
456862,84057.2328396047,241.660310024075,254.536069017369,,,,84060.0,436.075000000012,494.224999999991,83593.22425,387.51105500001,353.491392499986,,,,84168.7235004011,268.783240028191,289.943713791799,84181.7435140268,167.497808076878,796.378584769031
456863,84743.2427593158,226.092140045905,255.377728834254,,,,84738.0,227.199999999997,295.225000000006,83841.09875,318.293659999996,295.0252225,,,,84763.2605716853,232.82282437972,257.515422643701,84785.7569843265,71.1998785579926,110.482853917565
456864,84783.125725518,212.115806674337,221.21406197043,,,,84808.0,244.074999999997,269.125,84089.14425,272.567014999993,263.050230000023,,,,84818.1424745216,207.374854915077,214.906008669481,84790.6884148771,66.2684480073949,71.9729433223401
456865,84818.9182683033,201.473012721181,206.954198838343,,,,84854.0,252.0,256.125,84308.9527,259.423210000023,260.334805000006,,,,84849.094375161,201.015019325845,211.481483280397,84795.0034166089,61.9534462756274,76.2879450541077
456866,84867.9220931871,201.921333176244,200.52477237214,,,,84917.0,239.075000000012,258.0,84587.32455,264.116530000014,289.408769999995,,,,84875.303435521,209.187314902229,215.403773458849,84800.5512759783,126.666831640701,81.8358044235356
456867,84909.900023823,219.301104693499,206.504987834909,,,,84996.5,239.5,266.5,84833.642375,320.616880000001,338.027632500001,,,,84915.65501994,226.723782748595,220.883909225231,84854.4235463362,130.403850453935,111.20984940225
456868,85051.9377349605,195.90604759258,185.440578467867,,,,85162.0,389.399999999994,276.149999999994,85041.37898,350.719238999984,370.803020000007,,,,84994.619288342,227.171750228677,222.75841859277,84952.5865425234,136.367338166267,113.601973248005
456869,85208.9901878408,179.112568575074,170.451174622431,,,,85281.5,397.5,298.550000000003,85142.3034,305.428594999976,322.990675000008,,,,85124.4495958511,214.97632975092,203.949524617507,85148.210027931,114.074927925874,101.136095937443
456870,85326.5928931357,178.543795532518,178.710522583991,,,,85376.0,386.0,335.074999999997,85220.81554,271.258497499992,317.313001000002,,,,85248.8005728065,220.216034213256,197.097281303184,85297.0765400674,103.739271006722,96.244497578009
456871,85522.6138191754,211.477855391335,219.413993266673,,,,85533.0,340.074999999997,394.049999999988,85345.22834,286.680084999985,329.81029709999,,,,85479.1252717206,248.595388151502,222.826978584446,85538.7628982326,101.268305997743,97.8712923566491
456872,85679.3399503801,258.082203982922,253.452080789561,,,,85660.0,316.024999999994,390.150000000009,85445.77567,316.419970000003,355.084710999989,,,,85664.3290158467,274.076191916611,260.305438388285,85730.3357512506,112.216577140265,103.038824158444
456873,85847.1340961659,272.093939994767,272.190110382042,,,,85876.0,359.025000000009,314.125,85537.035395,380.877504999982,387.419511999993,,,,85836.0387089783,266.002601487722,281.245733349191,85923.9482726535,123.300106354975,116.313489701701
456874,86040.6044417968,216.809901362183,223.496389969383,,,,86068.0,375.0,351.099999999991,85636.326,449.828454999995,438.053574999998,,,,85999.2278274225,239.025819408242,242.682362770982,86118.9834016981,143.082734680414,134.854421343349
456875,86181.3124456875,204.0038512928,212.898041635475,,,,86195.5,360.5,402.550000000003,86010.4692,397.797455000007,382.267594999998,,,,86129.4807763842,230.343606392998,228.972860517708,86261.8642529636,165.658206368986,151.097542400821
456876,86417.9365375997,263.585120106931,257.284261214343,,,,86431.0,313.0,436.050000000003,86644.189625,392.281034999993,376.286690000008,,,,86389.4360783108,281.298479767371,267.726852724154,86503.7854867754,193.553881235683,182.761327406013
456877,86789.4944061387,312.598611832786,290.116116720223,,,,86840.0,511.125,350.175000000003,87162.234075,425.418980000002,460.936064999987,,,,86706.2119354666,315.519158601252,322.37410662153,86696.2879302697,220.156155176999,239.641979574284
456878,87331.5798763662,645.109691354708,566.160350316597,,,,87336.0,348.0,479.074999999997,87684.780625,489.976505000028,583.304444999987,,,,87285.0074033688,655.872806762476,574.421803319507,86881.7037744686,291.443582168824,425.057823773139
456879,88256.0709996244,651.851222038764,573.68083489257,,,,88288.0,1583.425,621.974999999991,88201.60925,560.919374999998,741.945880000014,,,,88080.6636430337,814.885976542922,846.783990004042,87901.7579753111,581.113185412221,875.981933718489
456880,89126.1807790088,573.01366386273,540.829327088519,,,,89134.5,1259.70000000001,1158.675,88594.3712,626.912415000013,860.753555000003,,,,88897.5433157959,693.403860753795,729.58646077085,89216.4622181348,280.883446165026,1893.00681491898
456881,90551.3211018168,742.668322486934,713.785963541857,,,,90536.0,468.025000000009,1438.39999999999,89965.246,526.399847499983,961.602775000021,,,,90525.128093767,769.138407659688,783.626915567074,90955.7605007321,271.687997460962,282.283730723793
456882,91248.8261382424,739.984351560706,720.601720455088,,,,91291.5,2001.95,493.549999999988,90693.76025,468.892399999997,1044.06774999999,,,,91239.6176480246,790.948597351235,826.423163367974,91657.7056746585,301.931999354114,290.180378655336
456883,92070.4380342405,638.45147187743,623.008560848975,,,,92087.0,2069.0,935.524999999994,91420.2295,458.477675000002,1101.49330500001,,,,92145.3180234749,706.220850753147,737.500288460316,92365.2700858493,2576.09043490372,300.812540896353
456884,92898.9740965999,572.344212739947,580.086824866332,,,,92877.5,1656.52499999999,1485.65000000001,92133.381125,499.584000000003,1157.53576500001,,,,93159.560456983,630.403482746216,654.061009760218,93127.0420902543,2141.93292324088,346.167199183517
456885,93729.8174485913,586.184030636286,599.482668342884,,,,93685.0,1194.175,1919.42499999999,92845.852,575.850592499992,1221.85765000001,,,,94133.0159548361,679.634579553516,692.697123769831,93957.2446451974,1574.385324905,491.913419874705
456886,94541.8707242159,682.951490163279,673.624417737723,,,,94505.0,727.225000000006,2134.875,93557.4147,657.919822500015,1342.79702500001,,,,94916.6294531445,773.346610546927,796.828305722112,94788.0226168059,911.4493119822,660.892685624072
456887,95364.0840357937,805.989884031485,805.343055089485,,,,95301.0,460.024999999994,975.350000000006,94277.231,759.664825,1473.88432,,,,95364.4399477732,762.375256850879,804.023511431282,95245.1294301364,580.199619737643,488.237441595105
456888,95472.2693461057,762.827859616606,760.102876205812,,,,95524.5,624.525000000009,365.574999999997,95004.346125,849.754274999999,1592.46742500001,,,,95556.3257530793,689.969669127837,771.705613196842,95691.0541858831,594.365157807653,727.148698279663
456889,95528.6378818397,744.203937191691,728.677772960727,,,,95585.0,720.199999999997,390.0,95366.8068,907.495699999999,1641.30649999999,,,,95630.7931083769,674.610903156266,760.605849826621,95884.1732779788,722.413173527559,874.081436185239
456890,95699.914643906,677.650637872401,669.596722710237,,,,95765.5,936.599999999991,469.975000000006,96473.207,1063.2089,1884.83867499999,,,,95802.2730804958,641.111035055874,710.824384146879,95978.2991039673,1086.00263200048,857.384273171439
456891,95818.3344436934,667.441590493137,666.820278876286,,,,95876.0,1035.22500000001,534.174999999988,97202.55415,1177.11200000001,2041.06629999998,,,,95868.9716895034,638.742664972713,694.403636355302,96046.7090399757,1183.11570553154,853.168475518818
456892,95933.1117100699,657.941572580763,675.696944675059,,,,95971.0,1064.575,589.024999999994,97940.978825,1274.29759999999,2166.68372500001,,,,95911.7189654945,645.11498041774,692.199681907383,96195.6222433638,1034.20250214345,1002.08167890691
456893,96053.2191549072,652.150064421774,683.813100521482,,,,96076.0,1127.3,628.300000000003,97973.32516,1262.50142100001,2057.71718000001,,,,95946.9137284815,639.215614391156,680.252756026573,96328.1450404382,972.540211881525,1134.60447598132
456894,96111.0293921113,661.671786158331,686.118784692299,,,,96135.5,1106.59999999999,665.525000000009,97989.01343,1254.467907,1991.12633,,,,95960.3535246875,634.511288041758,675.133241114963,96391.890358214,944.082371241879,1191.84548232594
456895,96280.995801442,686.177513651433,696.990717086097,,,,96296.5,1128.55,746.700000000012,98040.49494,1229.10099600001,1787.73610499999,,,,96002.8644427056,640.305762705408,660.994923129067,96565.3552224136,892.487498852148,1212.69628033313
456896,96398.2235998889,719.018382985509,732.009092548309,,,,96396.5,1141.84999999999,794.5,98072.35119,1216.497089,1668.43973,,,,96043.3563528548,644.380051171349,655.543227674571,96677.2698103729,855.115450806639,1198.07926566403
456897,96503.1111576067,761.258747476299,778.729486525641,,,,96494.5,1175.25,825.5,98098.25948,1207.98942,1539.63828000003,,,,96104.6085289428,660.130284754705,644.431360404153,96825.6469447547,800.290526069875,1169.94689625042
456898,96616.9907892927,821.593439674063,804.546004765783,,,,96589.0,1210.2,819.200000000012,98140.794426,1182.75778399999,1455.98207350001,,,,96194.1931251843,682.288802757059,647.788259308916,96995.196836938,720.272773672274,981.627686324471
456899,96677.2711535058,843.066057958131,839.039861818732,,,,96647.5,1213.65000000001,818.974999999991,98158.70093,1173.38208200001,1394.36532,,,,96255.773184203,691.119693698201,659.975963089601,97101.3972065407,662.838779486818,902.614664335371
456900,96852.3257893504,939.291292566224,920.348642132943,,,,96821.5,1257.85000000001,838.5,98213.553634,1161.03055699999,1269.97841900001,,,,96515.1124787571,760.529380994165,752.490570337017,97388.4910464767,531.069270515552,667.433046649618
456901,96965.8141802164,1002.21568925986,991.470793781176,,,,96952.5,1282.575,825.974999999991,98257.13086,1141.618389,1172.363255,,,,96769.2121174737,856.539995208266,866.979880816449,97615.4666335285,513.915633948549,557.299405551777
456902,97075.7458084611,1082.94373578398,1063.18511760973,,,,97561.0,1566.075,937.050000000003,98310.79675,1108.62702000001,1107.177555,,,,98586.3199122471,1053.99990241374,1131.84520926388,97913.2999033244,400.252964260944,530.62422074232
456903,97490.4900622392,939.30825615568,915.363257212797,,,,98580.0,1107.075,1216.125,98364.82363,1083.62088700001,1064.61235499999,,,,99103.4153380971,727.97417798324,732.117268449016,98262.7761474336,296.837596843194,486.247597089721
456904,97691.720102341,869.770810563045,839.94943347128,,,,98718.0,1047.05,1191.2,98385.50382,1076.12590100002,1046.34843699999,,,,99299.3212589124,603.072700636971,602.996129689098,98411.9259324327,270.536764688164,445.983223460818
456905,98308.912326883,649.330369633826,643.675776266158,,,,99087.0,913.125,1238.27499999999,98561.805575,995.568295000019,1017.18900499998,,,,99663.7761783085,403.870604765005,379.502884873509,98852.1415877658,278.608670380592,340.159941703969
456906,98719.75859898,537.866464228166,516.425748263573,,,,99308.5,775.625,1218.625,98829.16915,901.955699999991,964.976125000016,,,,99787.0201622626,349.643810556227,342.705012858496,99151.4937343097,279.829016787087,285.791727937118
456907,99028.3356423942,459.743583955278,432.67149534187,,,,99480.5,673.524999999994,1226.09999999999,99036.28295,832.480624999982,1010.588665,,,,99850.7374670652,333.16859153485,338.492589468588,99370.53363987,256.540005865201,238.415176352137
456908,99341.2193625714,381.160965255986,362.15267426327,,,,99659.5,562.5,1195.72500000001,99247.57215,756.468740000011,1077.60941999999,,,,99906.7038251801,322.002742150711,335.521789935374,99590.7628947386,239.491942544948,223.9154556797
456909,99759.5372430458,322.381205363956,319.364475183422,,,,99893.0,429.050000000003,988.074999999997,99530.4844,680.640785000025,1217.70641099999,,,,100009.94336059,308.085801751353,326.6171000381,99885.5733813257,205.139216783835,193.017720368167
456910,100176.319891163,323.726008916579,344.811583287243,,,,100183.0,493.149999999994,497.225000000006,99808.398,613.249199999991,1359.18684999998,,,,100184.079994488,312.509895574112,331.156208576605,100179.660640462,189.208637722302,195.393836074392
456911,100451.376738441,290.673461361861,298.321386535885,,,,100504.5,1137.55,433.550000000003,100082.7926,587.181550000008,1517.16071999999,,,,100372.482686568,320.200057583468,348.875675397212,100471.274003314,220.359295495276,308.958568480375
456912,100800.014512814,261.087602035172,267.162753413519,,,,100860.5,1347.77499999999,636.699999999997,100430.79485,603.757759999993,1741.25303750001,,,,100525.090669391,329.157345354353,350.731724653306,100826.109263732,288.916315174574,491.392441507851
456913,101079.828193619,250.965971179758,262.006169902408,,,,101133.5,1364.77499999999,752.600000000006,100714.8614,607.310624999984,1889.44019250001,,,,100641.295939561,326.725396113339,331.242975510031,101106.174355805,334.005179461601,629.829948875311
456914,101428.19304308,277.109949798643,293.19138925329,,,,101458.5,1431.95,928.625,101060.650025,634.38579,2088.961805,,,,100862.755249099,314.358328409187,284.105058188667,101447.631264708,411.760152958232,798.374479439633
456915,101707.921531589,316.464731312648,332.924368694788,,,,101731.5,1647.375,1031.97499999999,101327.69805,680.102304999993,2234.44639000001,,,,101158.241922287,298.477901154576,282.330518565796,101725.95257974,335.08623455136,944.738391344959
456916,102055.510915534,384.680390445705,387.701098694102,,,,102063.5,1951.3,1078.5,101669.8717,770.948889999971,2449.12001000001,,,,101760.734815555,330.534841957167,338.292840801587,102073.408647515,477.991594297186,1292.1944591193
456918,127373.968027427,663.410417292296,645.766330048049,,,,127331.5,975.599999999991,3610.52499999999,131462.57275,2106.6893000002,2565.21866999989,,,,127410.604295528,838.488724451512,743.691527702715,127400.757400656,1383.64908736343,1143.20262842411
456919,128320.503540133,756.081580107799,738.366659606487,,,,128211.5,1339.79999999999,2464.8,131659.405775,1978.20408250013,2543.4588500001,,,,128335.690605949,779.70336098125,707.721548696354,128297.635989992,774.157675184557,1349.85852002859
456920,129382.21720362,1609.96340373759,1239.11396288111,,,,128808.0,2909.875,929.199999999997,131841.04625,1882.21221750026,2540.59445999979,,,,129246.55778156,959.619625417123,982.943763217991,129262.233361909,1121.73743210734,1589.93066386522
456921,130380.667321062,3238.35313831974,1984.81128529177,,,,129261.5,3401.5,1166.14999999999,132026.14055,1786.51793500007,2507.79437250004,,,,130255.733258097,1363.62284407177,1625.3779689201,130199.826851118,1220.05800861529,1804.63096544964
456922,131401.2195383,4731.46020781127,2832.22878928945,,,,129691.5,3422.79999999999,1385.54999999999,132237.034325,1657.49316500017,2483.26915999987,,,,131264.906618481,2038.52596282921,2417.22678631062,131061.940592697,1465.14745728286,2003.45883992163
456923,132418.772866526,6185.97826516937,3729.74559745438,,,,130129.0,3320.8,1648.42499999999,132441.36302,1560.76203000004,2478.1875700002,,,,132273.203290998,2908.97229955389,3228.84354128325,131822.820721936,1746.79577419523,2173.96827807924
456924,133440.094868557,7737.41334701626,4582.53574477055,,,,130594.0,3113.54999999999,2004.02499999999,132625.50325,1489.10202500012,2431.70003750012,,,,133253.057212557,4033.81250011269,4041.00620891995,132601.589668349,2023.53876019709,2353.57527853602
456925,134475.467498776,9252.84977439817,5463.77812251402,,,,131063.0,3147.85000000001,2202.075,132831.2808,1391.00749500009,2409.47666499998,,,,134297.801816586,5334.52151719198,4900.06902293165,133423.139921164,2124.39218840978,2527.36376737797
456926,135520.843931694,10771.7433423053,6379.65410368233,,,,131528.5,2864.42499999999,2464.925,133024.145425,1311.70947000003,2449.55300000004,,,,135291.180816065,6733.05989199076,5758.61131576826,134290.547984224,2170.41678147711,2722.5784611835
456927,136547.293607425,12263.4153678834,7277.5715568998,,,,131972.5,2564.82500000001,2732.12499999999,133233.9665,1237.85481500012,2489.00619499998,,,,136357.348192267,8332.08881283258,6727.33761819877,135186.361703386,2377.45822453822,2953.52444603379
456928,137595.641270084,13794.1633660282,8236.80702487583,,,,132412.5,2311.0,2970.75,133443.2312,1143.47263900007,2555.98331999994,,,,137398.899755748,10062.6167360945,7697.71294402896,136077.833419876,2562.38407273349,3172.29675359465
456929,138629.268702704,15342.2157284016,9177.27962038392,,,,132838.5,2068.60000000001,3122.72499999998,133636.6925,1118.6884999999,2589.608725,,,,138443.667165711,11980.3137774287,8658.86952893404,136967.698653706,2760.52258914072,3391.30139922374
456930,139668.128042192,16876.2122556363,10121.4262960861,,,,133287.0,1804.42499999999,3314.29999999999,133830.34975,1082.46225250006,2635.13490999994,,,,139455.918007001,14059.9664353799,9627.55940135921,137861.081224209,2953.04085040963,3613.28429033942
456931,140696.892889793,18367.7949040146,11060.4405087047,,,,133739.0,1507.04999999999,3507.625,134019.21595,1090.40444499996,2678.70269000003,,,,140521.828392717,16172.6911203086,10634.1937659839,138756.025234074,3150.85905339604,3837.14616483409
456932,141727.166471201,19914.1852055647,12004.0371821049,,,,134207.5,1273.25,3424.62500000001,134199.37175,1098.65716,2686.0774375,,,,141625.073753062,18537.6082729823,11705.6617568524,139645.198153851,3355.45871763441,4054.505864359
456933,142782.675836203,21440.0063108277,12915.3625356216,,,,134710.5,1064.52499999999,3085.125,134372.39805,1132.81442499999,2663.11467499996,,,,142718.686256182,21089.2339637197,12780.1920137275,140527.66693091,3565.45165203349,4268.30946076947
456934,143840.363421281,22963.6491960157,13894.830559276,,,,135306.0,1121.07499999998,1588.67499999999,134553.030175,1196.67822499995,2699.93789999999,,,,143769.431200985,23770.4188378274,13824.571414462,141410.015140796,3773.4600405182,4482.04744199145
456935,144884.70676072,24500.636326842,14860.0152254039,,,,135671.0,2396.64999999999,1100.125,134720.30795,1252.92867999998,2714.99643500001,,,,144789.02837752,25404.6310386106,14760.079055151,142299.089440459,3975.0578398798,4699.34274063437
456936,145421.779767048,25248.6149481562,15346.4671643166,,,,135773.5,2750.85000000001,1140.39999999999,134810.6453,1284.99699999997,2730.80371000001,,,,145301.463892171,26217.4888773837,15237.6344117225,142746.800456734,4072.65294591547,4811.61189901351
456937,145958.852773377,25995.7245982734,15831.2988775865,,,,135875.5,2991.59999999998,1221.5,134900.372,1317.49490000002,2755.85843000002,,,,145813.899406821,27030.3467161567,15706.4014426491,143193.931022003,4170.88043666066,4923.31716371464
456938,146478.658152733,26770.5872997131,16302.4639730299,,,,135979.5,3070.80000000002,1308.5,134981.7505,1380.34397499997,2749.97685000004,,,,146336.766912617,27823.804546474,16180.691996893,143640.714213909,4269.35407359462,5034.33799287846
456939,146980.462510821,27563.4510224211,16750.4331297842,,,,136085.5,3201.07500000001,1351.5,135062.89165,1419.79397999999,2778.32172000001,,,,146860.047239783,28614.8811577526,16664.4193194244,144087.730492922,4367.44146254266,5145.23828964814
456940,147481.198380705,28354.6787607873,17194.3599039998,,,,136171.5,3428.17499999999,1375.10000000001,135145.4611,1486.07962499998,2801.29595500001,,,,147383.327566949,29405.9577690312,17144.8663859806,144534.627971084,4466.0552012737,5257.06408674348
456941,147981.934250589,29142.0902635277,17634.8415084275,,,,136283.5,3632.75,1456.375,135232.63275,1547.5018,2808.45204,,,,147906.607894115,30197.0343803098,17613.5973047992,144981.326444769,4565.68174597534,5370.67332135036
456942,148489.060820284,29923.111066458,18083.894742274,,,,136375.0,3895.72500000001,1518.04999999999,135317.1694,1591.9943275,2797.41112999996,,,,148425.207380825,30992.7918320452,18085.7990163201,145429.764796123,4663.5579945663,5485.68941894238
456943,149005.28265916,30695.0366002077,18550.7974410888,,,,136482.0,3947.60000000001,1593.25,135396.30725,1649.88782500007,2796.2732,,,,148930.459777521,31801.7993277857,18544.6536378279,145880.589076851,4758.60650381187,5601.37782143123
456944,149525.453518995,31462.2747580475,19021.9866663754,,,,136569.5,4037.0,1636.57500000001,135481.3062,1703.22054000001,2820.19855000003,,,,149443.666661684,32602.2823575655,19009.6076428075,146327.254931127,4859.74202413185,5716.80654819217
456945,150050.070316945,32214.3374104288,19497.5197564663,,,,136663.5,4235.82499999998,1703.77499999999,135562.816175,1762.74695250011,2847.76236000008,,,,149964.136916217,33405.8694151603,19486.9543004967,146764.820414094,4973.6193772578,5831.18922939274
456946,150574.687114894,32966.4000628102,19969.7530377456,,,,136754.0,4356.09999999998,1763.30000000002,135635.6268,1831.96837500003,2859.69509000002,,,,150485.277912803,34212.0774086452,19962.5546617019,147201.943632284,5087.86147651187,5944.51936090548
456947,151099.303912844,33718.4627151915,20441.9863190249,,,,136857.0,4403.625,1841.07500000001,135723.208,1893.86305000013,2867.84059999991,,,,151004.778227178,35019.926084341,20427.2832234643,147647.301420915,5190.08392222843,6056.87820810665
456948,151623.920710794,34470.5253675728,20919.6607284101,,,,136965.0,4766.70000000001,1913.0,135802.91625,1952.85052500002,2846.19481000004,,,,151530.11643093,35821.9368706601,20903.489253228,148096.045478568,5286.90497119876,6167.91824868324
456949,79307.1646800489,1216.59522765559,1156.51009252423,,,,77359.0,2754.0,12894.8,80771.625,876.404074999999,791.393917249996,,,,79326.7348854691,1207.66811841306,1216.19702655666,78827.2926286561,449.674594087905,477.188542006756
456950,79572.3288973996,1150.97906774588,1088.12394610263,,,,78091.0,2157.0,12330.7,80972.825,870.973500000007,889.964644999985,,,,79589.9082068144,1138.10645373972,1140.95777131782,79138.778945397,435.513115947644,459.151327090018
456951,80457.9594346925,915.099579246526,851.615188161784,,,,80407.5,907.774999999994,3672.55,81553.6405,1145.78675,1266.58030000002,,,,80468.2232380899,901.888652701222,908.608390253125,80175.4159585805,384.80955597946,409.900499814496
456952,81352.4369530092,688.888018216399,686.009641993805,,,,81373.0,1629.02499999999,791.024999999994,82057.175,1711.38600000003,1622.10130999998,,,,81286.4600230665,637.852143239885,623.536818948545,81212.4190521813,341.374569627413,357.998504044794
456953,82239.060630368,523.582358964006,528.969799684171,,,,82254.0,1226.02499999999,1284.05,83252.6275,889.178874999983,1083.31855000001,,,,82155.3688282381,513.668555420183,508.650104789878,82252.2908717795,297.766712207173,312.175121617489
456954,83116.9856666129,499.731782393181,495.187143944946,,,,83131.0,668.049999999988,1703.5,84294.7065,709.770199999999,732.992199999993,,,,83051.6467960343,543.341636633893,480.008254852422,83289.3051541447,261.816122464516,258.485033258694
456955,84007.0963839727,571.47355313554,578.33631527207,,,,84043.5,1471.875,650.074999999997,85380.812,1208.349,1262.23022499999,,,,84009.4694116256,559.650299600995,545.441515857456,84330.9718972908,235.611791335046,236.269170023181
456956,85118.5133219404,481.824681611979,491.573078486006,,,,85185.0,3190.02499999999,915.199999999997,86521.118,1804.82459999999,2132.49399999998,,,,85004.5566058668,569.047671048364,588.111176260747,85375.1807340358,216.592782040403,215.113017978816
456957,86230.1885214874,414.966205349949,405.258084229834,,,,86287.0,3092.27499999999,1686.22499999999,87460.8725,1395.74695,1673.28775,,,,86037.1005063666,535.96790752541,538.442908284691,86408.1929828305,213.571342208699,207.284218569446
456958,87351.8444542056,390.168697819623,372.942877957074,,,,87372.5,2456.60000000001,2398.02500000001,88436.6,984.768500000006,1487.65569999999,,,,87112.3311826192,485.194904005402,461.696364144344,87455.7159181228,209.335992597,219.823865226004
456959,88471.562875948,401.79824744731,390.728962287641,,,,88472.5,1698.67499999999,3058.35000000001,89432.3535,802.463499999998,1606.96183000001,,,,88249.2195597808,470.14158883458,447.344067223952,88503.5727186182,216.005310355482,252.674130295447
456960,89584.2153470015,470.273510298517,446.279061226087,,,,89576.0,920.024999999994,3271.375,90372.49,1116.0865,1747.74469999998,,,,89457.4578018259,489.554138387495,490.505232875104,89547.7629561195,252.218895409474,289.829866591288
456961,90705.9616501285,559.086150840638,535.751165069159,,,,90726.0,1830.05,982.125,92326.7395,1000.99625000003,1258.98704999998,,,,90711.9403908777,514.461353818187,531.74727769848,90583.4815438377,380.68810737897,325.360111964517
456962,91317.5378003924,511.474687875962,502.576050748539,,,,91354.5,3927.85000000001,609.574999999997,93121.8735,982.549500000008,1123.23020000001,,,,91253.5229988191,518.045772521757,549.090014573027,91000.3807330932,127.135857206071,338.175064633659
456963,92229.9487019592,462.762742295643,440.831154024825,,,,92276.5,4549.575,1243.92499999999,94298.435,1071.41390000001,946.678700000004,,,,92150.1291816646,507.133625740709,533.956362548532,91629.858236143,4039.65849271443,363.280947321386
456964,92842.1968588827,422.366447514883,412.506868705357,,,,92886.5,4500.89999999999,1682.70000000001,95071.888,1166.27820000002,906.517199999987,,,,92795.0101225576,487.415828925456,511.539817508237,92061.33814295,5298.56049462306,392.111010155175
456965,93750.8250752978,376.41054993133,364.173847438055,,,,93782.0,4120.2,2338.675,96258.1235,1364.34970000002,921.145000000004,,,,93802.2968227279,439.044613296777,469.947568257689,92764.087801926,4808.33412351229,485.895328984378
456966,94361.9410318084,355.256227935213,349.50078345435,,,,94373.5,3781.90000000001,2763.675,97075.21,1499.00015000002,1030.7067,,,,94491.1831536389,419.976595327404,432.872354588835,92978.8516003123,4861.70008826045,302.027182045567
456967,95277.9529189735,330.403628642278,323.981984166021,,,,95246.5,3331.575,3351.95,98292.645,1741.76810000002,1227.44419999998,,,,95529.8417864091,400.941103501362,387.253390680751,96977.3322792241,1303.38925061283,3642.74068542228
456968,95888.5128281121,319.898443043989,319.887468663816,,,,95833.5,2967.97500000001,3705.10000000001,98698.89,1448.33222000001,948.712399999989,,,,96215.9413662205,393.657247300536,386.398884191192,98442.8390339965,106.864272673338,4696.76653403825
456969,96803.3095487122,314.961993733334,319.319663078626,,,,96728.0,2377.27500000001,4212.42499999999,99355.12,959.513575000019,656.619400000011,,,,97204.9957242429,402.645291523208,375.820482634052,98694.2986975118,228.490510542833,4005.79832597905
456970,97414.0200385048,321.864868466568,328.921957069659,,,,97329.0,1953.075,4394.5,99794.003,666.921858999995,527.94859,,,,97827.4689925588,412.793940258794,382.179070697821,98924.7488897207,240.129138862947,3959.71173467832
456971,98325.8075510803,337.894509632592,343.856514966756,,,,98259.0,1275.0,4627.97500000001,100441.91,605.289499999999,608.015299999985,,,,98686.2779958165,422.619560287392,399.052465280081,99324.9029264822,203.889351129474,963.000067824629
456972,98938.1076692604,359.270242270839,374.00728330214,,,,98880.0,857.300000000003,4406.10000000001,100825.115,821.093399999998,751.665440000012,,,,99198.7667067433,422.217575269489,407.184488637271,99580.8309566606,197.178444625737,56.5932792475214
456973,99849.2816520132,400.792488476392,416.977449452141,,,,99798.0,951.100000000006,1613.22499999999,101419.038,1252.41875,1161.00218749999,,,,99843.5879982873,399.749437474646,392.668198542786,99965.1360535932,189.800974771584,189.318667691419
456974,100536.124799402,337.87786515856,347.02243455025,,,,100561.5,1879.52499999999,622.5,102486.042,1958.54850000002,1990.46379999998,,,,100726.528034936,349.275411626979,351.596424323143,100606.445229808,164.254149024157,186.626660728361
456975,101227.455932299,301.430889831754,301.568296700716,,,,101248.0,1732.14999999999,1091.375,102956.268,1615.963875,1377.65729999999,,,,101487.308141901,312.82771812976,313.078764268226,101241.104917935,151.571585640733,157.17269730776
456976,101914.53545448,290.552134964455,279.288638517377,,,,101897.0,1495.175,1477.25,103444.691,1259.42800000001,871.857799999998,,,,102161.647422376,319.286093617906,294.628089378763,101875.343994536,142.656598674352,133.959238071795
456977,102604.411584267,296.894589336109,290.49800009004,,,,102564.5,1173.625,1765.55,103996.445,906.084000000003,621.407449999984,,,,102781.169047287,359.223852684037,321.12019095874,102509.354383681,150.784504299532,127.039523998261
456978,103297.073783056,331.231675855845,331.130448540382,,,,103234.0,725.025000000009,2013.25,104522.9339,929.022099999987,681.841100000005,,,,103382.141546749,385.350257223021,356.618949168085,103143.535272689,156.872007612677,129.920624321705
456979,103992.072691382,381.120160177612,384.50910882969,,,,103984.5,670.725000000006,867.650000000009,104964.56575,800.501699999993,601.297125000012,,,,103995.166138033,365.969912075394,370.837056464588,103779.474075247,164.409072663213,139.012051427329
456980,104563.299916853,316.470626978771,308.183431502155,,,,104594.5,1338.02500000001,563.524999999994,105421.152,710.053299999985,651.913849999983,,,,104562.367424194,331.103304090779,340.561505725331,104421.960631228,167.325374028238,437.694397006679
456981,105138.790694063,279.734676930064,279.86130367982,,,,105147.0,1188.09999999999,904.149999999994,105899.9005,680.787275000024,846.855129999982,,,,105071.042509812,303.709077461404,298.553513083418,105058.50390528,184.463214210191,718.411581330627
456982,105708.62596725,284.727239722371,283.884582996252,,,,105700.0,847.125,1208.15000000001,106349.394,750.4856,1087.59529999999,,,,105582.5242327,295.577162453061,294.692656704588,105595.897609137,276.657350205947,1255.80528518747
456983,106281.010573669,324.566356848853,326.467968787532,,,,106240.5,530.599999999991,1302.04999999999,106958.582,621.787125000003,839.37877499999,,,,106159.313275846,338.560812926429,344.462104908307,106105.414568536,403.022471963923,947.349088117073
456984,106845.860329894,398.643903461576,388.5747665003,,,,106888.0,1357.07500000001,771.099999999991,107502.8085,1001.95578999999,842.277650000033,,,,106855.398825176,400.287615835259,402.968207732512,106887.23083702,260.842718152315,271.316202181275
456985,107365.209759311,381.411131064451,379.987950273469,,,,107379.5,3212.52499999999,560.550000000003,107724.768,1246.826319,922.347769999993,,,,107189.344536189,413.546423553402,421.35913480162,107294.524161851,248.043649293337,274.47642823396
456986,108144.273591426,379.872117193328,395.634738766137,,,,108167.0,3543.125,1095.04999999999,108051.4915,1623.90784999999,1102.10802499999,,,,107752.207273099,446.605859443298,439.006689419562,108002.146114316,378.275572871615,609.527576171851
456987,108661.623482382,408.205753785267,432.811642217959,,,,108690.5,3518.27499999999,1485.5,108268.73512,1872.49521000001,1254.507,,,,108169.268472054,482.539529308764,457.764464162523,108619.732826776,325.683960264578,981.004392428295
456988,109949.144385928,571.026231616692,565.478004620425,,,,109938.5,3170.70000000001,2363.35000000001,109552.44,2024.08929999999,1325.13962,,,,109327.216810901,696.238367280355,596.976872592844,110133.985424959,236.739572873179,1864.0572852793
456989,111243.834112338,752.867548182316,755.843396846598,,,,111215.5,2540.45,3128.675,111928.502,1395.97358999999,934.186500000011,,,,110642.909921198,1025.3571506818,827.373523054455,111601.505608122,191.86042751708,2535.0128155834
456990,112018.77268693,873.229939075682,878.158860515308,,,,111995.0,1966.15000000001,3606.125,113366.284,1025.27579999999,786.859899999996,,,,111493.080589877,1207.67756102193,980.938800465388,112461.436323727,181.062263588523,3106.77824408197
456991,112533.695158075,967.133800751035,956.177948186247,,,,112487.5,1667.7,3728.3,114327.491,857.900799999989,754.012400000007,,,,112083.580806753,1293.04401913586,1084.59776794397,113033.007981793,182.802148505187,760.933642174175
456992,113303.88511119,1094.83213218389,1090.11600489746,,,,113223.0,1194.02499999999,3700.72499999999,115743.82,705.880949999992,754.280100000004,,,,112994.97549276,1373.0259676835,1189.12879666526,113885.945759064,192.543532735144,256.080084698609
456993,113814.948656802,1185.89270378184,1170.43417299091,,,,113720.0,899.274999999994,3415.52499999999,116671.115,749.692150000003,811.516650000005,,,,113612.243957139,1363.6423613771,1235.03211899564,114456.263573763,223.60911205069,169.217776537291
456994,114591.816104206,1318.05526046666,1315.60414541393,,,,114596.5,1120.09999999999,1819.825,118060.928,980.735400000005,965.994499999986,,,,114550.234949387,1294.52185660141,1236.73027949013,115307.782120529,101.213472232266,210.58257973782
456995,116460.770163794,675.08144022472,682.292372481985,,,,116434.5,1325.75,1420.59999999999,118784.5425,712.445050000009,768.920900000012,,,,116574.885116716,691.877426309686,671.647581138226,117001.860106826,956.908170163486,451.8666328135
456996,118329.977942612,421.84690922685,413.516600804505,,,,118259.0,836.0,1131.7,119544.373,690.725500000015,903.362949999995,,,,118336.67658736,396.783593769476,442.66136285993,118290.578694186,261.139405956739,302.776941240794
456997,118971.38126556,357.951269233599,348.661831800942,,,,118983.0,1799.075,704.399999999994,120299.472,893.275909999997,1247.57802500001,,,,119287.26955325,345.811897065942,435.003427478674,119019.943600738,735.668187097035,228.805607985225
456998,119607.086858369,312.612433272778,302.334179744954,,,,119585.0,1745.05,1061.14999999999,121066.482,1193.79479999999,1685.34726,,,,120051.855085653,382.402037908207,404.289671713428,119617.622835374,485.823581875942,196.861845499763
456999,120250.207838034,288.50715348302,279.342801306455,,,,120173.0,1441.14999999999,1410.02500000001,121372.6625,1095.93976999998,1391.13686499999,,,,120689.716327664,438.412270012937,423.862281358292,120257.743301971,556.415326422648,201.037520195256
457000,120885.773200615,300.844093730499,286.27181101426,,,,120764.5,1056.64999999999,1743.60000000001,121727.72645,1040.28436000001,1359.31624999999,,,,121234.921960747,502.634665816731,460.638337141514,120895.90444974,507.830042322632,225.035194653465
457001,121533.664745408,335.453035090497,331.345355758633,,,,121355.5,715.574999999997,1953.925,122085.90625,1091.36955000002,1407.51860749999,,,,121723.058662322,477.591886001275,452.948733586512,121398.932757475,326.917741603043,256.340119121742
457002,122174.685021489,388.370723028478,378.910244185376,,,,122020.5,504.524999999994,929.100000000006,122366.024,1466.47050000001,1455.10627,,,,122175.931031301,379.72592572312,388.555214356165,121704.291105949,278.535484995024,253.404820881871
457003,122570.313626564,379.510069020907,435.251942875926,,,,122468.5,616.799999999988,595.075000000012,122638.15225,1689.53165000002,1566.73002999999,,,,122556.816309562,462.865320445519,473.850062216428,122007.370785203,295.624813825911,245.503830174974
457004,122969.585883687,581.158064676289,686.336829091888,,,,122863.5,615.625,754.675000000003,122907.9705,1968.76611000001,1651.78874999998,,,,122912.703017819,755.25099586838,692.454874345698,122343.761189235,337.914291342066,253.350416424626
457006,123879.115773517,419.325425726071,397.825996936925,,,,124215.5,11812.575,843.699999999997,126112.15015,2564.71517499999,1456.2066,,,,123886.400044937,398.140717402173,393.88335537017,140197.902472039,-17395.3038693075,18024.3028664052
457007,141346.277703501,958.311442061357,957.68370610394,,,,140959.5,22876.675,11982.025,126392.731,2572.8181,1398.6517,,,,137549.448094347,1648.85002162121,1346.6644858488,175702.285357968,1140.50263702378,1451.27782961962
457008,158786.540304993,1879.73642058956,1778.26758305015,,,,158308.5,12685.725,23061.45,126678.25325,2681.99094999999,1439.77618500001,,,,161542.117746455,2534.40991760787,2583.50597072567,176323.527272611,519.260722381325,2072.51974426207
457009,176227.548335219,2806.71485041888,2650.86421130056,,,,175830.0,2452.07500000001,12728.8,126962.6664,2955.32304999999,1527.08714999999,,,,176307.989234782,2576.67063113517,2826.61260577792,176944.769187253,1061.31685735687,985.074031803495
457010,178276.590483529,2097.60766776337,2013.80617199829,,,,178227.0,3815.35000000001,4380.02499999999,127207.645,3421.277175,1623.45937499999,,,,179366.95721157,1685.48666517771,1793.28279671184,178736.342798861,989.054282465833,859.274887080566
457011,180334.567842322,1430.99883264743,1413.40863913635,,,,180217.0,2935.67500000002,3671.82500000001,127486.243,3885.9359,1769.79459999999,,,,181401.990998733,1112.33914503906,1084.40202285128,180643.477086304,859.711640904774,825.96570190732
457012,182375.826565326,925.887923571077,848.81128175612,,,,182217.5,1705.70000000001,4153.375,127760.598225,4014.40702500002,1757.57250000001,,,,182904.918074217,861.276705313503,819.350936563656,182450.652511893,658.818962552032,676.144067214889
457013,184413.917090308,761.019523430732,774.550887762336,,,,184298.5,1489.77500000002,1937.02500000002,128071.62752,4016.08992999999,1856.10767,,,,184424.676174846,735.382280000747,749.295277117257,184132.035850833,516.480373386614,494.84378937204
457014,185903.621008771,591.040530457278,600.662908683211,,,,185883.0,2068.85000000001,1394.20000000001,128347.5717,4095.23149000002,1951.83906,,,,185974.187270855,643.557053282624,643.460479850415,185800.619205667,417.196245282626,348.579182645131
457015,187390.396323482,636.709894020751,640.062704313139,,,,187358.5,1348.35000000001,2159.92500000002,128643.4421,4312.7182,2097.15060000002,,,,187407.137678807,715.230802235601,694.432460407901,187491.726715512,365.384577474528,331.376823159924
457016,188885.741784516,855.415603759699,852.313666243688,,,,188910.5,1954.85000000001,1650.60000000001,128902.6485,4341.845925,2144.5106825,,,,188909.669341536,841.018850497989,912.931255224365,189155.079501565,461.966808759084,379.645298106043
457017,190589.601409519,698.146811496117,712.256413181429,,,,190657.5,3109.02499999999,1612.55000000002,129197.168,4557.44795999999,2262.95056,,,,190507.766846145,828.083143709169,944.595470387983,190810.772127723,638.007516382757,443.08718966585
457018,192282.149062876,685.669124894455,687.780076370022,,,,192282.5,2600.05000000002,2413.57500000001,129459.175,4700.76525499999,2371.27206500001,,,,192159.970816052,807.937897977536,857.910828547931,192377.316309238,625.190336737665,445.955117873964
457019,193986.265457868,786.129734306509,808.414437181113,,,,193877.0,1762.20000000001,3042.32500000001,129715.136,5017.94687000001,2467.26682999998,,,,193859.60681376,808.217038706935,777.130324952333,193967.632936601,390.564768384735,459.860795132263
457020,110219.80655407,3430.47896265253,4101.64364418236,111586.91528183,191.864067627146,201.832259872725,,,,111158.7446,683.362604999988,756.174100000004,,,,110373.001706616,3287.60647590793,4511.61483404614,112368.918291517,1523.31112432483,2333.58790830903
457021,110321.584141341,3339.16090510577,3978.63342056151,111668.033625839,191.148321497691,200.728056936845,,,,111225.8277,663.427700000015,682.222299999994,,,,110466.643774132,3210.94606570595,4364.10759763175,112423.444002025,1495.06970238434,2292.18621007142
457022,110433.272484339,3245.55604335653,3861.27250928296,111749.059490476,190.308020029566,199.651249109418,,,,111292.30005,647.636050000016,599.239299999987,,,,110550.194891082,3147.20800287058,4224.24012620056,112479.308539512,1464.80371395858,2253.2181981544
457023,110539.623815542,3159.24673462339,3731.82309982725,111829.995953217,189.508015854692,199.369274306024,,,,111359.96386,620.939899999998,546.975859999991,,,,110625.711411038,3091.3737247793,4076.48612035293,112536.727182691,1432.5915975425,2215.07371316197
457024,110651.596767275,3073.83084961113,3626.3886732012,111911.333748961,188.296421394538,199.105611481398,,,,111422.80125,629.846182500012,496.377524999974,,,,110707.48528708,3033.11453161432,3953.74053606854,112593.560601452,1401.5195736896,2176.37191204571
457025,110750.113404544,2999.69763470684,3508.89059335399,111992.444732759,187.360458513605,198.278468988516,,,,111495.8954,620.925220000019,474.95104,,,,110810.59818717,2954.05270885982,3849.09027393306,112647.872491434,1374.50803680683,2136.10554534315
457026,110835.201672226,2931.04783614754,3450.426298576,112073.335211332,186.645000857476,197.230821270816,,,,111570.26545,627.790449999986,456.131815000001,,,,110913.513516632,2877.51599380505,3720.24366008645,112700.89326011,1350.80629465639,2094.53242158802
457027,110940.170248072,2844.58045095207,3374.94894984011,112154.479597943,186.188124091816,196.687007802771,,,,111641.4444,645.120824399986,464.981964000021,,,,111012.916867061,2809.52882424911,3635.48601950228,112754.27669393,1328.62340204198,2052.0346323682
457028,111018.172967806,2794.26403268201,3259.40611923035,112235.597239115,185.643920111121,195.931033611676,,,,111727.35815,641.715549999994,505.212589999996,,,,111124.067469553,2733.95420726077,3541.6017846247,112808.203383406,1305.67848857798,2008.22634349209
457029,111118.471665617,2723.3524330785,3160.59968384208,112316.410732222,184.975882683968,194.911501292911,,,,111806.3155,664.920500000007,545.865449999983,,,,111221.291006036,2673.5482238361,3424.9065455377,112862.561147434,1280.441748924,1963.22094696778
457030,111222.45457657,2646.51531759682,3051.52800127138,112397.457097424,184.041028569976,193.978463886291,,,,111879.8643,692.776054999995,571.041110000006,,,,111355.686693352,2578.48626834892,3283.762299412,112917.539914356,1254.87756311003,1919.89666538163
457031,111325.056764638,2583.65321826766,2972.08692447042,112478.605141091,183.208434735236,193.168984235934,,,,111948.5048,745.328000000009,607.537999999986,,,,111487.571241799,2475.44530408652,3168.67758374322,112973.171391323,1231.6211039976,1880.49016008883
457032,111420.627369868,2520.43258650528,2872.12604476596,112559.583816846,182.37096324742,192.256804695789,,,,112014.5972,809.2209,654.090761750005,,,,111591.119857289,2425.56736176665,3032.86939007782,113028.552291247,1212.49653040442,1841.90701694127
457033,111518.1888843,2471.08713107562,2788.19938201322,112640.431333958,181.591350448682,190.979645363201,,,,112081.0187,886.583400000003,682.776159999994,,,,111719.048568438,2347.11100670749,2923.07348766978,113083.007914943,1197.76882306013,1801.35869394122
457034,111603.431595476,2423.27088618901,2686.17705994193,112721.476808474,180.590543008802,189.963304704288,,,,112154.68,967.607000000004,729.298934999984,,,,111855.509616633,2237.76411650052,2800.98838760826,113137.712909058,1182.27726438647,1762.61121319525
457035,111697.749396121,2370.53971827366,2611.75644879531,112802.597710872,179.758090297459,189.098183345181,,,,112214.5376,1053.91040000001,768.602880000006,,,,111975.560918883,2145.16917695449,2684.16854296339,113193.608076355,1161.73011152059,1729.05230179828
457036,111795.989676138,2306.90616314071,2537.34906249287,112883.748684569,178.945691205387,188.263133286426,,,,112274.15185,1144.69915,806.220354999998,,,,112091.237464285,2063.06757068605,2630.9430156423,113248.849498222,1140.73721876991,1696.00194269387
457037,111900.146319534,2233.99696753122,2487.00048120595,112965.029970762,177.965185022957,187.74022744385,,,,112334.1825,1235.10067,849.732479999991,,,,112208.380234341,2003.27345948794,2582.30838989228,113301.820187154,1123.99209345909,1658.63997446123
457038,111986.609114641,2178.30016716268,2379.4986308009,113046.208408605,177.276569767593,187.044538937131,,,,112403.5632,1321.3645,907.173745000007,,,,112313.857228824,1939.33292149566,2486.65719937034,113354.595601453,1107.62125781189,1619.6534023735
457039,112099.452175225,2110.45864685526,2305.45370522255,113127.537727462,176.20593344263,186.387317534885,,,,112473.295,1412.243,954.285000000003,,,,112421.387872568,1882.76190864558,2450.866685752,113409.413950279,1087.50958052081,1582.93497735045
457040,112209.678973269,2042.2940488004,2253.18446043244,113208.606135605,175.266931342325,185.469185418595,,,,112594.7386,1388.76014999999,904.872000000018,,,,112562.118578878,1805.85577624002,2468.4846412184,113465.472000396,1067.14230125445,1549.69326620443
457041,112308.484392394,1990.86131599892,2166.54630459764,113289.618233774,174.523641012449,184.784368339693,,,,112732.9732,1342.18747999999,871.402710000009,,,,112681.569766871,1757.54888998835,2446.39814761802,113521.410509473,1050.10585242888,1519.62273647447
457042,112406.738381921,1953.0766696349,2094.49757254984,113370.366825037,174.081123680327,183.609076053937,,,,112873.915,1300.62229999999,856.718400000012,,,,112808.972797674,1680.61958220469,2429.5258452016,113576.687641167,1032.79106647403,1489.04564271358
457043,112507.406972946,1911.40351497744,2047.55683864484,113451.052178552,173.472597128639,182.543694054752,,,,113012.026,1249.03697999999,833.802800000005,,,,112933.124676616,1622.75108062538,2423.67317542131,113631.169814245,1011.18767773837,1454.86518140206
457044,112635.789832153,1824.74540323482,2024.06115434898,113532.186287057,172.516862910314,181.890608619156,,,,113147.82625,1215.75985,836.791429999997,,,,113035.506483208,1603.33126133784,2387.57379884089,113685.539061912,986.876628230326,1419.68052971554
457045,112741.160315624,1754.7911717613,1974.77363095176,113613.425579573,171.527504170488,181.377906967071,,,,113284.4722,1193.93597000001,831.95570999998,,,,113147.011525362,1562.3053613957,2397.49769795944,113740.44841644,962.676917812641,1386.21562905972
457046,112858.392629569,1688.45408351146,1975.8844563665,113694.528091403,170.674926116815,180.767400362602,,,,113422.345,1163.9592,842.650035000013,,,,113264.735979948,1519.92587569208,2449.53570321758,113795.619291927,940.768570105531,1351.99749706525
457047,112970.19668346,1632.48848498795,1969.04762687259,113775.757364843,169.585976492002,180.176304657391,,,,113569.207,1143.74548000001,859.661939999991,,,,113369.536056565,1497.37160776688,2428.93954986449,113850.58157061,922.523118778467,1314.71509497715
457048,113089.078881666,1554.59975144778,1965.02057800787,113857.02376906,168.456540382002,179.746692931483,,,,113709.8445,1114.505995,869.817745000008,,,,113454.353963889,1494.01785472248,2412.92013351229,113905.030625453,906.717113940438,1277.90208227307
457049,113207.284079258,1498.88310445665,1944.04982461013,113937.759477132,167.857800417594,178.461730450377,,,,113844.3565,1078.04450000002,892.708400000003,,,,113546.801353422,1494.26716149818,2396.68386443422,113958.848036526,891.094538570178,1244.72562485949
457050,113314.832630438,1456.67860938099,1934.03204326447,114018.898286335,166.855959322405,177.637009831131,,,,113977.8417,1050.3781,917.358799999987,,,,113636.836318833,1482.04440665775,2388.4557365638,114012.494721606,871.864090685907,1211.04221612558
457051,113434.816259581,1400.44117021895,1978.92786219748,114099.950986459,166.010928705,176.77065041037,,,,114108.332,1039.82296000002,946.96467999999,,,,113728.931800956,1462.79826638316,2395.61841493375,114066.347405253,846.729018752681,1172.77850975143
457052,113539.081310027,1383.0432193091,1980.66271865183,114180.855323071,165.446019430034,175.755927476945,,,,114251.5466,1042.04974999999,989.624820000012,,,,113813.975471154,1455.25940054766,2411.89048194283,114119.866701466,820.906057983171,1133.45247309843
457053,113659.550391774,1352.49170122632,2022.7454411286,114261.825222538,164.815547298931,174.659623717889,,,,114394.296,1053.0276,1027.60855,,,,113888.892439728,1451.0403025483,2405.53395915704,114172.658066516,799.688274326065,1097.35681747182
457054,113772.414774284,1343.54030890901,2059.37387233053,114343.112830264,163.877954407217,173.683977531124,,,,114541.684,1045.12000000001,1087.53824999998,,,,113961.956253403,1447.77589960372,2381.67356584559,114225.82243633,781.160569926054,1064.29191627108
457055,113892.781679247,1310.9492627013,2115.63621248375,114424.400437989,162.941858100719,172.778169359342,,,,114693.149,1024.07875999999,1145.57096,,,,114034.243816556,1442.33626476025,2353.80437400601,114280.442679279,762.026423088231,1032.66139376217
457056,114003.307551055,1306.95789950593,2147.07285840025,114505.564233364,162.247248721585,172.097534003988,,,,114849.2385,1024.06164999999,1200.01688000001,,,,114115.155219895,1410.93351542551,2356.22677523228,114336.033913873,740.67178056312,999.774215583093
457057,114104.947084173,1305.0685162509,2187.39812999127,114586.314689274,161.984024081918,170.974351250872,,,,114979.0683,1069.24949999999,1239.25611999999,,,,114178.53259483,1388.27232237296,2348.69807390113,114391.704913435,716.72191882621,963.841976849115
457058,114217.233259012,1302.19395079701,2264.69101998044,114667.076141667,161.810917722512,170.075491115771,,,,115113.081,1106.92641999999,1298.51077000001,,,,114246.687752902,1356.4237015884,2295.23480404918,114446.506820401,693.076964806984,927.781449212896
457059,114306.343814311,1338.94460545754,2280.77698367659,114748.140202936,161.335202487462,169.654835826572,,,,115256.713,1135.22886999999,1354.78420000001,,,,114304.837412535,1322.13196207918,2250.0203650258,114500.01120231,672.512921568879,894.565807516599
457060,114357.613733091,1304.97706614401,2173.90477706621,114828.975456508,161.088294949383,168.664954334497,,,,115274.31743,1131.05867500001,1315.01487,,,,114353.768693406,1297.88866184473,2190.84678525399,114553.928957997,654.034446256788,862.688662823144
457061,114411.198322831,1266.78031364596,2055.31607858205,114910.286287505,160.36456902427,168.097110657007,,,,115295.57003,1123.057328,1276.48373000001,,,,114411.429935522,1262.54306482742,2126.04457221887,114609.87282356,635.795074015172,830.079336021663
457062,114466.270127748,1236.13349666326,1934.95326941249,114990.984399848,160.007936807626,167.318973755202,,,,115318.1934,1117.93724000001,1220.77187999999,,,,114467.006089993,1224.62198454393,2049.47588787568,114666.923552854,616.315197905424,796.889551085347
457063,114515.583141339,1205.2601898664,1810.87839844034,115071.633668666,159.948109940829,166.098839114798,,,,115338.229,1110.90608000002,1169.99892,,,,114516.79492541,1187.98849438342,1975.53206964278,114723.811982495,594.902349505413,763.77741601826
457064,114574.822254303,1158.6437134064,1703.79167059076,115152.479565018,159.520153691512,164.81720672932,,,,115359.303025,1102.10103499999,1127.111225,,,,114571.098144037,1155.9232860737,1880.11999671426,114780.401262372,573.645756542202,731.204171863879
457065,114630.90171911,1122.94662393651,1589.86657482632,115233.629399367,159.131263140924,164.193323689353,,,,115379.38597,1095.258575,1082.61779,,,,114621.713533287,1136.29299170885,1764.71708696175,114836.853247709,554.514056166052,699.493692092205
457066,114682.76853527,1086.45614982242,1474.2846144525,115314.305717265,159.04438719296,163.388949229062,,,,115400.48375,1093.73239500001,1036.89219,,,,114675.505117423,1102.57110165332,1678.26546438216,114893.39230178,536.211827070903,668.617246839858
457067,114733.375165646,1063.1897710566,1384.6577884552,115395.383420499,158.554293220499,163.022708694305,,,,115429.1076,1086.94106199998,998.546440000006,,,,114738.037862889,1054.91758759451,1581.40778425879,114950.206613902,517.346818713719,638.163906915317
457068,114783.169015742,1025.75165817086,1298.31833023397,115476.257512581,158.017824548675,162.209059895074,,,,115457.536715,1076.55618,957.154590000006,,,,114778.47753005,1040.2814785403,1448.45752747839,115007.277169511,499.403522059874,606.546549147781
457069,114830.765526796,990.063859289061,1201.65771110621,115557.328961678,157.700439151624,161.351620585265,,,,115488.4125,1060.31905000001,929.426749999984,,,,114828.0128076,1018.25444437827,1320.84637470034,115064.469292875,483.887540503769,573.091768119964
457070,114892.34797497,950.082234074987,1115.89255559148,115638.256305213,157.543492173252,160.31359467555,,,,115514.3843,1047.663285,900.788800000009,,,,114887.637216226,990.748268902142,1225.78198576337,115121.392867485,469.512185647385,541.957223407895
457071,114946.599484935,933.092279098986,1038.28858009884,115719.434314868,156.862999343532,159.487617045568,,,,115543.5536,1040.595172,884.961815999995,,,,114949.570210777,951.782890104936,1132.87117889521,115177.880890597,454.643362503688,517.49263172262
457072,115008.768546317,894.583447037745,980.884576249649,115800.504167099,156.382589063011,158.55348199232,,,,115568.943445,1041.884985,856.41681000001,,,,115003.747577494,925.872905476543,1043.04213648466,115234.914255304,439.049641521837,499.984873321882
457073,115063.896611033,870.417777738447,911.789897446346,115881.650625028,155.414391056533,157.695952636554,,,,115600.30018,1040.29119000002,826.414649999977,,,,115059.126446241,907.002886595277,973.625518585424,115293.10635392,423.181503148895,488.154289130616
457074,115123.511007975,844.938192565591,871.235473676468,115962.820059402,154.000211746825,156.930920304978,,,,115631.235775,1047.17972500001,809.616824999976,,,,115120.05331232,897.100118196686,939.211741766252,115350.452679801,408.814402387448,478.517899195911
457075,115182.660285835,825.232731274853,838.49993945501,116043.921226036,152.571692903439,156.386871720548,,,,115655.86238,1044.44235999999,794.234790000017,,,,115181.687884773,868.182541485046,904.371899201607,115405.198171548,397.2975407825,467.156624395779
457076,115240.517826522,809.952826403882,798.326437197262,116124.767694001,151.441775580271,155.399063093282,,,,115685.17948,1030.9765185,782.687436500011,,,,115244.853077075,868.563160492049,869.020217022247,115459.203447687,386.950131493242,450.610309809592
457077,115301.009044712,790.67314521053,781.200674274995,116205.797858025,150.750270416218,154.514204839812,,,,115715.2026,1025.10490199999,789.020909999992,,,,115300.20585431,848.377640847451,847.490624950427,115514.574998643,376.293986388293,428.166936507405
457078,115365.540313841,769.869247660987,781.372755554403,116286.422287875,150.464499426598,153.382489721407,,,,115741.422835,1026.68586,784.975175,,,,115364.416857946,826.112045440386,836.251902608812,115570.787122522,367.691300559716,409.648105320841
457079,115431.546034777,771.531447363057,790.330444586347,116367.735024618,149.750651579539,153.04646661134,,,,115774.181,1031.7513,788.927899999995,,,,115424.814845016,815.236990893085,818.754351106239,115626.800945407,363.101089041549,403.342306490318
457080,115511.780739932,724.931934755383,746.25025685782,116448.978261774,148.758285895587,152.758072458339,,,,115834.47685,984.357637499998,742.803780000017,,,,115484.87226989,785.576529168145,804.380347946382,115682.157097625,359.029263412347,400.871968129984
457081,115589.665057871,678.647429237215,694.26702488419,116530.026660663,147.720254820393,152.542979544276,,,,115900.3918,944.159509999983,704.377600000022,,,,115556.640294585,756.979682514357,764.171949084761,115736.872446936,352.421513754831,393.674072099937
457082,115668.746751276,635.621214300219,645.792303228111,116611.225066556,146.790371479961,152.842810079062,,,,115957.2612,915.484567000007,668.232440000007,,,,115631.684689858,713.916809778893,710.098824562112,115792.289306605,347.435747623967,389.10987737056
457083,115753.619578806,584.605259433956,600.005862232734,116692.199333288,146.216378865021,152.913687508451,,,,116024.3128,886.131880000015,625.870320000002,,,,115717.388562958,664.181905696678,658.491430123991,115849.602345665,347.781052396327,395.254059681611
457084,115831.697837129,547.074857664513,550.076949322567,116773.070687354,145.993434512449,151.960093426082,,,,116083.699,855.563875000022,586.882975,,,,115800.047151369,604.745952965459,597.14497048012,115908.090210733,348.159017262849,407.110684739935
457085,115910.430643619,507.00410792022,505.843300203196,116854.354742087,145.27165158515,151.368597852023,,,,116143.1033,831.76281900001,558.30214,,,,115889.000628838,552.408209273519,530.185490370524,115966.773833838,342.605975098428,415.484537204597
457086,115987.827493294,462.658160924271,463.085630485439,116935.31577643,144.769968985405,150.481721960605,,,,116208.0249,801.889148000002,527.448405000003,,,,115981.565822326,500.563319335153,478.232656888198,116025.559311053,331.504731699606,407.453887576368
457087,116066.913952224,424.2605047096,431.61649989181,117016.409453251,144.135643908608,150.20002955012,,,,116272.7116,783.836520000012,511.536699999997,,,,116076.365322746,445.735210785249,437.606822714952,116084.293896679,316.981954727584,375.768637219036
457088,116146.414792254,390.297533970515,396.114325534276,117097.567522805,143.436926099312,149.923793942609,,,,116333.22,756.669619999986,486.68379499999,,,,116164.825917884,414.517891931406,390.128346228448,116141.704313854,301.793286380678,339.591725106657
457089,116227.985132429,361.557071574032,368.430013999081,117178.53933127,143.15179422278,149.292870343168,,,,116397.2872,741.61774999999,486.489349999974,,,,116256.169987752,386.142930522357,364.635282106945,116196.673982637,288.606502117866,318.287917715861
457090,116305.872236963,333.639621456008,340.354487939854,117259.372986543,143.397495299781,148.919475687144,,,,116464.3891,734.873099000004,486.822345000008,,,,116349.308657386,355.281965923132,362.268289710177,116249.833641934,279.108935903874,305.616253923421
457091,116378.854280635,330.286024312722,314.342132225414,117340.164694908,142.874804250037,148.397904602185,,,,116531.2073,726.726049999997,499.795279999991,,,,116432.304953054,351.45622448693,372.700663324489,116302.14232285,274.329183991955,291.374512790484
457092,116462.75887523,328.897169535936,313.410321235235,117421.427082897,141.473790582124,148.019724968559,,,,116598.1491,719.733330000003,511.940025000004,,,,116503.575350404,354.646490775762,362.65061158454,116354.124906442,273.641333283653,275.121161715913
457093,116540.410884959,340.862229087157,324.297186596872,117502.231290407,140.93528344763,146.902842497089,,,,116669.162,716.563339999993,539.532390000008,,,,116567.681647806,353.953706874629,368.927093826249,116406.107866193,276.247335583117,259.119490241486
457094,116618.33742791,355.173343117756,349.12938795473,117583.334752093,140.125638466241,146.065221762416,,,,116738.504,704.66062499999,564.696484999993,,,,116626.992068056,345.821316339061,368.189649319494,116458.058195331,282.31511165644,246.691388143401
457095,116660.081656168,343.483879769177,341.367489377677,117664.284725627,139.469481636348,145.049361853788,,,,116806.2218,699.255780000007,582.607200000013,,,,116679.33004096,333.831338396179,364.911555164232,116509.840087319,292.614883650458,240.093957364996
457096,116701.190864122,332.741760383462,331.186735105439,117745.061528722,139.098825054083,144.062805512352,,,,116877.4864,703.075469999996,619.060444999996,,,,116729.643209914,328.096824321969,367.575699174064,116561.266016814,309.360110272886,236.26654828398
457097,116742.665730259,322.168052845911,324.306290709937,117825.922911342,139.051577191771,143.551319941267,,,,116945.599,720.553209999984,655.044890000005,,,,116777.974900731,322.048106493894,364.168348911378,116612.226298244,332.781184079431,231.737908514857
457098,116784.197469959,312.71095539481,314.492679024814,117906.93441595,138.872300648101,143.024785638409,,,,117011.32705,751.085580000014,693.274234999975,,,,116828.545143444,312.818239157845,366.225833127086,116662.974323906,353.732996456602,226.712126185274
457099,116825.708023331,308.230180985993,308.559420530742,117988.262657012,137.954583637475,142.390850587108,,,,117075.779,791.410100000008,724.463600000017,,,,116875.585386907,304.614921347515,365.015751690284,116713.649130067,364.035745398112,222.016518910954
457100,116868.987003363,296.265579354338,308.915415569398,118069.648808952,137.279120189967,141.850369703185,,,,117113.75835,769.452149999983,685.043030000015,,,,116919.623464643,302.64776402984,361.030960438336,116763.569250991,368.746356495583,217.295981747171
457101,116910.847191306,289.56357726868,302.433470447781,118150.730257975,137.066961616772,141.222873325576,,,,117159.30831,746.534506000011,666.88149,,,,116961.993587384,299.999999623265,356.789094758744,116812.184195456,370.758618210035,212.051249116295
457102,116953.42511334,279.783015515568,297.530461916205,118231.53223192,136.821977739426,140.315901869559,,,,117195.93075,730.166385499993,654.773415999982,,,,117004.921853793,294.484688137236,351.791201171814,116860.287872291,343.201267754674,206.388835469552
457103,116993.101460141,277.515546558046,293.31934013596,118312.803814974,136.021075284254,139.878539523314,,,,117235.8056,722.58275999999,628.87129000001,,,,117045.45597243,295.963167972935,345.662676566906,116908.796060305,294.693079740464,201.315841701435
457104,117035.463732837,275.472637215775,285.489668401875,118393.885826412,135.14226979659,139.266692994002,,,,117271.06885,715.407569999996,602.290099999998,,,,117085.583476987,291.884935866779,339.215466482245,116957.767618162,245.721521883577,200.835934450326
457105,117077.034345498,270.169155378651,282.803735296373,118474.679016189,134.341036384445,138.384146959244,,,,117304.7584,718.943879999977,580.013800000001,,,,117121.976800256,294.517429443498,325.006662975022,117007.080360406,207.659044522996,207.676027519294
457106,117120.11091267,265.001196340949,286.284930424328,118556.173168163,133.144119224729,138.272883231664,,,,117341.855,705.589099499979,570.989200000011,,,,117161.244353389,292.732123465874,322.406043588824,117056.744845244,197.19151566748,216.459457626042
457107,117183.321319062,266.373664298939,289.384733348386,118677.622939798,132.350382641409,137.195427678831,,,,117401.9739,706.3594725,559.928314999997,,,,117218.694277659,301.710883413456,322.906374478931,117132.053511462,187.962226574746,264.426625701613
457108,117224.452985121,263.484680727008,289.351970491785,118759.330738722,132.005265550368,136.996110675071,,,,117443.71771899,693.370617110006,557.179548439992,,,,117255.765678618,302.752564974362,316.888630849266,117183.489888809,183.092839148332,315.863003048362
457109,117264.167816755,270.009374279893,289.390358782606,118840.444065233,131.465908648708,136.456282595318,,,,117486.004645,696.802131799996,554.613818050013,,,,117295.149932851,305.197198475013,319.561694326447,117234.753325806,179.375950029149,367.126440044725
457110,117286.979838763,272.768442948494,292.362343320405,118880.779606528,131.41998273108,135.929372807877,,,,117505.653138,692.955181979996,551.433824300009,,,,117313.42312032,310.47121885985,319.781176656761,117260.310172599,177.906884290744,392.683286837637
457111,117306.763891307,277.814310446236,293.645020790165,118921.168619079,131.520291480352,135.435524105604,,,,117523.4689,691.378260600002,549.104180399998,,,,117331.312460116,313.067246507999,320.442002733442,117285.73741461,176.700204540481,413.998452939544
457112,117327.059416974,277.14544522189,294.416805626941,118961.630398636,131.667348861607,134.995276550777,,,,117544.0591825,694.481582499997,553.37181859999,,,,117349.141410327,318.18904010822,323.142655614953,117311.095917892,175.820810810168,429.244187164455
457113,117347.071742738,282.455194320471,295.055415359544,119002.253513075,131.61510202779,134.597010142854,,,,117563.836257,702.896323449997,554.848159649991,,,,117368.148748729,322.477173347506,327.826291764053,117336.47318273,175.347468472683,438.265859767751
457114,117366.94018985,285.168526509849,301.532325658598,119042.736157042,131.388835285266,134.048834698609,,,,117581.91052288,707.305039369996,553.770564580002,,,,117384.867543868,324.7292146986,328.617195963845,117361.956709207,175.358942493083,434.658096296538
457115,117387.733356573,289.527406823036,305.452649754181,119083.188433335,130.914373091495,133.706456997796,,,,117605.229399,705.926966009982,564.084561600001,,,,117403.363206855,331.61174188742,330.654886720586,117387.607524441,175.879905797789,433.149300919729
457116,117409.121262859,291.434210045642,311.780494725564,119123.687704686,130.33729452455,133.574658237354,,,,117627.021393,708.153105949998,561.697331200005,,,,117422.053980052,337.507574808478,333.076647883601,117413.386927529,176.731257733947,433.007032051872
457117,117429.936114206,296.737249166021,315.395556155287,119164.197519203,129.749672792896,133.393790587055,,,,117648.828013,708.790977350029,562.880573899994,,,,117441.666652025,341.130425760581,335.644741408818,117439.232737821,177.685921635217,432.407548894582
457118,117451.53413702,303.320462278934,320.519843048183,119204.718102301,129.210220382549,133.372837817442,,,,117671.3207555,711.587787800003,571.222907299991,,,,117459.949852928,346.232100572161,339.035304278121,117465.082774792,178.516821364465,429.527115532459
457119,117472.363198796,307.721910978958,324.163015035258,119245.031396152,128.890859157924,133.14714004533,,,,117693.4797945,715.516257700001,576.145578149997,,,,117478.692357053,349.986064280238,344.813847630605,117490.891545363,179.067070906705,423.189709689075
457120,117494.391440638,314.469838417761,328.351886339427,119285.509279716,128.510810731983,133.044558077701,,,,117710.547425,725.446228000015,579.886517334991,,,,117497.880026078,354.016290233383,349.455746991865,117516.676420801,179.444201946651,414.659352576098
457121,117514.799642578,319.222255066896,331.380396432869,119326.085699762,128.190610419522,133.040512592008,,,,117731.796719,726.375991499983,591.725259500003,,,,117518.995502603,358.687887562468,353.575389843143,117542.469573022,179.818000103798,405.77454399805
457122,117534.519139443,324.416022429679,339.707900204463,119366.731361758,127.848463350689,132.999029716724,,,,117756.4318805,724.66808285001,604.292588449971,,,,117539.371130699,359.471687606201,358.491727937304,117568.303173809,180.358250807563,398.37377933113
457123,117554.522270126,333.039783410408,345.438057547013,119407.189659361,127.693680674784,132.500443503144,,,,117775.571908,727.346716799992,609.614009850004,,,,117560.046924306,365.813407014488,362.948908248305,117594.192096694,181.209526961524,393.708146246456
457124,117575.437521456,339.228418668354,349.946022329023,119447.64571135,127.541143612456,131.986541017337,,,,117795.852933,739.629922849999,615.877270650002,,,,117576.406518461,371.730599124101,364.471697142042,117620.086049854,182.421421750216,390.815871268933
457125,117596.255456117,346.338837073956,353.549354117233,119488.129354725,127.361015163988,131.789122729999,,,,117818.6476695,746.741096500002,627.700385499993,,,,117595.365511368,373.981964520703,370.89771770814,117645.919399073,184.021166537219,388.214189652805
457126,117617.81612516,347.748345145825,358.788488790655,119528.761548633,127.134581916325,131.828843660769,,,,117839.5935465,754.694564550009,633.467008565,,,,117615.885228884,378.234707808151,376.242229008116,117671.626510392,186.035992503617,384.420340131692
457127,117639.275163349,353.135593829458,360.864445250438,119569.225633317,127.221912695197,131.372218744393,,,,117856.622655,762.819827549989,638.847448600005,,,,117634.735611066,385.101095267324,378.362809170969,117697.175279255,188.468908147057,378.413109436617
457128,117659.205301,361.391393757222,361.785993358586,119609.709199859,127.289761616034,130.892053666699,,,,117876.297114,770.707599810019,642.073385999989,,,,117655.652722046,389.124920571965,384.110673548945,117722.65991188,191.231671144851,370.910011287531
457129,117678.502113211,369.233507144992,366.337922967185,119650.376041182,127.109221349587,130.5369682405,,,,117900.1261625,760.726006900004,622.972282750023,,,,117676.244496001,394.839527538381,389.837285702626,117748.204352822,194.214555277445,363.03792154853
457130,117698.366821767,378.934620596541,371.660150243944,119690.741986448,127.21132069685,129.770461468885,,,,117923.4960565,746.72594389999,606.132218999992,,,,117695.332871723,400.904013068415,394.653357419986,117773.93254627,197.307834444102,355.92371352941
457131,117718.848444909,386.144680725192,377.012333173043,119731.286891683,127.134460076384,129.381042379566,,,,117942.894965,744.124839799988,590.269625200002,,,,117718.855395517,402.735446596649,399.248532315367,117799.919963646,200.417552643252,350.355442354165
457132,117739.400829424,391.395888353291,384.92355709651,119771.975849721,126.809440897283,129.206064922284,,,,117963.6820525,737.278596700009,577.756155499999,,,,117740.173411876,404.632567434906,406.721279325517,117826.059471499,203.509162422662,345.844779482606
457133,117759.951010374,399.035632636893,391.985638724436,119812.544634044,126.272712519858,129.11747613184,,,,117989.4301445,731.221170050005,562.43635324997,,,,117762.478267838,406.941036340737,412.03562070099,117852.200944282,206.562103351214,341.602887348723
457134,117779.046551719,407.431889869244,396.824436681389,119853.128992817,125.709692491771,129.02211422316,,,,118010.9558345,726.214949150002,538.45606750001,,,,117783.772724149,412.310824893371,414.723828116184,117878.194256821,209.555815235653,336.84093074972
457135,117797.57367548,415.359894204594,401.774425925265,119893.676780308,125.118150493829,128.79323446819,,,,118037.294749,712.347895800005,528.306020999997,,,,117805.287295845,415.769170805012,416.01218781386,117903.939045233,212.501290165063,331.083540731459
457136,117818.174570972,420.769706810635,409.042043378649,119934.019060917,124.732115377628,128.416107818368,,,,118064.1170875,702.320719350013,522.175107599993,,,,117827.462348312,418.250650415604,419.895758468323,117929.522404559,215.52838284985,325.036227099845
457137,117837.946925393,427.276257220496,417.465370047692,119974.416742069,124.577490727897,128.088523908053,,,,118090.130602,694.730358550005,521.491457799988,,,,117850.143360666,419.360502529584,425.864777596507,117955.075564772,218.794932760429,319.682523217271
457138,117857.881699928,432.996843506058,424.104509670113,120014.904994865,124.238354981324,127.851511641551,,,,118112.6643655,698.333017450001,516.95001250002,,,,117872.935397211,423.174796560925,430.234905712248,117980.729755531,222.458778802989,316.005959346643
457139,117885.383810392,427.104195885404,418.223237665137,120055.568895779,123.904281346782,127.790147493593,,,,118137.5806875,688.009640900011,512.907583099994,,,,117897.165532181,423.724270939769,439.543613912218,118006.575232051,226.602917826705,314.578934440869
457140,117913.158081318,420.357191707604,408.91137230341,120096.046435453,123.978457443227,127.73987299799,,,,118160.578914,683.468422699996,510.475526245005,,,,117919.86670561,425.976818536787,444.056159611544,118032.547892083,231.028404379569,314.42504839199
457141,117941.723397921,412.351277285081,406.614243594522,120136.51149327,124.007031776797,127.78797745773,,,,118186.21556075,671.901462049995,519.869371450011,,,,117943.248205407,425.998003176719,445.81403030298,118058.547291785,235.469913120294,314.203255170985
457142,117969.657125199,406.106951303154,397.349655092185,120177.06401207,123.707597200264,127.661692789014,,,,118210.4875072,669.346992300008,516.860625650021,,,,117966.674479985,423.548956749975,450.761705296201,118084.472987536,239.662119281435,312.57251252493
457143,117997.869679031,397.668899366836,390.699766795704,120217.375608271,124.050015013578,127.083670256383,,,,118237.0999304,657.036327900001,524.837930750014,,,,117990.332384625,423.395387106822,450.477805737886,118110.25346834,243.41580971604,308.692670248551
457144,118024.736289286,390.652546348792,385.360004666916,120257.711097755,124.368539544259,126.559668461094,,,,118258.7837305,658.54304515,528.289869449989,,,,118013.788392546,422.489130631409,451.421719171907,118135.926217141,246.828496232265,303.610520614442
457145,118052.427456814,385.450240156759,377.863693885214,120298.251433687,124.482217626632,126.196608502418,,,,118286.541176,657.970958450009,525.801679249998,,,,118038.316435563,421.006509107989,452.08489698956,118161.554378181,250.065196545227,298.817113575482
457146,118079.132066667,381.225588715839,371.167007164884,120338.791769619,124.595895709033,125.833548543698,,,,118308.500442,649.560556650016,527.40703034999,,,,118062.30124464,419.173735163276,450.910801560574,118187.201095561,253.290927956681,295.80349516205
457147,118107.789993065,375.366943567016,368.694540496246,120379.298468286,124.743211056368,125.436851320032,,,,118331.177591,641.988681200004,531.167857349996,,,,118085.924878404,417.448611710541,449.455770848639,118212.910541758,256.615875355084,295.540403777763
457148,118136.296109229,369.022939996561,366.500572056946,120419.870101324,124.825592033492,125.174695741196,,,,118354.014799,639.558848050001,531.374564799989,,,,118111.289828218,414.268470913375,448.227148708684,118238.655420033,259.943660936595,297.038493678221
457149,118162.969285642,365.671729477646,359.849565734286,120460.405846027,124.943861344902,124.941736145644,,,,118377.8447805,646.245007599995,540.650759845012,,,,118136.545129151,411.459883992575,447.96655198693,118264.39160709,263.12927422121,298.846941121243
457150,118191.409895642,362.445412812813,356.098982554598,120500.905052423,125.047782886541,124.621960175078,,,,118407.6832789,648.00671994999,555.617052164991,,,,118160.270417004,406.065577552945,447.787971093741,118290.074979828,266.027705073837,299.514925815325
457151,118217.827062105,360.301639446698,346.457503950267,120541.450963327,124.769103692961,124.324065832581,,,,118437.3313055,642.297306149994,571.02643025,,,,118184.876100747,402.265179346883,444.53965900898,118315.687404947,268.539695847634,298.049357056036
457152,118246.246557472,354.094189799522,342.404159804661,120582.192554775,124.371331217437,124.221852032948,,,,118461.4818675,649.019666850014,585.877325835012,,,,118210.295211117,395.682668374764,441.387651041412,118341.308656998,270.738346021142,295.18148655018
457153,118274.597398845,348.994428593287,337.525675081837,120622.721671626,124.552765063869,123.895958965251,,,,118484.778813,655.963358249996,595.145624445009,,,,118233.994002644,392.441465076903,441.502095791118,118367.04156174,272.737334463964,292.048541474709
457154,118302.983972516,345.792439274126,332.98046972006,120663.327003204,124.392579926163,123.636173955107,,,,118506.826876,666.528761549998,602.995735305012,,,,118258.617153468,388.210449003163,439.692253744113,118392.988944586,274.6503399801,289.78774675139
457155,118330.973686111,342.164924481433,328.713160667394,120703.77478675,124.121196660431,123.218840914313,,,,118533.0808785,674.801200249989,619.292413095012,,,,118283.484871372,384.764825939463,437.655683164703,118419.207133902,276.582338082429,289.23718779473
457156,118358.872143134,336.833495562605,323.940006502089,120744.177142885,123.862040301363,122.756080461404,,,,118557.206495,689.113744350005,626.129013099999,,,,118308.670355216,380.355345201839,432.713126878516,118445.577296063,278.605517558914,290.108042443506
457157,118385.572662381,332.856094072195,317.726677998566,120784.8663436,123.316039362311,122.632872610076,,,,118583.5060375,699.725937499999,646.072718700001,,,,118334.517659947,375.952359215895,430.365177085478,118471.939357685,280.784347961569,291.84617183957
457158,118413.38568678,330.696279327123,314.502716354982,120825.339253568,122.986329169391,122.546903071692,,,,118600.0702494,722.377977199998,652.890414499998,,,,118360.392267927,369.363467164003,425.12972594249,118498.133245786,283.183298028162,293.89743785825
457159,118440.408733263,326.513986664475,313.007465616669,120865.944237516,122.948422049463,122.722263869306,,,,118621.480218,751.423220249984,661.591588585012,,,,118385.185635746,366.707972974677,418.184805864003,118524.052860752,285.758836865643,295.804985323382
457160,118603.339157474,307.624762976498,291.042602225993,121109.186064341,121.464897864615,123.022614995847,,,,118757.4929195,875.299194699983,733.663852400001,,,,118543.631972272,346.80849361766,381.020620581534,118679.671189353,279.920253426346,299.902170504647
457161,118631.043986432,306.692736507597,288.371254840851,121149.634309439,121.161523362622,122.993871609578,,,,118779.95901,890.673657999985,751.570367045002,,,,118569.783320684,344.902119448903,374.882297098316,118705.68693564,273.965151913741,296.975332323505
457162,118658.785195159,301.911764789606,284.418568512498,121190.050927895,120.988868851477,122.933501580352,,,,118802.5108835,906.503321750002,765.845287645003,,,,118597.458717216,340.028228678799,374.653528874202,118731.475125396,267.117854844924,292.035177674508
457163,118686.179621747,298.692282445583,282.41340700211,121230.49669862,120.732789400863,122.902283820353,,,,118820.452088,932.784005335008,772.345467999985,,,,118622.59159422,340.112019200227,364.928845494913,118757.082916182,259.968960146478,285.789201404463
457164,118714.191029758,296.89985084931,282.535824916195,121271.05800096,120.361178335763,123.067753332463,,,,118848.577219,913.067674849997,758.425364249997,,,,118650.930463264,335.183631586726,358.583709315106,118782.590301907,253.175718152866,279.170057378331
457165,118741.869869013,298.120282461401,282.300783533603,121311.48165591,120.127214660213,122.867774395563,,,,118873.1139775,898.550671624995,747.143876500006,,,,118676.901971276,335.963825020764,356.399631801425,118808.077276445,247.395377032299,273.11039603033
457166,118769.648426128,294.287732261466,280.42598183213,121352.091961634,119.68225185982,122.671087732117,,,,118896.8758435,879.765071970018,733.881213499975,,,,118703.502146628,333.333493698185,348.586459502505,118833.618481158,242.997837233183,268.087781326452
457167,118796.820942254,293.711728894268,278.167975036413,121392.595870342,119.273047823081,122.519513269857,,,,118921.906112,865.779052044993,718.591663849991,,,,118730.27948045,327.223339054661,346.552615868,118859.26839364,239.270513224939,262.865391883766
457168,118825.505845377,288.795934176218,278.075161610846,121433.136615698,118.822155985617,122.697328034439,,,,118947.127534,856.839202049989,702.787278450007,,,,118758.700180671,321.840730508353,341.045296322322,118885.07674417,235.245961305351,255.802775118515
457169,118854.08524427,285.112459012773,278.164639042254,121473.559887323,118.491163455183,122.480843139216,,,,118977.5711265,842.630032749992,700.387963099987,,,,118785.246697253,320.245691007716,345.219466195631,118911.093262826,229.956740606998,245.259484472641
457170,118880.791751216,286.02282833941,274.765530500605,121514.038505764,118.104824108595,122.154822265948,,,,119001.147243,830.114851795021,689.635808049978,,,,118812.445209008,321.635350786382,337.680553704107,118937.341205005,222.811434276955,230.394367519693
457171,118908.54960526,285.506760149583,277.017352479656,121554.556328671,117.679280296143,121.838415082952,,,,119025.75825275,815.310909549997,679.054633000007,,,,118840.601934266,319.846487287767,331.18596033167,118963.74409163,214.635169583999,213.377343892236
457172,118936.964049516,282.983691487301,278.075835335738,121594.913325439,117.699555249652,121.680835579013,,,,119052.1737115,801.22055025,669.123672450005,,,,118868.593390429,322.83804366822,326.192297377173,118990.201962357,206.586581899523,197.087253554884
457173,118966.426772494,283.324800776274,278.544059899024,121635.493838383,117.721557530022,121.34820580791,,,,119076.851515,783.061159709992,652.197003699999,,,,118895.743521089,325.692826912011,320.597743832623,119016.614856968,199.824304683498,184.402930304874
457174,118996.138736789,280.057790934254,282.258679464823,121675.973030052,117.57835765669,121.053754558568,,,,119100.3665635,771.826371450006,650.007953549997,,,,118925.130156403,326.43045126558,323.617840345105,119042.899940902,195.25343858928,177.385122162435
457175,119024.981042104,279.685934183377,286.272229253751,121716.221961608,117.793917595758,120.540174324924,,,,119125.7371945,762.758970250026,651.131156049989,,,,118952.010218317,330.097536848727,323.024187367802,119069.038894747,192.823984613773,175.012713879041
457176,119051.774525786,283.130104708398,289.665624606496,121756.720305232,117.811826249104,120.339476806723,,,,119154.3959435,741.520058345006,649.864394899996,,,,118978.390726561,337.930722082732,317.952058212541,119095.0285884,192.261077144198,175.5390029439
457177,119080.668121694,282.118709456961,289.855456070873,121797.356504176,117.597305550473,120.433242223575,,,,119180.2345405,732.316623024977,640.713234199997,,,,119008.643780652,334.101364850372,316.352944087441,119120.865891913,193.289850089117,177.2172895236
457178,119110.699897164,280.607663047704,294.713463566339,121838.020583865,117.344794062446,120.507291645481,,,,119209.340563,720.321405699986,634.723541400017,,,,119036.554441243,333.085482211376,314.877811950573,119146.568394419,195.571938928464,178.656022261915
457179,119137.419994083,280.07520349267,299.337013503493,121878.425834153,117.229541784764,120.277594441257,,,,119240.15487895,708.35937744999,646.922418449991,,,,119066.213280833,337.716302267596,313.354498989502,119172.23173723,198.529770149791,179.801552351972
457180,119164.838946816,280.443412017252,298.384553045267,121919.12947589,116.723814923316,120.346288684799,,,,119264.9643305,703.39631120002,640.240973149994,,,,119094.637740123,336.386522057524,311.350399644783,119197.969938093,201.529451389681,180.915223886725
457181,119193.278581189,282.460913229414,302.655665454105,121959.680575761,116.940949640848,119.94094020607,,,,119290.903281,699.388163465002,642.760186850006,,,,119124.27207705,339.257552785217,311.606239151311,119223.897014466,203.937092141612,182.258380426938
457182,119222.330013389,283.648326976603,303.707891091923,122000.257138875,116.980093301492,119.486023037651,,,,119317.012296,685.556644585013,636.349647449999,,,,119153.570652716,342.877383070838,312.903400784839,119250.088537819,205.365119171038,184.021759241572
457183,119250.660286441,284.517032928721,306.876560993202,122040.955319083,116.802223328734,119.034923111758,,,,119345.908564,683.411586150003,642.623096800002,,,,119182.68176058,350.603721211985,313.837047468303,119276.475247291,206.353876796798,186.130112121013
457184,119279.613300138,287.138422539661,310.446150899865,122081.547112339,116.715962623319,119.050040326023,,,,119372.6047445,676.029302950003,633.940900300004,,,,119212.808875401,348.051056956829,316.667449112123,119302.953783003,207.662176251644,188.445567806382
457185,119306.735760799,290.597104973247,313.918462695903,122121.950700717,116.725324191793,118.97401102545,,,,119402.9738065,663.475924600003,640.45188085,,,,119240.99925995,346.044545788711,318.876838920085,119329.420785244,210.048826845159,190.830255347435
457186,119333.916777568,296.311040970235,314.772365447381,122162.619552261,116.46126281163,118.962200953931,,,,119425.599901,665.545967149985,636.063517100003,,,,119271.364458532,345.652695808472,320.856170499654,119355.794773904,214.017545392009,193.187236729747
457187,119361.478592785,302.047898313831,315.567566063779,122203.257364956,115.83530622338,118.331736249369,,,,119448.0787115,664.665588200005,626.248659400007,,,,119301.356127785,350.409577707745,318.2664657407,119382.076692921,219.111073448847,195.573775020617
457188,119388.181305927,304.669846805758,316.223751567144,122243.686642211,115.648181315017,117.492736105589,,,,119471.242874,658.473029150016,621.379778749993,,,,119332.393952973,355.081554634773,322.767500845715,119408.286891972,224.64590262367,198.083438058427
457189,119415.654672429,308.174326931956,317.709702921769,122284.135631519,115.388016605168,117.00937703572,,,,119497.25323225,662.233476399997,630.016815199997,,,,119363.240456964,358.979897868485,326.159379963283,119434.445720714,229.938525884761,200.809793444292
457190,119441.454815417,314.228529724351,320.557799136121,122324.520321834,115.105523813036,116.600587207548,,,,119521.406472,665.953291099999,627.225459300011,,,,119394.441587227,361.562185413306,331.262598226109,119460.570855409,234.485871045283,203.814934777169
457191,119468.847723754,319.722523469536,324.100416200032,122365.210591932,114.965512430674,116.246908278117,,,,119546.719951,664.966162899989,640.64617288002,,,,119425.090164772,362.468223316828,333.931741047083,119486.669901192,238.464593566343,207.04238792877
457192,119495.138953561,324.072427971361,324.733799041365,122405.65978185,115.296528453124,115.710985743062,,,,119571.49486585,666.30106415,649.807242849987,,,,119455.736661601,365.431096391534,338.148745073966,119512.748092072,242.211382525144,210.40776344006
457193,119524.537956388,326.303072249662,328.813841508963,122446.095320245,115.636721318355,115.920578805948,,,,119597.4496,670.930035500001,655.358476599999,,,,119484.930417017,369.644686853208,340.906438340462,119538.810662037,246.062926522165,213.826671672578
457194,119551.938132797,331.336344914846,333.858908586873,122486.730892319,115.761195283718,116.33020554838,,,,119623.744138,666.240408250014,663.789383999989,,,,119515.786270385,369.363975979271,341.660059372181,119564.859588639,250.292684419896,217.190924242634
457195,119579.319604885,336.933175380342,336.673259233081,122527.340807866,115.840574894581,116.548229640684,,,,119648.893737,678.97610629999,671.477474689993,,,,119547.302896676,371.692713225086,348.424262677334,119590.884581915,254.93591828947,220.302678990643
457196,119606.733667264,341.20048258263,340.662691448772,122568.078404904,115.704684418277,116.745219031101,,,,119673.631921,696.306314900008,684.30703684999,,,,119579.972728366,373.79485573378,352.473457516448,119616.872463664,259.971809661554,222.942985864851
457197,119634.049120139,344.670166847121,343.589581641456,122608.632208072,115.661346208522,116.75841455163,,,,119699.473654,703.169015499996,696.857890800005,,,,119611.282184299,373.659958414049,354.547377274357,119642.810055715,265.379540315698,224.892895777055
457198,119661.214124528,350.532208948716,348.420228292132,122649.117490258,115.686528981227,116.703089089671,,,,119726.2132095,713.3117337,702.594720699999,,,,119643.332528546,371.02538258952,359.071274347283,119668.68831228,271.171303152107,226.0612692375
457199,119688.854500767,355.124896610097,354.122919912072,122689.654164673,115.647270387679,116.618326994532,,,,119749.055052,729.260271200008,706.059364800007,,,,119672.604084692,378.250465555786,358.97251012527,119694.513754925,277.483649375645,226.838446471855
457200,119717.389650133,359.83964413192,359.61497818667,122730.261274959,115.490314881317,116.553595273639,,,,119774.2688045,739.607941850001,713.623485399992,,,,119705.621302227,375.988709622819,361.475654791779,119720.29657036,284.482408843032,227.72812625482
457201,119743.993564098,366.710452490399,365.112250189966,122770.722737815,115.479006803886,116.343216123845,,,,119798.734577,752.90014464999,719.917528449994,,,,119737.703107494,374.254015898288,365.164067219186,119746.046945264,292.33341072021,229.234006033279
457202,119771.461856344,371.380673942534,367.592014779657,122811.226268131,115.425631267397,116.17490443305,,,,119825.296838,763.762716149984,730.929216375007,,,,119769.707190099,376.263395057744,367.497352522914,119771.770611007,301.110854999672,231.683651548432
457203,119798.69802297,378.490307881904,371.044963301887,122851.973880856,115.128173320627,116.107010417167,,,,119853.0317635,768.329175100007,746.086865300007,,,,119799.776419149,382.288946240064,369.536259235829,119797.456515082,310.543759552442,234.741111524607
457204,119840.315938805,371.165949439252,369.733655037751,122892.562995189,114.989213767039,115.907268823925,,,,119875.201701,768.459383549984,730.176683550017,,,,119832.190460282,383.838912566222,373.989768827785,119823.089653426,320.279873312931,237.914217666228
457205,119880.230860694,369.418773802463,362.245179539197,122933.148870957,114.906077646301,116.283279002135,,,,119903.8603342,760.801560649998,720.441578749989,,,,119862.783318885,383.190357792657,378.123599913364,119848.655022032,329.966945828884,240.71080276939
457206,119919.671447754,365.93346580147,356.050680768778,122973.575168644,115.102118429917,116.178736993359,,,,119925.106568,772.688051949997,699.994316000011,,,,119894.380102304,383.760235839829,379.191670810775,119874.145483249,339.334078450018,242.783504140607
457207,119960.83547904,366.061389623341,359.308203921886,123014.059038471,114.988493895944,116.240765094801,,,,119949.273018,769.018460550011,692.978601449984,,,,119925.111180048,384.081545897119,380.207086725786,119899.583533269,348.416838104022,244.330461421836
457208,120001.418101038,363.89729523375,359.106063406405,123054.742840379,114.648708305263,116.379184098521,,,,119976.1471775,763.469994449988,685.290878000014,,,,119956.638337294,383.152624583687,383.642311812175,119924.99864521,357.322945315333,245.678246152136
457209,120041.873404409,359.347797514944,356.020218521924,123095.597642049,114.225879006219,116.459241731631,,,,120002.47002305,759.316428499995,678.842074550019,,,,119986.191454221,382.574832791113,383.28670737354,119950.420292218,366.160120211105,247.153429313825
457210,120081.136556045,363.188673037119,349.761013891301,123136.051293199,114.111688097459,116.262204295839,,,,120029.39606935,761.326233,673.119409199993,,,,120016.138996861,383.685931277665,383.141302671313,119975.881189425,374.983381229496,249.008735798605
457211,120124.612517842,355.085259751839,352.193626816792,123176.454965845,114.009174818173,116.015188354519,,,,120055.3297965,760.286407649997,665.003883199999,,,,120046.480645768,383.535951697078,387.002027667535,120001.426265066,383.649210904288,251.218700165729
457212,120162.831228834,360.072714359194,351.852407280618,123216.863873499,113.864599087043,115.773407422297,,,,120085.7290575,752.497585899982,667.906142550011,,,,120077.574482492,379.425562247387,391.314072512221,120027.103322801,391.967348902763,253.692360440706
457213,120203.903238802,362.696684160823,353.066242425732,123257.26755926,113.759934202753,115.526404597054,,,,120114.3319985,745.401776549988,680.008742250007,,,,120105.532676515,386.657376119765,387.336204253341,120052.960166115,399.747535735034,256.338754860699
457214,120244.184192372,366.20851236998,353.847583955445,123297.654866853,113.671647487354,115.211528377331,,,,120142.517652,751.30876705001,686.054676799991,,,,120132.917897479,387.178768278187,386.921280383685,120079.021051391,406.911308232637,259.094996419852
457215,120284.707904718,375.298748811561,354.361827319066,123338.185006104,113.435482944376,115.156763172272,,,,120170.603493,760.222639549989,686.957958049985,,,,120162.945633135,383.48377125198,393.522736606596,120105.22152923,413.80135830192,262.003960325557
457216,120326.417261572,381.460266341426,359.495995068282,123378.605957551,113.359231577022,115.026511492833,,,,120197.812132,766.716916499994,692.936413449992,,,,120190.017973287,384.840537550321,393.59337656344,120131.476265535,420.859533694558,265.133422213374
457217,120367.30179353,381.835987546467,368.567505701765,123419.093285713,113.177621567273,114.65379666019,,,,120228.236322,771.772427000004,710.657513149999,,,,120216.333316125,390.102192768652,393.295482091606,120157.699926362,428.527680899875,268.551157278009
457218,120408.453419903,385.826424194296,375.664866829276,123459.571446783,113.171616911,114.190560387418,,,,120257.1634075,780.7411441,729.143882649994,,,,120245.170183,392.821365609125,394.888982360222,120183.827608993,437.080200172088,272.266469717113
457219,120449.770184453,391.101580992923,381.227159328555,123500.113078767,113.123537442574,114.054187256173,,,,120286.5536545,787.077192600016,744.884300400008,,,,120273.41779196,398.463651946629,401.216489596161,120209.871378495,446.160694340375,276.068393894602
457220,120491.204412676,398.111993768151,378.864262962496,123540.497619688,113.232802973827,113.80173998134,,,,120311.77888295,802.140434050016,750.828557049987,,,,120298.637260255,404.509791864519,401.577025605351,120235.861421062,455.264252644367,279.694104318231
457221,120534.152519384,403.512102306981,386.913599414504,123581.005805953,113.229724266217,113.283551870685,,,,120340.4620775,807.095902600006,768.405786049989,,,,120327.776509466,408.120181393955,403.962761469418,120261.827922868,463.885965536727,282.880776421938
457222,120574.271762807,414.433948430582,395.125856853178,123621.871007989,112.853399934043,112.892501912851,,,,120368.622165,810.601288299993,779.141702180001,,,,120355.180666988,415.224257938477,401.506155331692,120287.797934079,471.68183590399,285.48842971772
457223,120615.240463423,425.437482343026,403.50959570249,123662.434780119,112.63077146736,112.200022048404,,,,120397.685172,815.162388799989,785.410557749987,,,,120384.972427925,417.567873449036,404.578022005342,120313.786691019,478.914050156847,287.839857503743
457224,120655.147777609,436.946325634999,412.225111750042,123703.006861887,112.33056464298,111.734050059735,,,,120425.0968705,827.327683149982,792.830802100027,,,,120412.649719343,422.556557695847,409.640996134374,120339.806648586,485.987513251646,290.366807543323
457225,120696.97266077,444.880966768527,423.074445480452,123743.545741366,111.924343714505,111.785465730442,,,,120453.855907,832.29940969999,806.691850100018,,,,120444.520939511,422.407765523327,417.797883286199,120365.870261655,493.307129273904,293.501026056663
457226,120737.623840218,457.702895699258,426.287823461957,123784.211479814,111.739731301845,112.057275708896,,,,120482.1780645,852.957154599979,821.840769650022,,,,120473.422448908,422.525646285227,424.877642452499,120391.986803675,501.162286682738,297.469556734432
457227,120779.61364444,462.635280512375,436.731545514034,123824.846796256,111.46981135034,112.412618480856,,,,120511.61472,872.528932199988,838.059215100002,,,,120503.124016712,430.003299036674,432.80022648444,120418.153563153,509.407207630706,301.728295272551
457228,120821.631976444,476.793633439869,450.786832098354,123865.449682889,111.304356451787,112.353004437435,,,,120535.8577835,900.189201800007,846.569396194987,,,,120531.851459104,440.076668587906,436.288536455686,120444.365006884,517.79365965075,305.551579940875
457229,120863.132004649,489.217785154789,463.271776742127,123906.035198999,111.139797536307,112.67006900163,,,,120564.836822,921.544836350004,861.900275279986,,,,120565.134557581,446.125875500424,446.807861452398,120470.615601756,526.073411730773,308.213751568997
457230,120906.166765862,496.718789745093,475.195699151096,123946.443146916,110.946427102317,112.178732385626,,,,120591.789302,936.988767900009,878.311774599992,,,,120597.546271352,447.408584133824,456.823990122371,120496.912335462,534.191226663592,309.328684055814
457231,120946.048038914,510.281329843201,490.491313363891,123986.935736893,110.72426174354,111.734183771914,,,,120617.3687295,956.336554350011,889.927567199993,,,,120628.05899487,461.216844344119,462.83403175867,120523.309363605,542.818906551634,309.789328047991
457232,120988.542256058,519.135743539548,505.7771054974,124027.42832687,110.75082727072,111.528126913268,,,,120646.033536,977.879835999993,901.013136649999,,,,120659.418045609,467.595207272083,466.890554043785,120549.871946899,552.799426069425,310.789777271639
457233,121029.969120268,529.506836779357,518.408050970073,124068.056579573,110.786227893608,111.750452764594,,,,120675.915299,1003.81836414999,920.706557150013,,,,120693.345795237,476.119149295395,473.506722170743,120576.665346255,564.97575633823,313.524122226503
457234,121071.8856327,541.341096939606,529.362127504573,124108.705190634,110.701103393163,111.993136974255,,,,120701.2699505,1030.60717799999,933.203481899982,,,,120724.89002056,494.415939476108,480.687709108926,120603.780581259,579.719552463081,318.758466114916
457235,121111.516522639,553.892686426581,542.982349948041,124149.371303611,110.31282931738,111.906234575654,,,,120726.634824,1059.66086699998,947.798611850012,,,,120759.901504738,509.817382766108,494.776201156477,120631.405708662,595.626944830656,325.64661381043
457236,121153.056815541,564.366640529784,558.53096459544,124189.890451519,110.150778394338,111.735399538302,,,,120754.1174545,1086.99499625,962.416369920014,,,,120796.483648819,519.929519650439,506.626617484886,120659.751631437,610.876038105271,332.962774134357
457237,121193.083250874,585.860874895618,568.108781914605,124230.580891179,110.120616046785,111.384590383532,,,,120783.185573,1114.820442,981.682772550004,,,,120828.748126327,534.297847641545,514.66699540324,120689.029251927,623.644941832419,339.481159276809
457238,121236.252249952,599.204992412153,583.67345585984,124271.200382001,109.919339946748,111.099156288503,,,,120809.0761565,1143.87859049998,994.791761349989,,,,120862.765618708,550.258182381658,524.113005014326,120719.366172404,632.759243929133,344.422845305991
457239,121275.601264399,616.180695641146,595.383320383044,124311.597438516,109.799363144281,110.967924225624,,,,120837.406956,1171.15402260001,1015.35226752999,,,,120900.198001905,559.707726382578,529.171921628804,120750.5761901,639.48368950939,348.692317793975
457240,121316.830876628,629.976082313224,611.01282379136,124352.303795657,109.322192736901,111.3183476306,,,,120862.4464025,1196.09772685,1029.87424065001,,,,120937.156913731,571.482671099977,542.365614079856,120782.399220666,645.657293613534,353.590400627247
457241,121357.515051414,645.679647959972,624.977739627211,124392.77097084,109.084204287967,111.313557809844,,,,120888.6288105,1222.835647,1045.7972627,,,,120976.147607034,584.693569792711,552.652327527947,120814.575179639,653.119067416541,360.41791467549
457242,121398.662609762,657.717569416622,633.756128068533,124433.202076484,109.013510341072,110.965904034325,,,,120912.4682355,1251.21406900001,1061.50381875,,,,121016.432656358,595.08643886869,565.465211291419,120846.829009748,663.195280297863,370.075512597046
457243,121442.165006394,669.807243797899,647.277001497307,124473.867862483,108.708207079791,111.068430165164,,,,120935.9776645,1277.30525584499,1072.33040305,,,,121057.894372982,608.696679237706,576.484360226939,120878.829248701,675.28061921589,381.956347779778
457244,121483.149609483,685.65576148832,666.089373292794,124514.403362351,108.35773017208,111.040670165399,,,,121018.4632005,1243.7741924,1041.11815749999,,,,121096.747820381,625.150186372295,582.599076174141,120910.23115433,688.315003516473,395.098651224354
457245,121560.954921585,718.204286561013,694.979137970775,124595.331747647,107.832116645412,110.734917920679,,,,121187.055465,1177.83305845002,975.133243999968,,,,121186.356742197,646.587194647451,604.694696205697,120970.750445257,712.448781103813,421.959665555303
457246,121600.416678876,741.056882773715,706.363724762356,124635.817790813,107.612550686797,110.685313822076,,,,121275.4797335,1154.26082885001,957.429034500004,,,,121229.022931445,662.526314202943,616.542787452679,121004.307799255,718.303423481688,437.440408328621
457247,121640.002365862,758.37824072373,720.681843814527,124676.225873772,107.614589076795,110.486252772345,,,,121359.066628,1135.378614605,962.412385899996,,,,121273.548923544,674.407561828717,635.316982400996,121046.046193097,714.678867798299,457.634426602555
457248,121681.334504401,775.286697300675,735.257339351563,124716.586091119,107.836228183369,109.949509661295,,,,121448.12174295,1118.19866555001,1000.73209025001,,,,121317.135675294,692.643049897582,657.331521534274,121100.649753953,697.451719830162,485.193255908074
457249,121721.492521828,794.948495064207,750.235733081106,124757.129314626,107.874861130695,109.592763588036,,,,121547.762208,1125.18626594999,1032.472098,,,,121365.626549959,710.426772836843,676.788164489029,121171.109866203,664.298989396484,522.237521564239
457250,121761.108858942,815.471267824556,764.603957008716,124797.819047549,107.729192028433,109.541917572918,,,,121633.975662,1137.731291,1054.99009549999,,,,121415.436835915,726.289150989163,688.415635372105,121254.041074566,619.680103568913,568.887823065219
457251,121800.774197033,831.719817115139,778.616545481782,124838.618970825,107.399679289403,109.579249986375,,,,121708.5869045,1190.73727251,1062.92638850001,,,,121466.172273948,747.500921004932,699.931846103034,121344.556574337,555.419630497141,624.793878124852
457252,121840.659038792,842.624485423163,792.060060446616,124879.109638055,107.032721118841,109.682201466028,,,,121774.656285,1237.62268199999,1073.13434285,,,,121515.335441971,766.603275928035,715.825169505537,121437.769563418,484.121929220302,689.605389514312
457253,121882.781068075,854.20707193164,809.166443770737,124919.585958424,106.578805651996,109.552370754944,,,,121838.6441855,1314.71091364999,1081.915664,,,,121569.388853625,785.845801066636,738.881503334065,121529.138791064,416.349200321463,760.989968558453
457254,121922.985242239,872.329949174265,823.82484707376,124960.162295763,106.172716258938,109.514056131185,,,,121898.023745,1387.65225300001,1091.57219994999,,,,121624.417208089,800.151128922764,758.852259605119,121615.424755138,353.182450537308,829.148363086962
457255,121961.765224646,890.391560645818,836.996574625067,125000.843714543,106.129244476004,109.852130567146,,,,121955.70999,1481.72397099998,1092.96285099999,,,,121678.811704495,817.291784304703,782.528782648558,121693.694434397,294.885828196871,882.523338641418
457256,122002.896493281,909.113396228713,852.053645067688,125041.507474932,106.10343108316,110.080055351355,,,,122022.4970905,1596.02265899999,1106.29728589999,,,,121737.091730229,836.762178159377,805.829536862919,121761.01481781,241.723487822703,909.557690375121
457257,122042.738295301,929.602102992358,864.33385319059,125082.05434816,105.946129006523,110.429480537408,,,,122086.509221,1714.84532399999,1132.57376800002,,,,121796.09935685,854.126906619145,824.22550050955,121815.807626634,194.781130845804,902.622128217175
457258,122082.384783554,948.81848688607,874.616540576651,125122.474598156,105.931004511614,109.833927206579,,,,122142.6443085,1838.247391,1150.65455519498,,,,121856.537903458,872.064072395355,843.000390033165,121861.598080794,158.239360615902,868.88446114285
457259,122122.913108468,963.948668887868,889.779946362716,125162.909900363,106.425606363526,109.479469128521,,,,122202.2658475,1967.61924999997,1181.51092865001,,,,121920.76489241,885.792963469925,872.535253655253,121903.11295697,137.007437536624,818.996295314311
457260,122163.664293072,980.492940199634,908.131949860632,125203.646237644,106.619173140964,109.306789970142,,,,122262.782229,2113.42866399999,1191.24948320001,,,,121986.639057481,903.483445941558,891.228710366733,121945.079018768,135.994574581346,763.609221114908
457261,122205.034313852,995.547463468873,925.833933948757,125243.928261688,107.119945600673,109.381683974396,,,,122321.785598,2257.54590400001,1218.93634244999,,,,122051.684942976,921.246567642011,910.914155033708,121990.488787038,153.818496126754,711.281816259216
457262,122247.405902015,1009.09354194409,942.254072633703,125284.598341154,106.62093839499,109.560384832206,,,,122375.068915,2401.16139449998,1244.79521915001,,,,122118.73650145,938.653461588008,935.969104977878,122028.209700957,172.98776218736,655.096031695386
457263,122285.496995777,1028.48340381513,953.576863053138,125325.234177136,106.5213528733,109.438168205364,,,,122432.1142445,2547.6757455,1256.07254825,,,,122184.710911242,958.433557077515,959.042563797819,122048.278229033,167.723617562122,588.984642830575
457264,122326.821671342,1046.13004915534,969.282926206331,125365.810740784,106.633660285326,109.495506386636,,,,122479.769189,2702.607854,1265.22753115,,,,122253.891547901,979.977981583594,980.926771335609,122063.219483186,152.782363409031,529.369059134726
457265,122366.422033445,1066.15017471468,986.427941636532,125406.460888628,106.608002509325,109.623985778002,,,,122534.2429375,2852.954772,1273.69245042001,,,,122328.348548349,997.054743165456,1012.47189868169,122072.341365347,143.660481248269,478.213184218461
457266,122407.752699372,1085.12896665515,997.594524118642,125446.928966131,106.557601373104,109.526677843838,,,,122592.883765,2992.26945349999,1305.82481500001,,,,122402.651974043,1018.38861503088,1035.93669038596,122081.910838931,134.0910076648,439.767585258684
457267,122640.081690193,1032.09217242021,963.355266767307,125487.497836359,106.406407511138,109.499718313993,,,,122645.469971,3135.888424,1310.46341910001,,,,122497.672816564,1027.56097675448,1059.34610778371,122099.833293826,156.13064928411,418.821196586126
457268,122858.157919587,989.561713348521,910.978611948929,125527.976927306,106.344992931496,109.443168091122,,,,122688.5064355,3304.51182249998,1322.133556735,,,,122628.706317762,1029.48266884939,1066.07941789051,122134.014072491,504.39980909742,420.162905017045
457269,123083.275198957,941.511953581401,863.244391476168,125568.217166033,106.522430571102,109.069387579613,,,,122737.872571,3458.11005999999,1361.43328052002,,,,122786.962189094,1022.37243922603,1066.57380879678,122186.066676418,1866.26419611243,442.278942102086
457270,123323.448197159,892.083086334198,861.722938270628,125608.770044835,106.325435334176,108.935980299109,,,,122788.6593565,3614.13643200001,1369.94903404999,,,,122974.573835407,1012.20588174032,1046.74304269996,122233.902210482,3659.69130277449,459.912403518916
457271,123556.261095595,847.914399700341,847.621494782055,125649.104349228,106.307189510073,108.553868829593,,,,122840.702125,3773.9550265,1393.34068425001,,,,123189.351637016,987.237461595418,1030.60730348861,122249.851338254,5489.71034926911,442.216352080883
457272,123781.686992331,843.191801575333,836.076592042213,125689.513400963,106.225271446136,108.62534530666,,,,122890.511365,3921.25457250001,1427.05981720499,,,,123428.437008693,966.930551749276,1012.06748076808,122264.554310159,6903.04187120251,416.653447663542
457273,124004.140045687,825.542256556,829.651146883407,125729.918453306,106.726781287027,108.474735681491,,,,122943.3583425,4080.29609799999,1461.25108825001,,,,123693.542454507,958.816953125977,1018.44039190328,122279.257282064,7387.79135215438,382.646270569909
457274,124229.480139197,817.03385359596,816.680498149159,125770.345916139,106.535743861125,108.522884032602,,,,122992.78215,4230.805329,1480.16773284998,,,,123960.67936322,949.95462768391,983.929977332431,122293.960253969,7440.17411425755,343.472041718152
457275,124461.744825434,806.090556235387,820.767034298115,125810.731924364,106.402984679851,108.3707760791,,,,123048.169763,4398.70630499999,1518.27359108499,,,,124240.026657898,945.167772954766,973.32750630872,122308.663225873,7425.47114235262,303.608902583888
457276,124696.501506767,793.574846185526,831.232755680219,125851.259199046,106.391255062132,108.514464952197,,,,123104.779139,4539.3232645,1571.28200702999,,,,124548.187549929,926.156786225984,994.943978397932,122754.878187346,6979.25618088052,721.744584069995
457277,124931.076007068,780.996474215106,856.491406672954,125891.699594343,106.466404830309,108.716664581385,,,,123170.100595,4681.69865300001,1612.022130155,,,,124868.100321412,892.69567476667,1043.36878831308,123990.212446983,5743.92192124257,1934.31958486322
457278,125167.77650726,766.767843399459,899.047204380855,125932.130063471,106.584816773568,108.761966705133,,,,123223.527445,4827.366458,1653.16253505497,,,,125188.477016212,888.382462973372,1087.31171688312,125576.102674102,4163.77925541306,3495.14674390097
457279,125393.31063837,756.961377557702,914.600633543945,125972.603368325,106.67244226599,108.577922920624,,,,123279.921695,4967.6267625,1699.972257645,,,,125508.705840905,904.175070027559,1126.32891808565,127153.098160093,2627.76064316691,5038.50798575493
457280,126320.121052363,785.265713559347,1091.65651270533,126134.368223337,106.657473673215,109.673438394588,,,,123572.61985,5299.7501125,1760.443875,,,,126737.881691753,942.955508482992,1453.01984028961,128542.827617116,1343.51138551529,6247.31713406974
457281,126551.818012292,791.296512054803,1131.31879433831,126174.891631531,106.967765077992,109.845281212358,,,,123711.0586,5171.23626500001,1729.55278999999,,,,127018.934323724,986.358699668053,1501.09486685155,128544.693430416,1343.44200625787,6249.18294736967
457282,126784.14592914,815.259820698397,1185.84758522372,126215.569580151,107.193771848746,110.035634126223,,,,123850.67975,5040.45576999999,1699.18560000001,,,,127288.189922132,1010.91182401312,1563.86222993099,128546.559243716,1342.20980160122,6251.0487606696
457283,127028.44339956,834.509418270973,1253.78120599494,126256.078761187,107.125107547821,110.047164867676,,,,123988.5927,4919.80764000001,1691.36776999998,,,,127530.874233336,1037.10973382142,1628.69826553101,128548.425057015,1341.3680015279,6252.91457396952
457284,127256.852867599,861.853595792534,1306.89672122979,126296.488365976,107.27171714307,109.931038928116,,,,124122.47515,4803.216,1665.61849999998,,,,127743.098598499,1075.51154934107,1650.08725960061,128550.290870315,1341.77974377845,6229.32453786659
457285,127488.582316121,894.318040268743,1357.02292878261,126337.068173637,107.393071394443,109.910268115695,,,,124262.1906,4672.89202,1636.79002,,,,127938.689076191,1086.58585559249,1689.3983229484,128552.156683615,1344.30816609335,5942.75658840193
457286,127714.005634554,927.364116842436,1401.14596644523,126377.534975231,107.546247228107,109.790721545985,,,,124387.09525,4560.38501249999,1593.62995,,,,128101.856744099,1099.87457697964,1708.65690465806,128554.022496915,1349.40940528647,4767.73141267893
457287,127947.515995821,970.128861420919,1466.80899608316,126417.953434941,107.78688109573,109.584758206169,,,,124518.1717,4441.64934999999,1575.76714,,,,128236.199837355,1093.88576733877,1711.18087467694,128555.888310215,1355.91159446473,3228.70653937415
457288,128173.886055734,1011.07166992308,1524.38930537134,126458.571046926,107.682096431061,109.593786794896,,,,124654.4919,4316.97148750001,1525.22360000001,,,,128336.045819064,1089.39614791586,1688.37489179394,128566.198763561,1353.79122576253,1698.09966735887
457289,128406.350457779,1036.36738735109,1589.71155524586,126499.054311239,107.539300143195,109.523643550041,,,,124787.0585,4197.709025,1499.89924999999,,,,128391.401327514,1073.94874544398,1647.90404807249,128572.484192984,1348.09565817573,761.496842050532
457290,128421.065569072,1027.93422606974,1553.67875703449,126539.532381918,107.506071742115,109.364971043076,,,,124926.47875,4070.71786249998,1483.67344000003,,,,128429.178875734,1055.46009615035,1602.27880586409,128579.584595566,1340.99525559357,494.601423337997
457291,128439.998403628,1018.48131454202,1513.902960212,126580.051539003,107.612079592393,109.390917445649,,,,125063.5579,3945.40661100001,1465.4863,,,,128466.709148817,1028.82378495357,1559.44884090697,128587.900298934,1332.67955222602,478.046925694769
457292,128455.383327871,1011.25149373405,1479.72935407875,126620.789796446,107.598588088731,109.902113712145,,,,125192.18715,3837.88904750001,1433.827775,,,,128502.128853464,1000.60391705381,1516.92781474593,128596.721713349,1323.85813781076,486.868340110028
457293,128479.541916957,997.823136139952,1440.24632128314,126661.390431938,107.550560761534,109.830154736323,,,,125322.4841,3718.26275750001,1397.50975000001,,,,128537.943870448,979.784243428818,1480.76777293929,128605.339249074,1315.24060208547,495.485875835322
457294,128501.906650227,984.145795210192,1401.98740799325,126702.108070012,107.069574136811,109.849958704639,,,,125457.44915,3604.44201,1367.32569500001,,,,128570.754805569,953.493594133994,1438.92415781791,128613.262177065,1307.31767409442,503.408803826373
457295,128517.430290272,973.563175601041,1362.98925682763,126742.84328836,107.152680453844,109.882576574455,,,,125589.102,3491.09229999999,1359.45170000001,,,,128599.486438314,947.475954947775,1397.02350155238,128620.875211052,1299.7046401079,511.021837812892
457296,128535.590740736,965.314837589438,1320.97974764448,126783.505096184,106.746431502193,109.826688876521,,,,125717.7529,3372.83515499999,1324.35897500001,,,,128626.061011928,928.20062414321,1355.56080432795,128628.781925457,1291.79792570283,518.928552217956
457297,128553.18358748,955.831720543531,1292.26675021123,126823.988748317,106.707041210597,109.534500337657,,,,125854.59896,3246.7959055,1299.44351000001,,,,128654.016658394,915.226598932844,1318.46678096606,128637.585894704,1282.99395645606,527.732521464728
457298,128578.369590528,932.310725580683,1259.81613013639,126864.494201463,106.684330127595,109.267596216087,,,,125998.63957,3112.36751499999,1289.253495,,,,128680.703360888,905.135728392212,1275.19162037641,128647.52024186,1273.05960929915,537.666868621644
457299,128598.867216612,916.478392797158,1225.45601247836,126904.979623692,106.935397036621,109.060495536367,,,,126146.248,2974.96860000001,1285.86869999999,,,,128708.402622799,889.41003841105,1227.38485708104,128657.336284577,1263.24356658227,547.48291133852
457300,128618.420908158,903.534114077876,1195.27908077076,126945.573300978,106.903955147296,109.128185041089,,,,126281.87021,2857.20967499999,1263.60751000002,,,,128736.816037038,873.056792447853,1188.16632510367,128665.414889149,1255.16496201028,555.561515910507
457301,128643.138297142,885.103652190199,1167.45724255526,126986.095939472,106.984221699298,108.991780359254,,,,126419.2165,2743.13188249999,1243.06738000002,,,,128759.278713552,861.869351484507,1150.07819877121,128670.136921872,1250.44292928805,560.283548632739
457302,128663.802538089,870.087491036538,1134.37715832643,127026.815821752,106.83388634515,109.030029540299,,,,126558.1665,2627.96356625001,1219.70292499999,,,,128785.351078839,843.611526182314,1117.04662190255,128670.635971093,1249.94388006684,560.782597853948
457303,128685.123494793,857.010249774015,1117.63851226428,127067.274897316,107.009665718098,108.807472005195,,,,126695.8761,2505.72906,1204.82515,,,,128805.675684718,836.443203526243,1074.36708646818,128670.840937927,1249.73891323269,560.987564688097
457304,128707.276313214,843.488837420358,1089.29417176745,127107.808040429,107.228417972568,108.869661230259,,,,126828.7105,2398.65036499999,1180.50085499999,,,,128825.474961337,822.148863000373,1045.8076460758,128671.045904761,1249.53394639854,561.192531522247
457305,128729.512854263,827.16291137354,1065.42470905742,127148.329543926,107.405624277904,109.091344821034,,,,126963.455,2278.4091545,1163.09729999999,,,,128851.103769467,811.75805187285,1029.65433723931,128671.250871595,1249.32897956441,561.397498356382
457306,128750.903118448,808.670629989007,1029.63722051265,127188.7056756,107.540605602495,109.220468053099,,,,127103.6353,2160.41348500001,1150.66734499999,,,,128875.100150613,805.968160376564,1022.26823640133,128678.273295863,1242.30655529701,568.419922623783
457307,128770.494978306,802.874106110423,997.425132775476,127228.994384134,107.943699689698,109.262168146161,,,,127242.459,2048.98001,1153.47,,,,128891.706030712,803.259968750237,993.099995387776,128679.531274248,1241.04857691172,569.677901009069
457308,128788.697323932,794.423734250042,971.741573502484,127269.440307474,108.007401232724,109.421219945682,,,,127378.7478,1931.62207750001,1158.02753000001,,,,128911.888686241,798.806974858016,971.440839591334,128679.984729831,1240.59512132856,570.043246175919
457309,128811.04437126,778.675332434199,941.156153589269,127310.105590945,107.976866816389,109.793463083435,,,,127517.2177,1805.642515,1168.00489000001,,,,128929.399504016,789.620858175258,959.384712118568,128680.438185414,1240.1416657454,566.232862208155
457310,128856.855780811,759.355422506575,902.963068716243,127391.063045275,108.559314326383,109.82147611535,,,,127800.0504,1567.821,1178.37430000001,,,,128963.875413312,777.742199892833,908.531750562237,128681.345096581,1239.23475457905,561.376508045054
457311,128879.233424772,761.483988773049,876.330621946123,127431.410438662,108.996296282305,109.539916611844,,,,127930.71405,1461.58788250001,1168.09239999999,,,,128981.219474561,772.467741903092,897.818090924848,128681.798552164,1238.78129899589,559.126422120564
457312,128905.170125933,747.384168137636,859.578395768243,127471.895612254,109.262967716961,109.614063357512,,,,128064.6245,1358.356595,1165.1292,,,,129003.261538986,754.519540332782,886.327631114313,128682.252007747,1238.32784341271,555.349470641624
457313,128930.732863577,733.712575101221,856.147706600459,127512.555223172,109.622900538263,109.726986335882,,,,128194.1573,1253.42380625001,1162.28081899999,,,,129018.744872862,749.371507866745,864.351724377804,128682.70546333,1237.87438782955,548.871498036169
457314,128952.898859296,720.559230738261,837.556646478028,127552.932969335,110.050247023217,109.740663568868,,,,128326.705,1154.51143999999,1152.36670000001,,,,129031.421027033,765.248256589766,852.303365736749,128683.158918913,1237.42093224639,538.758505421385
457315,128971.843569419,719.795704773074,822.650852542865,127593.535076159,110.164113817984,109.898409335947,,,,128460.87045,1081.7067525,1156.78950000001,,,,129044.07725049,769.74457751101,838.009935899099,128707.80358574,1212.93679519273,548.327744330498
457316,128998.584306218,704.106849879754,812.053733753201,127634.120106778,110.157706548489,109.975842216518,,,,128576.7151,1029.29139,1176.342835,,,,129062.156760749,771.165568288052,833.056371145693,128739.29648249,1182.39166320029,559.36227373252
457317,129027.682341981,690.998795784981,806.11006269879,127674.742650349,110.189465170435,110.040731914429,,,,128693.12244,977.549322499981,1189.481115,,,,129082.601571681,771.549063828032,823.121249217074,128766.265848167,1157.05806294475,560.071731078933
457318,129055.635186585,674.037682509239,803.752665743144,127715.310923474,110.209529161468,110.06552148443,,,,128797.7815,971.395149999997,1195.14168300001,,,,129100.745380394,767.131786457699,820.969111945946,128788.528046738,1136.93062768999,551.675311422034
457319,129081.633783627,667.293866430657,804.514441879655,127755.746871152,110.429513320094,110.243231867178,,,,128834.1241,960.827677499998,1164.233425,,,,129122.01929106,755.224540685071,819.373542502377,128808.696473416,1119.18451734686,538.644599214473
457320,129101.42729917,665.383952635166,802.517509716286,127796.151949406,110.54517745995,110.501614580586,,,,128866.42069,945.742100000018,1134.27623,,,,129142.887414305,747.035474588833,824.17805736541,128829.384523409,1100.99489182627,525.451178908785
457321,129127.130302782,668.809004038048,798.320434304318,127836.77073783,110.553181715382,110.717085779921,,,,128897.178125,929.368487250002,1096.54329750001,,,,129159.459579612,746.74404372026,813.767362553393,128852.636382239,1080.19670040108,515.616960866057
457322,129150.3002432,672.672648855107,788.543421759619,127877.138711234,110.992246237744,110.537602329627,,,,128934.36706,907.263160000002,1072.66103999999,,,,129179.22818525,744.592742853289,810.870597044515,128878.219396663,1057.26404979186,508.865159081077
457323,129171.952637291,664.993661202025,779.292279032277,127917.569362285,111.368633112288,110.362607884701,,,,128966.386175,893.614525000012,1051.58628999999,,,,129196.86876302,741.630034276517,806.68229655223,128905.331703751,1033.33083608119,503.969313457084
457324,129198.376170041,657.767769682643,782.309326497038,127957.9650505,111.7799828235,109.752095204851,,,,128998.75995,871.211895000015,1024.84650999999,,,,129213.776679538,741.188234683766,797.336226284882,128933.17144057,1009.53095535167,499.70296389726
457325,129226.690465455,658.747830900931,782.228118211555,127998.569186642,111.982884608326,109.82541792054,,,,129031.586325,857.482040000003,1012.61613750001,,,,129232.792073285,737.821955357358,793.438128703303,128961.068448423,986.698731869357,495.143919434369
457326,129250.326066398,663.427146960457,794.832808060193,128039.003434062,112.355675114741,109.526454111707,,,,129066.9131,844.322979999997,992.971799999999,,,,129254.814699338,730.919838435075,793.137661958972,128988.879385539,964.470202634431,490.587065619242
457327,129274.681471033,660.378138542306,781.75817107156,128079.647315136,112.329598461642,109.627588608215,,,,129102.4036,831.8758217,971.011020000005,,,,129273.229629063,724.631636623759,782.630137259257,129016.592614385,942.181832830669,486.631557132059
457328,129328.965488425,653.628151743033,754.042700717182,128160.982333634,112.552641364353,109.98272240709,,,,129172.398325,782.264957250023,948.408964999981,,,,129319.452162047,701.451554859988,771.620533199544,129071.688183932,894.997556348564,482.744199645094
457329,129364.066898839,637.83533072508,732.503272223999,128201.601817119,112.631716386764,110.256507888073,,,,129206.9765,768.591360000006,929.959929999983,,,,129346.018180802,684.835713598426,769.450656924339,129099.099970438,870.131324619666,482.9486887003
457330,129399.777185111,616.002814042848,713.820707269435,128242.032599493,112.70316367624,109.930337711936,,,,129243.612025,755.800529999993,907.658750000017,,,,129370.73990324,678.434187019709,755.35239515781,129126.472940283,845.264602220705,484.027199193544
457331,129429.205802184,604.927119652668,693.48108295798,128282.719018299,112.589986834995,109.98555888026,,,,129274.5646,748.971679999973,891.671800000011,,,,129396.126763071,668.509902883146,749.425634665749,129167.990924157,806.947851565885,474.130445649644
457332,129461.048383269,590.487780477997,674.315871804371,128323.2591597,112.603711570671,110.131550605147,,,,129311.01715,730.882880000005,880.035619999995,,,,129421.148013839,652.974895145904,732.749881996177,129222.699030179,756.665671698094,477.472781954784
457333,129491.605402783,579.326548594632,649.545071429442,128363.863754166,112.365651470333,110.11916504665,,,,129347.4864,719.926080000005,873.039069999999,,,,129450.965736613,642.710203471172,731.406877863948,129276.801600546,707.925083793598,482.583037293502
457334,129526.627378439,558.836432641954,640.800702389868,128404.378283915,112.524022752259,110.206338719421,,,,129380.0418,715.382292500013,854.971389999992,,,,129481.508147218,624.112761156546,711.900806757214,129329.606399567,660.92510097324,491.332354324288
457335,129563.355923842,537.541264941203,632.596167942043,128445.274098241,112.098512234952,110.545700924456,,,,129417.0945,694.233569999997,848.96755500001,,,,129507.468024781,613.74033519924,697.257282390521,129380.42119155,615.864736357791,505.591875705766
457336,129597.018419749,521.765498969107,612.488680627037,128485.737166621,112.042318006832,110.300408894895,,,,129454.819025,681.461357499997,856.109380000009,,,,129536.181402309,600.814432120867,669.315233623754,129428.751308751,572.890201618822,526.143896311041
457337,129629.470332057,509.171043371418,595.254371646544,128526.150602686,112.035756094207,110.160663799164,,,,129489.6792,671.075519999999,849.979630000002,,,,129564.91136703,589.218359897844,651.961490920643,129474.892355217,531.936502630779,549.415319871667
457338,129659.345290703,499.944128689167,566.480531160865,128566.886048953,111.683739306507,110.353363487622,,,,129530.92425,656.835992500011,836.976829999985,,,,129593.32035832,580.316996076101,624.982183689062,129519.337502941,496.195834835977,570.744202333764
457339,129689.24206735,497.519694628441,550.112839448004,128607.431723621,111.909653324808,110.57638010144,,,,129566.46875,648.492385000005,830.8868545,,,,129623.303121832,564.194182489155,607.988237274825,129562.57992392,464.907427393337,585.468599643515
457340,129722.224829537,485.484656152476,535.049729127015,128647.996884671,112.091151876521,110.64680038995,,,,129604.6054,641.807745000013,858.488435000007,,,,129652.072175458,549.568518842862,590.977872265677,129605.051814721,436.247720205429,590.100804119182
457341,129757.58346231,468.085849811367,525.036319126928,128688.53279364,112.604490945596,110.602518591331,,,,129646.2316,637.900249999992,870.388119999989,,,,129680.138365078,533.117592073337,566.132676801513,129646.941470207,410.491078883104,585.850053567643
457342,129794.697714897,454.14237279947,512.373471632673,128729.045374683,113.131437111631,110.63324695568,,,,129682.4353,643.090149999989,873.578242499992,,,,129715.444240125,517.246112944122,542.234980250971,129688.376209811,387.915225990408,575.099822167889
457343,129829.27105897,456.787894103254,503.74994640825,128769.933577787,112.750739961513,111.103709837233,,,,129720.332,646.449479999996,881.022739999986,,,,129752.581737616,502.187480921493,527.606081931182,129729.483352971,368.797884091386,560.233584098925
457344,129865.35471125,444.028848248548,499.950694731189,128810.599162483,112.924672550245,111.534544355382,,,,129749.2156,653.917770000015,872.968528250014,,,,129784.59363059,488.93113364841,504.822493503569,129770.395064924,353.396693166476,543.310669681901
457345,129899.873875616,447.676861019223,487.872350961799,128851.236543982,112.820548829302,111.891737043188,,,,129783.08259,662.121679999997,875.740894999995,,,,129819.684125832,467.821750859817,488.20347890968,129811.262894123,341.888962861776,525.093833806517
457346,129931.939791929,451.161499418071,478.389846247563,128891.856706773,112.619703800345,112.231711022512,,,,129818.394575,665.639087499992,893.117770000012,,,,129854.077639664,461.252606386435,469.308324372338,129852.243234825,334.431920239804,506.021687504646
457347,129960.547166566,445.56266090789,466.471047113635,128932.655558557,112.650998129189,112.750373995528,,,,129853.02075,671.527645000009,915.376662499999,,,,129890.118373068,454.46665061907,465.111464669986,129893.492481286,331.182792363077,486.532841808104
457348,129989.920946391,446.437876411408,466.67401706973,128973.021362734,113.16279277479,112.807195474234,,,,129888.270225,673.720285000018,925.265479999973,,,,129923.94822363,458.141234806622,454.109404062736,129935.182194641,332.044952226934,467.042441523619
457349,130024.113836452,442.027451806294,458.493991564319,129013.41039089,113.644551322723,112.509430671722,,,,129923.0295,675.866119999991,929.940019999995,,,,129960.669213207,452.448400615074,449.97112795616,129977.544603546,335.906356558131,447.87176655732
457350,130058.594936877,443.536096258831,461.026683707125,129053.927011395,113.974670077296,112.606149181956,,,,129955.20805,682.356625,927.613385000004,,,,129994.076680152,456.526206828144,447.473793494195,130020.827103535,341.401108016216,429.318630590191
457351,130093.863953246,444.734794994481,467.995959803287,129094.425175107,114.120744475207,112.91632102248,,,,129988.9524,690.314259999999,921.582964999994,,,,130030.796440334,467.557671615534,443.74302386526,130065.277090142,347.163309260795,411.680847303214
457352,130124.777044838,456.351981618718,472.87353674219,129135.007458419,113.909316993348,113.017951549613,,,,130023.795025,708.259477499989,930.036625000008,,,,130072.058921835,473.668910520937,446.005554797899,130111.140617048,352.051827387055,395.655356931413
457353,130160.020516448,459.152515302587,478.059575993844,129175.522119093,114.165120660851,112.98386416772,,,,130054.862,724.30634000001,942.105700999993,,,,130109.263503061,485.084580663723,454.883115390141,130158.65837052,355.824587232753,383.535605925819
457354,130192.545388554,470.702683354204,481.888606394685,129215.307529148,114.350695220957,113.06584484331,,,,130090.682451,749.040956500001,960.797941099998,,,,130144.555024773,502.428309202936,463.066873251853,130207.061363405,358.422700296534,378.042517040798
457355,130228.112386817,476.589602899592,495.507063519908,129256.528632471,114.885790216678,113.10615193691,,,,130123.23185,760.307030000011,967.679670500002,,,,130183.929299802,509.047527923001,467.085193481835,130259.613934809,359.953589175886,381.783614033688
457356,130264.621774182,488.894598292231,501.674320972816,129297.019793969,115.201464181315,113.535435885089,,,,130157.678225,780.966107500004,982.924100000004,,,,130227.2848182,515.368146065535,475.799344462182,130313.432265866,360.274390911902,396.784375538075
457357,130299.709760071,499.087979950302,513.123758797636,129337.729835926,115.103826043822,114.223734273401,,,,130187.5962,803.057609999989,993.868000000002,,,,130266.171390473,529.944768166912,479.513829272502,130369.273189623,359.405278011953,421.948306713632
457358,130330.601173407,516.119108525454,529.648998320103,129378.253873305,115.63552455444,114.675000743009,,,,130258.9462,781.061387499998,977.103325000004,,,,130305.15810089,541.83005497136,483.206953161643,130426.78703898,357.324026300514,455.455118850048
457359,130367.790032943,525.417077152873,541.771887355979,129418.996229435,115.984312123546,115.295540423322,,,,130329.1261,759.858275000006,945.636549999996,,,,130346.559840576,548.424724742756,492.127041527419,130485.624146834,354.008411602088,495.484523237028
457360,130432.390664236,516.66645394126,521.72540933959,129459.391348192,116.32498827354,115.302189688286,,,,130394.8143,742.876095000014,920.076324999987,,,,130388.017766591,558.85285633798,499.081814887177,130545.449268771,349.545726177326,540.315821506112
457361,130502.045652277,498.700147498079,508.601563071425,129500.025023616,116.139048647558,115.454605092702,,,,130463.9136,724.482770000002,917.443620000005,,,,130440.36021898,556.834829408748,510.567348404002,130605.984851117,344.461328031612,588.626676656349
457362,130570.781757758,482.076268722303,491.746463438816,129540.295442247,116.756370575269,115.500012485412,,,,130531.09635,716.228090000004,910.308558999983,,,,130489.227297493,560.936617661529,514.277707405912,130666.967762884,339.390091606387,639.194342028699
457363,130636.12742627,474.664663857635,472.136020534541,129580.824965708,117.05066163883,115.611592658854,,,,130598.9455,705.36467000001,887.851779999997,,,,130539.571796491,562.46601389951,507.99038577333,130728.134873086,334.966891343167,690.79607096409
457364,130701.667489457,464.087144321209,452.044690738316,129621.580278174,116.636570328526,116.384046406791,,,,130665.687,697.236475999991,871.271977500001,,,,130596.180471208,551.892349214031,504.270957597531,130789.269911108,331.629296080951,742.454107002763
457365,130767.926756788,457.167279597837,435.934916127575,129662.200734476,116.969849939953,116.732822549209,,,,130731.0451,688.310620000033,845.613689999984,,,,130656.034595292,545.972354217607,508.02070811452,130850.344047825,329.025652248733,794.170654482296
457366,130835.279842694,447.970632412806,426.953985236847,129702.866430294,117.06316733401,116.765758975278,,,,130797.050125,687.87715,847.710924999992,,,,130713.582333339,546.754047123381,492.941953944988,130911.375314486,326.607000672957,846.192907939621
457367,130902.703370505,439.210076284959,417.024771243916,129743.431380404,117.391716302081,116.697949692316,,,,130865.301,679.693358999997,830.519035000005,,,,130778.541084327,533.78999316151,478.652430486851,130972.38174234,323.824382180057,898.768061911629
457368,130973.993275556,428.377653586285,411.862326077084,129783.962478345,117.758006589051,116.540283394235,,,,130933.3405,687.385965000023,851.654117499987,,,,130844.514845254,521.522841242142,476.923834452959,131033.437738122,320.266235436109,951.580830683728
457369,131042.053993882,417.498734045163,401.480769299393,129824.572644579,118.107944684467,116.701592868369,,,,130998.0225,685.920799999993,830.646099999984,,,,130911.16633745,513.350257095532,472.487248517107,131094.843210521,316.070590465504,1002.06600753534
457370,131112.573511908,404.419646193652,389.867341950972,129865.039009261,118.574857452157,116.640241169051,,,,131064.06975,689.335335000011,822.084804999991,,,,130982.509371438,501.333488267468,465.360299154825,131156.954443713,311.512875132263,1047.09590549431
457371,131179.033623837,393.599991208321,382.675177706449,129905.492292215,118.706435668806,116.993013246043,,,,131132.50575,688.093789999984,806.899670000013,,,,131053.782148501,493.756077728409,456.242174454557,131220.127721876,306.868517300347,1083.54283758861
457372,131247.564764009,385.760569776205,380.165723513259,129945.969854722,118.873961377016,117.342634491346,,,,131196.93945,688.46908499999,795.571425000002,,,,131127.945516601,490.576196995855,449.215231720402,131284.543673787,302.402047443029,1110.18698426821
457373,131316.176865113,383.932505265228,381.425488925903,129986.504383693,119.25652399777,117.653033536568,,,,131265.0311,698.14526999995,790.17121000003,,,,131204.330299522,475.987473155052,444.271612740602,131349.680306635,298.334406470589,1133.43999567165
457374,131383.594022558,381.160621622606,381.860547167511,130026.962132792,119.43250732997,117.667784359015,,,,131332.855575,711.008975000004,794.319599999988,,,,131286.325090668,460.192357007501,451.346080290707,131414.839972212,294.875637902704,1161.62138935945
457375,131452.131930751,378.802476291225,386.694631178485,130067.534015522,119.35834276877,117.643021533979,,,,131399.4108,723.238724999974,792.972410000017,,,,131360.568997453,455.393608428305,446.843191693057,131479.325022308,292.235785258876,1203.05068289231
457376,131521.724045414,383.135386568116,389.527409926173,130107.939503494,119.612707605367,117.511687494989,,,,131472.5157,715.160169999988,801.860964999985,,,,131437.956546184,453.564761523419,440.357643503638,131542.622220652,290.547606830369,1258.85009798351
457377,131586.918218052,389.825500703097,393.77229455745,130148.417689864,119.97948005861,117.432780486124,,,,131538.8226,735.254459999996,803.938700000013,,,,131519.041632121,441.620187494118,445.368799781019,131604.955978725,289.634719994909,1301.35267295725
457378,131653.251477243,394.837238385982,391.410766855697,130188.814517854,120.350147136851,117.334175030439,,,,131603.0422,737.38360500001,809.221512500022,,,,131597.792848553,433.213372366998,444.34890718371,131666.735119946,289.243456901837,1295.69415029055
457379,131719.985171007,403.775809623214,386.090567805892,130229.366918999,120.176319502454,117.559441855105,,,,131671.7706,750.725630000001,821.145519999991,,,,131674.679923347,435.329518875486,449.254854091734,131728.368467734,289.120149700466,1207.01027246035
457380,131783.502021339,412.124365470139,380.377753158216,130269.876959303,120.41885658307,117.67243039477,,,,131736.1029,768.038319999992,825.464385000014,,,,131749.203479654,439.386373101384,446.312371388194,131790.179889106,288.999665235693,1015.96732965054
457381,131851.72185601,415.859310271218,394.296663969784,130310.407475089,120.669921400608,117.860715830844,,,,131803.7921,794.875299999985,843.804289999985,,,,131829.936116153,444.026495269994,446.639244334016,131852.153425476,288.571009134379,765.353802872851
457382,131921.099922228,421.442676348932,399.34565153165,130350.922869796,120.936107298272,118.101964300382,,,,131873.2676,805.122705000016,848.714319999999,,,,131909.243318672,450.339205445955,460.33036462075,131914.188161857,287.51172171894,513.488720845955
457383,131990.590012461,425.190669185336,410.907891153736,130391.360943719,121.212911544208,118.100549907394,,,,131939.7525,828.290180000011,866.890054999996,,,,131983.690209105,469.138472163613,470.740288151836,131976.183183261,285.499343311763,318.691112288507
457384,132058.940400195,435.587575839425,427.321111401921,130431.775519815,121.493162950283,118.148333329736,,,,132007.1302,845.837509999983,882.634250000003,,,,132059.110449407,471.83301882798,483.804127950745,132038.044823978,282.3939268752,223.678844885144
457385,132129.030673595,440.852742312214,442.657537265011,130472.38160799,121.657794454193,118.333753219922,,,,132070.9292,881.40353000004,901.282689999993,,,,132130.117749133,484.474940809509,487.526563840918,132099.708415404,278.785575931281,208.765142184391
457386,132197.255347732,451.24706497704,448.219122165348,130512.941495319,121.880300577483,118.468642542561,,,,132135.46525,926.990250000003,910.177450000017,,,,132204.716118522,498.849094221689,503.559587812517,132161.116538211,275.446906641853,238.662066700781
457387,132265.99234454,464.975852772332,458.372580960364,130553.49616039,122.284813314924,118.606969048691,,,,132202.3442,950.20603000003,930.135624999995,,,,132282.398100238,508.433454659913,518.564950546657,132222.211773072,273.150535168912,278.081680948759
457388,132331.944466721,480.493647930911,467.493462676008,130593.994680977,122.657925338062,118.684821350893,,,,132265.8819,981.079350000015,932.004335000005,,,,132353.728347586,518.293278629775,524.205503503414,132282.992122179,272.398148040607,298.971908076433
457389,132399.303007874,496.585177275119,478.748047230387,130634.448178311,122.818654067989,118.717650399572,,,,132329.0954,1016.98880000002,942.3511,,,,132425.848904394,524.305165395577,532.014006699726,132343.677273793,272.607713250094,302.224113766075
457390,132468.999241639,509.162487312307,496.648421747959,130674.939469657,123.310176234707,119.0122475026,,,,132395.4911,1049.66057500002,960.074369999988,,,,132492.4591769,533.234033193759,539.871558178391,132404.542337696,272.9262691568,295.9655243335
457391,132534.917760158,530.119462273142,505.896562176524,130715.565840679,123.219574546994,119.469483627312,,,,132463.1012,1075.72941,968.578435000003,,,,132560.594694982,538.682145695027,549.121825470793,132465.86242367,272.500854120124,288.323366094672
457392,132603.321216546,542.293576168187,524.215600797674,130756.228535462,123.275295299682,119.659254532438,,,,132526.53055,1102.20367999998,978.672280000028,,,,132625.362614575,540.561273034604,552.478617030138,132527.819561922,270.727081095974,285.772258635378
457393,132668.862659805,562.933494820929,532.368446339446,130796.897186885,123.162399816603,119.97773153866,,,,132590.2015,1133.77874000001,999.959990000003,,,,132690.267444621,541.313851064246,559.996018046892,132590.223464364,267.99486142621,288.176394621463
457394,132727.39430117,547.108159792755,524.878841639787,130837.403240584,123.247191171788,120.194479003709,,,,132653.478,1162.15909,1004.49058749998,,,,132752.838005355,537.562234817335,561.202056345472,132652.790763335,264.942681049142,293.747359988833
457395,132784.759949054,541.834235628281,515.947585152346,130877.954136277,123.464255363084,120.456068462823,,,,132713.6095,1190.58269000001,1007.87014999997,,,,132816.742498153,538.195292429446,564.068522229907,132715.238091173,262.209025903139,300.696740673331
457396,132842.604423709,526.992592385592,508.231732909597,130917.618266847,123.756916137354,120.606539048284,,,,132777.565925,1219.60285149998,1025.95208260001,,,,132875.197071262,530.024342963065,560.962696012692,132776.123568067,260.292271325918,307.498123523023
457397,132901.127246284,516.258839377901,496.755660630501,130958.880474553,124.09009743006,120.72246145345,,,,132839.804,1253.9424,1045.94892999998,,,,132935.578882593,527.14934909757,557.700338606344,132839.290299822,258.8731099258,314.78326519439
457398,132959.806696464,508.832800083619,489.188084606576,130999.552196311,124.086794977688,121.054687818527,,,,132898.70045,1233.96841000003,1009.66555000001,,,,132996.019455402,522.417834571388,559.321766711422,132901.223483709,257.652898914792,322.752069406328
457399,133020.19157377,494.029717544618,482.730929142475,131040.101310602,124.33282170826,121.226169703004,,,,132956.9713,1200.18994500005,1001.60093999995,,,,133052.660751098,513.883721134043,556.23808445537,132963.367834106,256.204375341476,332.159522957605
457400,133077.847070236,485.156874522974,473.274529576127,131080.640321769,124.546601252077,121.437529308096,,,,133016.9575,1164.90738000002,969.525200000004,,,,133110.999050282,515.287887226674,556.191536297003,133025.890159292,254.20974672609,343.280296310084
457401,133135.516426748,477.056658169691,465.83320738867,131121.234392564,124.897663670097,121.587728939354,,,,133078.6949,1130.53321000002,946.332310000027,,,,133170.104415065,507.301229007193,552.01388116763,133088.805160245,251.660482312174,355.022877657873
457402,133193.102677174,473.789903727971,455.454175357794,131161.603424984,125.248362795974,121.677022037009,,,,133140.5615,1096.67894999997,927.654952500015,,,,133225.913359928,507.644423300022,546.659934120515,133152.089511122,248.625366774038,365.954209628311
457403,133252.635726783,463.862643265398,452.46984180453,131202.076475125,125.72501571622,121.964569238276,,,,133202.7565,1064.12163999997,900.505070000014,,,,133281.417808559,504.304646315664,541.407257404149,133215.719886078,245.173184786021,374.641234848677
457404,133308.345438828,460.776724179159,444.590636587061,131242.416424993,126.30910559374,121.85285348451,,,,133263.5703,1044.0775825,876.174784999981,,,,133338.726903801,493.68022807216,539.567809683038,133279.659296557,241.425037706096,380.078769826272
457405,133362.654120967,458.262975494814,436.370918965491,131282.90560219,126.578070266434,121.935238149628,,,,133327.7857,1005.10162,856.25198999999,,,,133394.12215797,487.23753926385,538.281054383086,133343.816103158,237.711293626984,382.973126588535
457406,133421.59585442,443.121410854888,432.317777817632,131323.469964603,126.748131824395,122.163999023702,,,,133387.8765,971.133244999975,844.205220000033,,,,133447.255997409,485.091211978812,530.628889229847,133408.08500377,234.414637324808,384.458491043159
457407,133477.54581257,441.988776478072,427.653072777321,131364.264516158,126.688004240947,122.656318860914,,,,133447.1585,937.962974999973,823.640360000019,,,,133505.181595633,479.914066458063,528.65459408646,133472.360696279,231.917753575981,385.669049097662
457408,133537.704068508,430.617816574435,424.875147986255,131405.076839643,126.610104727326,123.299720876996,,,,133506.727025,916.9911975,810.306819999998,,,,133558.16241151,484.140733307722,524.540898437175,133536.567252259,230.426973185909,387.108307177958
457409,133596.007639609,424.443263495283,419.950786851521,131445.74904526,126.815459742356,123.888156713656,,,,133573.8681,881.807630000025,800.870549999963,,,,133613.968497895,481.10519429011,524.89755022162,133600.746238014,229.443211076723,386.757053783367
457410,133652.02973891,425.42479493891,413.260412296047,131486.400203511,127.071666557691,124.516138407402,,,,133636.217125,849.058165000024,777.200314999995,,,,133667.661398198,485.678929455316,523.083641451522,133664.968593538,228.291028199776,381.965397931577
457411,133708.632567281,421.157153512991,411.233950896974,131527.074731354,127.304503780528,124.8407447965,,,,133698.1297,836.26072000002,769.603899999987,,,,133721.675610599,489.314988784638,513.37446222466,133729.305258819,226.294985506305,370.083448640275
457412,133767.263365749,417.271073935466,409.879872439691,131567.451589487,127.835010714596,124.434348794864,,,,133761.4155,819.708175000007,759.653700000024,,,,133771.17829961,495.678258760658,504.856710809137,133793.784902755,223.031289571139,349.702832359704
457413,133821.441736587,420.005233240459,406.953194474045,131608.0361464,128.157818867388,125.135849725804,,,,133827.6338,805.006009999983,766.309819999995,,,,133827.677250134,499.156810391578,513.124593233981,133858.267109865,219.082729462738,324.381245270546
457414,133881.06077573,419.452101974835,409.160980657878,131648.711738087,128.377458777279,125.919101614243,,,,133890.79601,797.354135000031,774.976474999974,,,,133879.407091118,506.806739362859,502.408099040622,133922.569193572,215.283739873208,298.917900986038
457415,133939.636927623,416.706040787569,411.000208788901,131689.094793854,128.809171702043,126.093399279081,,,,133956.68795,794.472080000007,781.650545000011,,,,133929.835043365,515.189636012801,492.873028155096,133986.5084673,212.468755494454,278.112013119506
457416,133995.236635395,422.311500636279,411.736212314514,131729.448487803,129.056428234908,126.000172963541,,,,134017.3904,789.464165000012,784.849929999968,,,,133984.248398334,519.954651325475,488.61930773122,134049.952769988,211.241243695753,265.480320576666
457417,134050.941032075,429.09999916266,409.180835961801,131769.970350538,129.105848157895,125.651773502206,,,,134075.8078,799.758939999971,773.007990000013,,,,134037.669159884,528.361575294577,484.687465733878,134112.972042635,211.280802555353,259.409663433355
457418,134108.534505614,432.993092009448,413.658953651175,131810.385885817,129.251670455735,125.878653620632,,,,134140.0491,795.71987500001,785.46662500003,,,,134088.869770204,539.146507755795,489.378236358403,134175.686751754,212.036062828731,257.004407057771
457419,134165.53376736,436.07348410791,415.212372292299,131850.888937467,129.615029158769,126.193050110771,,,,134206.42175,778.721900000004,796.999509999994,,,,134142.697247835,543.250005672016,489.670354442496,134238.217363858,212.95565527142,255.368916818203
457420,134224.923000472,440.692527726904,418.338338456466,131891.263580095,130.288040726271,126.379037578707,,,,134263.954325,783.587907499983,801.793739999994,,,,134197.016720018,550.568565149937,488.653845654131,134300.671805555,213.610822414688,252.301021301071
457421,134286.572864344,434.832685744565,427.956547975889,131931.834329621,130.497867858241,126.79346826984,,,,134326.4838,785.781630000012,818.135519999982,,,,134252.589773488,558.844929322542,497.865082812525,134363.107843826,214.063253892906,248.372401965375
457422,134343.031395739,439.327921382705,428.297362896963,131972.459952843,130.639591697196,127.332522319863,,,,134383.25975,792.375685000035,842.168052500027,,,,134305.937395136,571.187973469816,498.993172332441,134425.570705748,214.497251116147,244.848203488247
457423,134399.138304045,444.599515431037,427.243375735328,132013.043438222,130.970606742834,127.757306497107,,,,134447.4902,794.536380000005,845.424415000016,,,,134360.141891538,589.200009370805,503.050512923044,134488.105618398,215.097115494631,242.993570546794
457424,134458.403239204,450.055535966647,428.4657710873,132053.76094593,131.135521437798,128.200895029819,,,,134506.998,816.360137499956,857.871765000047,,,,134415.744125993,598.951155030663,518.867321538681,134550.740875525,215.94710792994,243.732684670889
457425,134516.613060672,456.529062186746,433.789698928304,132094.396444608,131.291657870053,128.543201385211,,,,134566.2651,837.879820000002,880.620949999982,,,,134470.790611795,609.583891946735,524.299764334108,134613.437037564,216.73132728989,246.62587480119
457426,134573.206784505,470.883796828479,443.089361355582,132134.733100554,131.448184463719,128.617169961886,,,,134630.70175,860.425784999999,901.055984999985,,,,134522.064118514,616.513321215811,523.624226316431,134676.137731625,217.033831933892,250.892506730888
457427,134631.195262217,477.813125166431,451.419411068695,132175.331686613,131.382552901778,128.953068651696,,,,134690.1753,898.23285,936.343074999982,,,,134576.650824821,625.90313353177,532.043498960906,134738.786584817,216.438680221152,255.751946253411
457428,134690.105533263,485.201425843465,460.001758891303,132216.087038304,131.422350241977,129.443477173423,,,,134746.204575,930.96616500002,955.382469999953,,,,134631.010160511,633.16608039022,535.08349619442,134801.340541531,214.750948071363,260.560238450445
457429,134748.403351453,496.435943334945,468.628107782279,132256.679370683,131.618104437395,129.991413639422,,,,134809.4566,959.867300000042,988.524059999967,,,,134687.882294326,640.798729717411,549.868096449558,134863.809815288,212.659781645169,265.220145557454
457430,134804.556674529,506.795372961496,476.260592519364,132297.312316693,131.773245001561,130.402419426566,,,,134864.889475,997.097000000038,1007.27905499999,,,,134745.948716905,648.253996479325,564.225084659935,134926.217936895,211.075344663463,269.771109098481
457431,134862.018542418,513.593660606944,486.448186719761,132337.708941336,132.18070430329,130.52085860545,,,,134922.11315,1022.67241999999,1021.99159499997,,,,134802.918814884,654.354571589502,576.502751748456,134988.588437155,210.907800847199,274.252570597368
457432,134921.447501801,521.261652685993,498.183280256315,132378.119357692,132.900635093509,130.653089496191,,,,134980.5486,1067.75100000002,1040.11057999998,,,,134860.287948827,660.027474110277,579.133394233882,135050.951555636,212.716498187714,278.699713958718
457433,134981.123768806,527.389917461085,509.489819157112,132418.743701351,133.286212559266,130.999247690634,,,,135038.6946,1095.17057000002,1076.65198000002,,,,134920.652545216,666.494462965493,589.506795104593,135113.364366962,215.657521757938,283.130692609586
457434,135040.071675134,537.875088156899,522.147914325644,132459.105991135,133.648688715009,131.150993778516,,,,135100.67305,1126.88710000002,1119.14855999997,,,,134975.799341204,681.408674266393,587.051399252232,135175.890654518,218.536140901269,287.559402357612
457435,135097.575668742,546.162343713659,534.61652902569,132499.604519672,133.874926118297,131.56991393122,,,,135161.2233,1166.51298900001,1142.59173000001,,,,135036.470804927,684.497092489415,594.887842960277,135238.594201691,220.157624961081,291.999739010382
457436,135153.295504125,558.37741544313,544.975641409575,132540.173724003,134.030487727083,132.059509878454,,,,135224.68325,1208.14308400001,1172.25133500001,,,,135094.810271694,692.139880730363,596.002286284143,135301.512564308,219.826497880829,296.477804987459
457437,135207.96455625,569.184422997176,552.011028389185,132580.715918927,134.213058742229,132.52209641927,,,,135281.9268,1246.96969999999,1189.11824000001,,,,135157.326760914,689.670708935126,606.188081867294,135364.578387956,218.844302004552,301.068529155687
457438,135263.608912407,579.14982532608,568.19346293321,132621.283787982,134.29292774442,133.010357089806,,,,135346.5941,1204.94688250002,1155.4112,,,,135219.199172107,691.230549154076,610.662478511571,135427.698090664,219.011834276316,305.859046993777
457439,135320.705073527,587.110395682073,581.433589897497,132661.847469556,134.530753065017,133.494430280698,,,,135412.6247,1172.57746,1126.53559999994,,,,135286.84326201,683.141683630849,620.827871970832,135490.77809046,222.129891640332,310.936493980378
457440,135377.548461642,599.107415643579,591.562412982865,132702.540531357,134.562744131632,134.107883697841,,,,135479.18535,1137.85584750003,1083.89311499998,,,,135350.672482049,680.284190135979,623.980621205614,135553.743664015,229.059819338727,316.346703214687
457441,135433.352576936,615.77772951973,602.047284389439,132742.873185717,134.954855711112,134.299352797825,,,,135541.922,1101.04537000001,1048.80696999998,,,,135414.343627606,678.118525803089,621.502535481559,135616.595522577,236.905155805987,321.970298277738
457442,135490.652933461,631.040526528494,616.669354749116,132783.34520247,135.222762010584,134.615022446756,,,,135597.311,1074.30106999999,997.421655000013,,,,135478.926791567,669.1127335114,624.867909487628,135679.353236037,241.82998777469,327.646600371081
457443,135566.978284584,609.785240343976,595.14801986824,132823.898381952,135.457744556712,135.011854824814,,,,135663.7355,1038.44415899998,964.786600000021,,,,135546.810094826,655.836502444232,621.60534824495,135742.036374283,239.998401977355,333.21493069618
457444,135645.701676098,591.426699869713,575.249916985369,132864.488222475,135.676336643752,135.445348244481,,,,135728.1329,1013.37821999996,923.398690000002,,,,135621.012653257,645.755625763617,619.000656651275,135804.705824863,231.37846042178,338.46231983148
457445,135721.970442885,573.166419255285,555.374619259324,132904.942209811,136.043019105156,135.742988477112,,,,135788.5808,975.799579999992,892.746389999986,,,,135694.844280141,636.814158044348,599.315392183285,135867.587745949,231.154126216541,342.966635863122
457446,135798.458069688,551.382249838003,533.707923080481,132945.359515227,136.425476478675,135.959012476116,,,,135851.4453,948.489722499973,865.237739999982,,,,135773.645394926,620.454226711765,587.308765379858,135930.949613368,258.313337745465,346.253456254111
457447,135872.57791065,534.617726341443,516.457369534794,132985.786794608,136.886138946429,136.168102980591,,,,135905.79395,928.275264999975,814.489049999975,,,,135858.212115406,601.368958315405,572.492275674478,135995.058902949,331.844033392379,347.848358467512
457448,135951.880050151,506.312633165857,505.86183803578,133026.19412606,137.123771600338,136.306477270817,,,,135968.103225,896.551204999996,789.026935000002,,,,135943.261785997,584.190837169066,558.953428311361,136060.169377643,461.536256876774,347.550218502583
457449,136028.355279114,493.016732881923,492.320285972673,133066.611431476,137.550750280119,136.620827082428,,,,136032.2799,860.791209999996,765.720029999997,,,,136033.558881663,565.152714613476,545.628257978824,136126.479948902,620.388473260828,346.251106503536
457450,136104.784495433,477.674491697922,480.840153439465,133107.040805182,138.012505667954,136.56458922007,,,,136096.4588,832.4757675,761.448275000002,,,,136130.6665884,541.646641720348,532.552803263825,136194.175815301,772.201252942468,345.116391150834
457451,136182.114670944,459.793760434288,477.221389578626,133147.446042308,138.697818504559,136.450373924949,,,,136158.09185,807.864434999996,747.924759999965,,,,136223.732809899,526.170938249357,511.008716166514,136263.442175414,880.775166319567,345.311441124941
457452,136258.500652125,454.227722846641,463.386993873864,133187.925590201,139.284697490744,136.410469397408,,,,136219.62035,783.334662499983,741.558415000007,,,,136320.695538616,507.868365955452,502.065960551467,136334.456915759,919.684768879757,347.788315417594
457453,136333.648329016,451.311924540816,443.849858022353,133228.712487779,139.532785649702,136.895631020743,,,,136284.2005,757.856440000003,731.774439999979,,,,136411.81889652,500.565571042593,489.155700526899,136407.368674621,901.60055646993,352.645834265684
457454,136407.68258174,444.230632273539,428.892665716819,133269.325712373,139.952888299478,137.147997079999,,,,136350.0679,748.275265000033,720.710889999958,,,,136504.066395431,482.992557504534,466.60095971066,136482.318778229,848.967010026652,359.769508217461
457455,136483.701714876,437.0690850424,423.632702672505,133309.861368801,140.355491962109,137.620886929886,,,,136415.7622,727.086439999985,716.021370000002,,,,136595.236547859,480.407327338646,457.125346789311,136559.44855281,784.228610486607,369.044847821118
457456,136561.833527796,430.373666899279,424.468463571044,133350.293357913,140.764010709099,137.935879929486,,,,136478.92732,720.345224999968,729.162987500051,,,,136687.786962439,485.236802169995,452.154653760343,136638.541409728,725.649500145111,380.084260436997
457457,136642.624358831,428.298794070404,427.808061641146,133390.752562591,141.127232795698,138.27808849627,,,,136538.954,719.068799999979,714.396650000039,,,,136776.239895411,486.940409296076,456.900307635398,136717.949100896,674.772466732393,391.407740674011
457458,136717.760896493,425.565604141855,425.932896121463,133431.292754045,141.361178779393,138.701283838134,,,,136603.7264,714.352037499979,724.17512749997,,,,136863.58217994,488.82321665925,458.838269726752,136795.665463362,628.959959337371,401.262179953337
457459,136947.740322177,443.181631218351,431.644127792388,133553.043142545,141.861893096211,140.099151185685,,,,136801.2632,717.712100000033,757.755940000003,,,,137102.12258902,531.154720454157,492.303348030197,137001.993148042,500.241098983912,406.807523782802
457460,137251.980860314,477.832664398651,485.344044733152,133715.223915269,143.182162811398,141.410789950663,,,,137064.6187,747.725089999993,834.964319999999,,,,137372.659113994,548.180846286879,552.058356452791,137215.450310558,356.194041284529,348.45366033676
457461,137558.806447735,534.85999691757,569.572731407738,133877.372306812,144.633656968945,142.804712477577,,,,137326.7435,805.381219999981,951.937105999998,,,,137543.029260552,553.399892626359,559.351021130889,137392.509242447,305.990929995605,300.37907233127
457462,137615.703075804,520.958584939362,550.092310241133,134039.780678354,145.237775036658,143.933008240478,,,,137583.2152,932.614900000044,1073.81764999998,,,,137651.777723103,521.980018447997,551.412527078413,137559.615473062,362.969335707166,349.935615438153
457463,137670.894713728,501.118299453548,526.058419585257,134201.927822746,146.108049562376,144.386016803735,,,,137845.6906,1081.95599999998,1198.16433999999,,,,137746.65727666,511.260182567756,532.073141188215,137700.263109038,466.568756024528,412.815183072409
457464,137726.602975858,488.883829282131,506.337812599086,134363.966014568,147.421354838036,145.415672631294,,,,137917.6429,1058.33755999999,1177.03443999999,,,,137835.787545739,482.504665731336,520.866841940704,137748.396430912,540.237826916244,387.100978508533
457465,137789.190272405,468.492976691283,496.248241455585,134526.044738192,149.561884087365,146.692801943253,,,,137985.26131,1029.63055000003,1148.41586000001,,,,137919.441345988,464.839972181682,510.732100287336,137764.984867407,623.065498774842,348.432796849491
457466,137847.83552717,450.014269873005,474.030190393649,134688.246230845,150.80003571714,148.007047463616,,,,138052.4427,1006.47872999997,1136.42965600002,,,,137991.548338608,451.760718511912,484.480059659109,137781.573303902,619.868886337121,332.897218505124
457467,137902.302011817,436.222262179799,459.634565416753,134850.331439053,151.674578228907,149.659688365937,,,,138123.5708,991.36332199999,1126.16929300001,,,,138056.217290351,447.744068739936,469.059060967615,137845.540742334,555.901447904325,384.927797486685
457468,137958.919048599,421.373535935883,446.705962744891,135012.541073828,152.428942155559,150.389722160966,,,,138200.3835,975.202505000023,1123.13805000001,,,,138119.226858721,436.526707548852,456.424330898968,137915.594986524,485.847203714453,454.982041676558
457469,138017.146005595,410.078442653728,440.550598043017,135174.991567401,153.073845215316,151.321392815415,,,,138278.5791,979.353580000025,1121.11639999997,,,,138178.867901527,440.687370995147,458.017365774256,137983.179441668,469.846533190488,522.566496820567
457470,138075.165143814,398.354769005236,427.231351424678,135337.441006586,153.884911319881,153.41483946392,,,,138347.2197,1011.81137699998,1103.29997000002,,,,138229.219765495,441.21840921152,450.216712776222,138051.452046217,430.595361776941,590.839101368911
457471,138131.658125674,393.243149868707,427.583829364041,135499.637080442,155.32960151587,154.496518999804,,,,138414.4505,1050.71735999998,1125.42619,,,,138280.046577022,439.910127645591,450.621153145767,138121.776121948,395.887334016035,648.129976031109
457472,138188.731359575,383.820848881849,423.971536033001,135661.727093473,156.645583890495,155.567718915554,,,,138486.26971,1055.59420999998,1143.62313000002,,,,138322.832298311,449.727645862848,443.276847927598,138190.195273935,360.614368081326,639.529334532825
457473,138243.31807967,380.293615493109,420.387660828303,135823.85390641,158.325838994933,156.765754105785,,,,138559.2544,1096.90658000001,1181.16034999996,,,,138365.264799659,459.14611658387,440.568858864252,138257.985816202,325.619621563557,650.315532163921
457474,138297.43117105,382.190299813956,417.102226050018,135986.162496059,159.921743567655,158.568410715146,,,,138615.4753,1061.25674400001,1095.080407,,,,138408.633059924,474.967334240064,442.01255869228,138326.223647654,290.976525815524,634.406738175167
457475,138355.330846106,383.551721966593,405.199569341261,136148.242744226,161.853840671509,159.69670595444,,,,138670.5621,1069.25763800001,1021.97895999998,,,,138450.877155411,480.382412918756,446.26022754825,138395.175484291,256.94992868352,625.286392424314
457476,138416.226406745,390.469343144097,418.860944932239,136310.437975996,163.087261637585,161.233141358942,,,,138725.5627,1049.10788099997,983.40989000001,,,,138491.403045734,497.89611241105,449.753439290565,138461.670523463,255.809685189219,606.526790585165
457477,138473.841750041,397.722890568606,417.151913982583,136472.673623783,163.939317166602,162.925258185773,,,,138788.5896,1023.45162199996,945.141000000003,,,,138536.172742425,502.930834052415,460.094992583385,138531.663442094,254.397647859529,588.218450698274
457478,138531.009969172,411.92863783447,423.700369388505,136634.812345845,165.103544450743,164.637472344853,,,,138855.949,1018.70789999998,905.246605000022,,,,138578.979143264,506.225072506088,473.115171390207,138605.543811306,248.496212630969,569.684475444752
457479,138584.170703506,433.76219629281,438.753189223324,136796.366703037,167.568008241244,166.059047591407,,,,138924.784038,1018.98835800003,893.564408000006,,,,138617.045819475,529.664985833952,482.102064515202,138679.745951777,243.501499618695,550.771560274094
457480,138639.319519877,447.863142477319,450.881904576585,136958.376983523,168.890433381224,167.960452424828,,,,138992.82,1008.56184000001,899.579363000026,,,,138665.337068503,535.548706393893,508.474351650046,138754.70435252,240.590019116557,533.049056220625
457481,138697.202274523,465.584051424987,466.856286736118,137120.375025406,170.703121103405,169.979645480751,,,,139059.4042,1002.95459000004,889.725939999975,,,,138710.035698528,546.942110427975,521.733452194574,138829.799167858,241.139103480644,513.968872609665
457482,138756.337800058,480.810092603875,479.343961139122,137283.006413251,171.120137477934,172.63218449807,,,,139116.8211,995.711979999993,902.11802699999,,,,138760.193691213,548.457484209852,529.096526202688,138905.094846512,240.916793291079,494.558468455361
457483,138813.552459566,498.431805063912,490.46085205744,137444.922360179,173.244814769394,174.407775806292,,,,139187.7834,1018.30481,927.565230000007,,,,138814.33341318,550.3645109465,542.112699830614,138980.969417257,236.215185865818,475.544109262381
457484,138930.919083799,534.955170516623,541.288440870267,137769.421142382,175.789061739022,176.281418077066,,,,139343.2883,970.014689999982,802.62831,,,,138930.501687648,562.793866347929,568.495230310858,139134.824729381,224.767214008782,441.639964912145
457485,138988.827073561,546.763012564479,560.896142751793,137931.241688361,176.892880887288,176.578598206892,,,,139432.3352,939.001629999984,763.927813000017,,,,138997.35724158,562.801008699229,579.559824087599,139212.061638211,222.471207391674,422.947335710545
457486,139081.198701408,524.230330359132,531.877423890488,138093.186504084,178.350815493613,177.141319696791,,,,139513.9886,932.858909999981,736.858600000007,,,,139071.720570117,559.83292454906,597.738080065203,139289.010523562,218.695797150809,406.436807618709
457487,139172.658450501,498.58649661552,500.098370371095,138255.280354714,180.128455916012,178.714198847505,,,,139597.7713,923.189480000001,742.179980000044,,,,139154.217830649,553.137068797747,599.195416735573,139365.149779974,216.549946906132,388.745980291365
457488,139262.80149783,478.508765578561,480.477329428308,138417.524130516,182.104236746265,180.274627100705,,,,139682.3755,921.159229999961,761.650690000009,,,,139240.355042873,532.837003509747,594.201504333381,139442.222400392,216.657867031288,371.963304243225
457489,139359.483583607,453.001004018239,461.41097046496,138579.51069286,182.77183872991,181.566457717505,,,,139774.1555,926.694350000005,801.943890999974,,,,139328.550871266,519.548880025948,584.692163619911,139518.96798349,216.507744784642,358.772821280436
457490,139449.03671504,443.306497154088,434.730630004342,138741.402571473,183.469806598267,182.750515941938,,,,139868.8341,942.379640000028,841.993500000011,,,,139419.748182813,505.695350814756,565.567499885481,139595.032507147,216.511617526645,343.892487253441
457491,139541.069771267,434.744332492992,416.783417229744,138903.771578584,184.316555014899,184.206346446881,,,,139960.6626,952.311100000021,878.679191000032,,,,139513.86822807,491.776005335356,539.018779324746,139670.790456487,216.80843909859,328.258042598522
457492,139636.008487285,411.670524104848,404.035259938799,139065.544590779,186.613392824773,185.29010909237,,,,140038.3982,991.17240000001,904.956869999995,,,,139610.818777084,480.779269043676,513.047423852142,139747.051008261,218.552366993448,315.277908710734
457493,139733.800790811,397.177490757167,400.492987147445,139227.60431274,188.871090947563,186.660581502656,,,,140109.4633,961.469270000001,843.841799999995,,,,139710.982161188,462.024439545698,498.215817194985,139822.582984379,217.278960975586,302.263896094431
457494,139824.899251561,392.193973097543,384.815077741368,139389.829001412,190.598453397542,188.522663619748,,,,140183.1988,933.94855999999,795.146130000008,,,,139811.378812114,466.130397643836,469.348585702683,139897.759740404,220.530230605364,289.237750180473
457495,139920.09834895,386.039194450539,380.342557841795,139552.050877169,192.322740132338,189.441084892547,,,,140260.96713,887.98221799999,737.145470000018,,,,139915.071368902,466.602222592512,462.889537957613,139977.887180716,224.617435997527,281.797414147353
457496,140016.748673789,384.823856732197,385.923405061534,139714.177085928,194.441101420729,190.203097638849,,,,140340.8443,862.513529999997,697.377170000022,,,,140016.102311059,468.792167212669,454.524521587387,140058.275786995,221.430815364118,275.689144237549
457497,140109.652799807,382.74424489279,380.751557083015,139876.454273242,194.596011062968,191.999620123475,,,,140415.64035,836.454800000007,671.831199999986,,,,140116.063162625,480.677103672613,448.227276108082,140135.779256325,219.901573303534,269.804284899699
